1, 17, 20
0, 2, 17, 20, 40, 444, 483
1, 3, 17, 40, 483, 484
2, 4, 5, 27, 31, 37, 40, 48, 56, 433, 484
3
3, 6, 24, 27, 29, 34, 36, 56, 384, 433
5, 16, 24, 29, 56, 384, 407
16, 18, 330, 367, 392, 523
22
10, 21, 28, 356, 376, 428, 439
9, 11, 12, 26, 28, 46, 439, 530
10, 12, 26, 33
10, 11, 26, 33, 362, 439, 468, 480, 502, 530, 577, 670, 730, 748, 749, 831, 953
23, 362
15, 502
14, 19, 35, 44, 344, 472, 502, 506, 585
6, 7, 18, 25, 29, 42, 62, 73, 325, 367, 392, 407, 425, 501
0, 1, 2, 20, 30, 40
7, 16, 25, 330, 367, 392
15, 23, 35, 44, 362, 502
0, 1, 17, 30, 38, 40, 444, 460, 483, 640
9, 28
8, 25, 32, 41, 330, 356, 376, 479
13, 19, 33, 44, 45, 362, 468, 502, 503
5, 6, 29, 34, 55, 384, 407
16, 18, 22, 41, 43, 325, 330, 392, 408
10, 11, 12, 33, 39, 46, 439, 480, 530
3, 5, 31, 36, 56
9, 10, 21, 32, 46, 47, 354, 356, 376, 428, 439
5, 6, 16, 24, 42, 49, 55, 73, 384, 407
17, 20, 38, 40, 52, 54, 460
3, 27, 36, 37, 50, 51, 56
22, 28, 41, 53, 354, 356, 376, 479
11, 12, 23, 26, 39, 45, 46, 60, 87, 362, 468, 480
5, 24, 36, 55, 56, 59, 384
15, 19, 44, 57, 63, 344, 472
5, 27, 31, 34, 55, 56, 59
3, 31, 40, 48, 50, 51, 56, 331, 433, 484, 509, 557, 624
20, 30, 54, 70, 389, 460, 515, 539
26, 33, 46
1, 2, 3, 17, 20, 30, 37, 48, 52, 54, 56, 331, 388, 460, 483, 484, 509, 539, 557, 640, 641, 753
22, 25, 32, 43, 53, 65, 66, 325, 330, 354, 376, 408, 416, 479, 527
16, 29, 49, 62, 68, 73, 325, 425
25, 41, 65, 325, 408
15, 19, 23, 35, 45, 57, 61, 344, 472, 502, 503
23, 33, 44, 57, 60, 61, 74, 87, 455, 468, 472, 503
10, 26, 28, 33, 39, 47, 64, 69, 80, 87, 88, 102, 103, 352, 354, 410, 428, 439, 473, 480, 481, 530, 533, 577, 608, 665, 681
28, 46, 354, 428, 481
3, 37, 40, 50, 52, 72, 75, 331, 388
29, 42, 55, 62, 68, 73
31, 37, 48, 51, 56, 58, 72, 79, 83, 331
31, 37, 50, 56, 58
30, 40, 48, 54, 70, 72, 75, 388
32, 41, 66, 69, 82, 354, 376
30, 38, 40, 52, 70, 72, 388, 389, 460, 515, 539, 597, 645
24, 29, 34, 36, 49, 56, 59, 67, 73, 77, 85, 339, 357, 384, 407, 425, 494, 633
3, 5, 6, 27, 31, 34, 36, 37, 40, 50, 51, 55, 58, 59, 71, 83, 331, 339, 384, 390, 433, 440, 484, 494, 509, 557, 624, 631, 633, 641, 650, 667, 708, 718, 729, 731, 753, 777, 795, 799, 805, 809, 868, 881, 903, 926, 970, 992
35, 44, 45, 61, 63, 74, 81, 344, 455, 457, 469, 472, 503, 587, 609, 656
50, 51, 56, 71, 79, 83
34, 36, 55, 56, 67, 71, 84, 85, 339, 494
33, 45, 74, 80, 87, 455
44, 45, 57, 74, 81, 92
16, 42, 49, 65, 68, 73, 78, 325, 377, 425, 445
35, 57, 81, 111, 344, 457, 469, 472
46
41, 43, 62, 66, 78, 82, 325, 377, 408, 416, 425, 586
41, 53, 65, 82, 354, 393, 408, 416
55, 59, 73, 77, 85
42, 49, 62, 73, 78, 86
46, 53, 88, 89, 354, 416, 473, 481, 527
38, 52, 54, 72, 75, 93, 388, 389
56, 58, 59, 79, 83, 84, 94, 96, 106, 339, 440
48, 50, 52, 54, 70, 75, 83, 90, 93, 95, 104, 331, 334, 340, 388, 389, 403, 440, 515, 597, 602
16, 29, 42, 49, 55, 62, 67, 68, 77, 78, 85, 86, 326, 357, 378, 407, 425, 445, 613
45, 57, 60, 61, 81, 87, 92, 100, 345, 455, 457, 461, 469, 518, 558, 587, 609
48, 52, 70, 72, 95, 388
93, 98
55, 67, 73, 85, 86, 357
62, 65, 68, 73, 82, 86, 91, 326, 377, 445
50, 58, 71, 83, 90, 96
46, 60, 87, 410
57, 61, 63, 74, 92, 99, 111, 457, 461, 469
53, 65, 66, 78, 89, 91, 101, 107, 113, 116, 137, 326, 354, 377, 393, 398, 404, 411, 416, 512, 540, 594
50, 56, 58, 71, 72, 79, 90, 96, 331, 440
59, 71, 85, 97, 106, 109, 339, 357, 358, 378
55, 59, 67, 73, 77, 84, 86, 97, 326, 339, 357, 378
68, 73, 77, 78, 85, 91, 97, 107, 326, 378
33, 45, 46, 60, 74, 80, 100, 102, 345, 409, 410, 455, 468, 480, 533, 593, 629, 637, 674, 686, 750
46, 69, 89, 103, 352, 473
69, 82, 88, 101, 103, 352, 354, 393, 416, 429, 473, 496
72, 79, 83, 96, 104, 105, 110, 340, 440
78, 82, 86, 107, 326, 377
61, 74, 81, 99, 100, 111, 115, 119, 124, 345, 461, 518
70, 72, 76, 95, 98, 104, 112, 334, 389, 403
71, 96, 106, 108, 339, 390, 440
72, 75, 93, 104, 334, 340
71, 79, 83, 90, 94, 104, 105, 108, 110, 114, 340, 390, 440, 489
84, 85, 86, 106, 107, 108, 109, 126, 129, 326, 358, 378, 391, 399
76, 93, 112
81, 92, 111, 457, 461
74, 87, 92, 102, 115, 117, 124, 125, 345, 409, 520
82, 89, 113, 118, 120, 127, 352, 393, 404, 416, 429, 496
46, 87, 100, 103, 117, 121, 130, 134, 138, 142, 345, 368, 379, 409, 410
46, 88, 89, 102, 120, 121, 142, 352, 368, 410, 429
72, 90, 93, 95, 96, 105, 110, 112, 123, 135, 136, 334, 340, 346, 403, 421, 426
90, 96, 104, 110, 114
71, 84, 94, 97, 108, 109, 339, 357, 358, 378, 390, 399, 440, 559
82, 86, 91, 97, 116, 126, 128, 132, 326, 398, 411
94, 96, 97, 106, 109, 114, 129, 159, 335, 350, 390, 399
84, 97, 106, 108, 358, 399
90, 96, 104, 105, 114, 123, 340
63, 81, 92, 99, 119, 122, 161, 457, 461, 490, 519, 621, 657
93, 98, 104, 131, 135, 403, 421, 426, 441, 516, 524, 578
82, 101, 116, 118, 127, 137, 140, 141, 373, 404
96, 105, 108, 110, 123, 143, 159, 335, 340, 346, 350, 390, 399, 489, 549
92, 100, 119, 124
82, 107, 113, 132, 137, 140, 411
100, 102, 125, 134, 379, 409
101, 113, 120, 127, 373, 404
92, 111, 115, 122, 124, 139, 150, 161, 442, 461, 490, 518, 519
101, 103, 118, 127, 133, 142, 352, 373, 404, 429
102, 103, 130, 142, 368, 410
111, 119
104, 110, 114, 136, 143, 340, 346
92, 100, 115, 119, 125, 139, 345, 409, 434, 442, 518, 519, 520, 551, 759
100, 117, 124, 134, 139, 148, 156, 379, 409, 434, 520
97, 107, 128, 129, 132, 144, 145, 326, 391, 411, 446, 526
101, 113, 118, 120, 133, 141, 373, 404
107, 126, 132, 145
97, 108, 126, 144, 155, 159, 350, 391, 399, 452, 513
102, 121, 138, 142, 147, 368
112, 135, 153, 347, 516, 524
107, 116, 126, 128, 137, 145, 149, 411, 435, 446
120, 127, 141, 142, 158, 364, 373
102, 117, 125, 138, 147, 148, 152, 156, 160, 165, 175, 379
104, 112, 131, 136, 151, 340, 346, 347, 421, 524
104, 123, 135, 143, 151, 340, 346
82, 113, 116, 132, 140, 141, 149, 404, 411, 435, 528
102, 130, 134, 147, 152, 156, 368, 379, 497
119, 124, 125, 148, 150, 165, 380, 434, 442
113, 116, 137, 141, 149, 168, 435
113, 127, 133, 137, 140, 158, 167, 168, 327, 364, 373, 394, 404, 435, 447, 528, 552
102, 103, 120, 121, 130, 133, 146, 147, 154, 158, 162, 352, 364, 368, 373, 429, 535
114, 123, 136, 151, 157, 159, 174, 176, 181, 335, 346, 405, 470
126, 129, 145, 155, 391, 513, 526, 546
126, 128, 132, 144, 149, 155, 171, 183, 417, 446, 471, 526, 546
142, 147, 152, 154, 162, 364, 368, 449, 497, 535, 596
130, 134, 138, 142, 146, 152, 162, 368
125, 134, 139, 156, 165, 380, 434
132, 137, 140, 145, 168, 171, 173, 435, 446, 450, 458, 471
119, 139, 161, 163, 164, 165, 169, 380, 442
135, 136, 143, 153, 166, 176, 346, 347, 470
134, 138, 146, 147, 156, 160, 162, 177, 182, 185, 368, 449, 497
131, 151, 166, 347
142, 146, 162, 364
129, 144, 145, 159, 172, 180, 183, 189, 198, 350, 365, 417, 452, 513, 546, 554, 568, 573
125, 134, 138, 148, 152, 160, 165, 175, 182, 379, 434, 497, 591, 596, 603, 610, 630, 661, 699
143, 159, 172, 174, 188, 335, 346, 365, 405, 544
133, 141, 142, 162, 167, 178, 327, 364
108, 114, 129, 143, 155, 157, 172, 188, 335, 346, 350, 365, 452, 544, 549, 554, 565, 623, 652, 687, 698, 756, 789
134, 152, 156, 175, 177, 182
111, 119, 150, 164, 169, 170, 179, 380, 385, 442, 485, 490, 591, 595, 632
142, 146, 147, 152, 154, 158, 177, 178, 185, 186, 191, 364, 395, 449
150, 165, 169, 380
150, 161, 169, 170, 179
134, 139, 148, 150, 156, 163, 169, 175, 380, 434, 485
151, 153, 176, 184, 187, 346, 347, 470, 482, 495, 562, 572, 574, 614
141, 158, 168, 173, 178, 190, 193, 327, 394
140, 141, 149, 167, 173, 394, 435, 447, 458
150, 161, 163, 164, 165, 170, 175, 179, 374, 380, 385, 485
161, 164, 169, 175, 179, 206, 385, 424, 485, 632
145, 149, 173, 183, 198, 417, 450, 471, 474
155, 157, 159, 180, 188, 365
149, 167, 168, 171, 190, 198, 202, 212, 213, 216, 394, 412, 435, 447, 450, 458, 471, 474
143, 157, 176, 181, 188, 192, 341, 405
134, 156, 160, 165, 169, 170, 177, 179, 182, 194, 201, 205, 206, 208, 359, 374, 380, 385, 434, 476, 485, 491, 504, 531, 571, 610, 630, 699
143, 151, 166, 174, 181, 184, 192, 196, 405, 470, 482, 574
152, 160, 162, 175, 182, 185, 194, 195, 201, 359
158, 162, 167, 186, 193, 327, 364, 394, 395
161, 164, 169, 170, 175, 385
155, 172, 188, 189, 365
143, 174, 176, 184, 192, 196, 405
152, 156, 160, 175, 177, 185, 359, 449, 491, 497, 536, 596, 630, 662, 683
145, 155, 171, 198, 417
166, 176, 181, 187, 196, 207, 210, 211, 396, 405, 482, 493, 495
152, 162, 177, 182, 186, 191, 193, 195, 199, 200, 359, 369, 395, 449, 517, 536
162, 178, 185, 191, 193, 199, 200, 395
166, 184, 207
157, 159, 172, 174, 180, 189, 192, 203, 209, 218, 341, 365, 405, 406, 418, 475, 544, 545, 550, 565, 623, 652
155, 180, 188, 198, 203, 365, 475
167, 173, 193, 200, 202, 215, 217, 394, 447, 517
162, 185, 186, 193, 395
174, 176, 181, 188, 196, 197, 209, 211, 341, 405
167, 178, 185, 186, 190, 191, 200, 394, 395, 517
175, 177, 201, 208
177, 185, 199, 201, 359, 369
176, 181, 184, 192, 209, 210, 211, 405
192
155, 171, 173, 183, 189, 203, 214, 216, 365, 417, 474, 475, 561, 651
185, 186, 195, 200, 201, 204, 219, 359, 369
185, 186, 190, 193, 199, 215, 219, 369, 447, 517
175, 177, 194, 195, 199, 204, 208, 219, 226, 229, 231, 359, 369, 422, 491, 504
173, 190, 213, 217, 412, 447
188, 189, 198, 214, 218, 222, 227, 365, 418, 419, 475
199, 201
175, 206, 208, 225, 226, 338, 374, 476, 507, 531
170, 175, 205, 225, 228, 243, 338, 374, 385, 424, 476, 486, 507, 563
184, 187, 210, 221, 230, 396, 464, 495
175, 194, 201, 205, 226, 229, 338, 353, 466, 476, 504, 531
188, 192, 196, 210, 211, 218, 221, 223, 236, 370, 371, 405, 406, 436, 493, 511, 545, 550
184, 196, 207, 209, 211, 221, 396
184, 192, 196, 209, 210, 221, 396, 405, 482, 493, 511
173, 213, 216, 220
173, 202, 212, 216, 217, 220, 224, 381, 412, 447, 462, 592
198, 203, 216, 227, 419, 475
190, 200, 217, 219, 232, 328, 355, 413, 447, 487, 567
173, 198, 212, 213, 214, 220, 224, 227, 242, 246, 247, 381, 419, 427, 447, 474, 475, 525, 534, 561, 592, 605, 648, 651, 666, 703, 710, 781
190, 202, 213, 215, 224, 232, 342, 355, 412, 413, 447, 462, 592, 615
188, 203, 209, 223, 227, 406, 418
199, 200, 201, 215, 231, 238, 244, 248, 250, 328, 353, 366, 369, 386, 413, 422, 447, 487, 517, 536, 617
212, 213, 216
207, 209, 210, 211, 230, 233, 236, 371, 396, 464, 493, 511, 547, 555
203
209, 218, 227, 236, 239, 240, 251, 332, 406, 418, 436, 465, 566
213, 216, 217, 232, 241, 246, 249, 342, 381, 420, 462
205, 206, 226, 228, 235, 237, 243, 338
201, 205, 208, 225, 229, 234, 235, 245, 338, 430, 466
203, 214, 216, 218, 223, 239, 247, 251, 418, 419, 427, 525
206, 225, 237, 243, 424, 486
201, 208, 226, 231, 234, 353, 422, 466, 504
207, 221, 233, 273, 371, 464, 547, 555
201, 219, 229, 234, 238, 252, 353, 422
215, 217, 224, 241, 248, 253, 328, 342, 413
221, 230, 236, 273, 371
226, 229, 231, 245, 252, 353, 382, 466
225, 226, 243, 245, 254, 338, 430
209, 221, 223, 233, 240, 257, 264, 271, 273, 332, 370, 371, 387, 400, 436, 448, 465, 548
225, 228, 243, 256, 486, 521
219, 231, 250, 252, 255, 353
223, 227, 240, 251, 257, 260, 263, 332, 375
223, 236, 239, 257, 332
224, 232, 249, 253, 261, 269, 342, 355, 381, 420
216, 246, 247
206, 225, 228, 235, 237, 254, 256, 338, 430, 486, 508, 521, 537, 580, 618
219, 248, 250, 262, 328, 366, 386
226, 234, 235, 252, 254, 265, 382, 430, 466
216, 224, 242, 247, 249, 251, 258, 355, 360, 381, 427, 498, 532, 534
216, 227, 242, 246, 251, 258, 259, 427
219, 232, 244, 253, 261, 262, 284, 328, 336, 342, 355, 386, 413
224, 241, 246, 251, 258, 266, 269, 278, 283, 355, 360, 381, 488, 498
219, 238, 244, 255, 262, 268, 272, 336, 353, 366, 386, 487
223, 227, 239, 246, 247, 249, 258, 259, 260, 263, 278, 282, 332, 360, 372, 375, 400, 414, 418, 419, 427, 465, 498, 525, 532, 538, 575, 598, 605, 648, 669, 678, 685, 704
231, 234, 238, 245, 255, 265, 270, 275, 276, 353, 382, 499
232, 241, 248, 261, 342, 355
235, 243, 245, 256, 265, 274, 276, 279, 286, 382, 430, 466, 477, 508, 537, 541, 584
238, 250, 252, 268, 270, 275, 353
237, 243, 254, 274, 286, 477, 508, 521, 580, 582
236, 239, 240, 260, 264, 271, 285, 288, 332, 375, 400
246, 247, 249, 251, 259, 278, 289, 292, 360, 372, 414
247, 251, 258, 263, 282, 289, 372, 538
239, 251, 257, 263, 282, 288, 291, 332, 375
241, 248, 253, 269, 284, 355
244, 248, 250, 272, 290, 336, 386
239, 251, 259, 260, 282
236, 257, 267, 271, 273, 285, 287, 296, 361, 387, 448
245, 252, 254, 274, 276, 279, 281, 382
249
264, 273, 277, 287, 361, 387
250, 255, 272, 275, 280, 293, 336, 353, 383, 437
241, 249, 261, 283, 284, 297, 355
252, 255, 275, 276, 353
236, 257, 264, 285, 288, 361, 400, 448, 522
250, 262, 268, 280, 336
230, 233, 236, 264, 267, 277, 295, 333, 361, 371, 387, 400, 448, 542, 548, 555, 664, 732, 741, 796, 875, 912, 951
254, 256, 265, 276, 279, 286, 298, 299
252, 255, 268, 270, 276, 293, 353, 383
252, 254, 265, 270, 274, 275, 279, 281, 286, 293, 298, 299, 307, 337, 353, 382, 383, 415, 431, 438, 499, 510, 541, 569, 581, 584, 616, 620, 635, 643, 679
267, 273, 287, 295, 387
249, 251, 258, 283, 292, 360, 372, 414, 488, 498, 570, 619
254, 265, 274, 276, 281, 298, 299
268, 272, 290, 293, 302, 307, 309, 320, 336, 351, 383, 397, 401, 423, 437, 443, 451, 505
265, 276, 279, 299, 307, 314, 319, 348, 415
251, 259, 260, 263, 288, 289, 291, 304, 315, 372, 375, 514, 538, 560
249, 269, 278, 292, 297, 355, 456, 488
248, 261, 269, 297, 302, 306, 336, 355, 401, 451
257, 264, 271, 288, 296, 305, 308, 315, 333, 361, 522, 542
254, 256, 274, 276, 294, 298, 337, 477, 529, 584
264, 267, 277, 295, 296, 333, 361, 387
257, 260, 271, 282, 285, 291, 300, 305, 315, 361, 375, 400, 522, 560
258, 259, 282, 291, 292, 304, 312, 315, 372, 467, 514
262, 280, 302, 336, 451
260, 282, 288, 289, 300, 304, 315
258, 278, 283, 289, 297, 312, 318, 355, 372, 453, 456, 467, 488, 492, 514, 556, 570, 599, 600, 654, 691
268, 275, 276, 280, 307, 383, 397, 431, 437
286, 298, 313, 337, 463, 529
273, 277, 287, 301, 333, 361, 387, 664
264, 285, 287, 308, 333, 361
269, 283, 284, 292, 306, 309, 310, 318, 355, 401, 456, 492
274, 276, 279, 286, 294, 299, 311, 313, 337, 438
274, 276, 279, 281, 298, 311, 314, 337, 348, 415, 438, 510
288, 291, 304, 305, 312, 315
295, 303, 324, 333
280, 284, 290, 306, 336, 351, 401, 451
301, 333
282, 289, 291, 300, 305, 312, 315, 402, 467
285, 288, 300, 304, 308, 312, 315, 316
284, 297, 302, 309, 351, 401
276, 280, 281, 293, 319, 320, 397, 415, 431, 443
285, 296, 305, 315, 316, 317, 333, 343, 349, 432, 454, 542, 543
280, 297, 306, 310, 318, 351, 401, 423, 492, 500
297, 309, 318
298, 299, 313, 314, 323, 337, 348
289, 292, 300, 304, 305, 315, 316, 402, 454, 467, 478
294, 298, 311, 323, 337, 459, 463
281, 299, 311, 319, 348
282, 285, 288, 289, 291, 300, 304, 305, 308, 312, 316, 402, 454, 467, 514, 522, 538, 542, 543, 560, 600, 671, 675, 689, 706, 751, 752, 930, 964
305, 308, 312, 315, 343, 349, 402, 454
308, 333, 349, 432
292, 297, 309, 310, 321, 401, 453, 456, 492, 500, 649, 691
281, 307, 314, 322, 348, 415, 443
280, 307, 397, 443
318, 453
319
311, 313, 337, 348, 459
301, 329
16, 25, 41, 42, 43, 62, 65, 330, 392, 408, 425
73, 78, 82, 85, 86, 91, 97, 107, 126, 357, 358, 377, 378, 391, 398, 399, 411, 445, 512, 526, 559, 607, 613, 647, 668, 673, 719, 742
141, 158, 167, 178, 364, 394
215, 219, 232, 244, 248, 413
324
7, 18, 22, 25, 41, 325, 356, 392, 408, 425, 479, 523, 627
37, 40, 48, 50, 56, 72, 83, 388, 440, 509, 641
223, 236, 239, 240, 251, 257, 260, 375, 400, 465
273, 285, 287, 295, 296, 301, 303, 308, 317, 361, 432, 542, 543, 611, 664, 696, 717
72, 93, 95, 104, 340, 403, 426, 440, 578, 602
108, 114, 143, 157, 159, 346, 350, 549
248, 250, 262, 268, 272, 280, 284, 290, 302, 353, 355, 383, 386, 437, 451, 564, 589
276, 286, 294, 298, 299, 311, 313, 323, 348, 438, 459, 463, 510, 529, 583, 584, 620, 643, 711
205, 206, 208, 225, 226, 235, 243, 353, 430, 466, 476, 486, 507, 531, 537, 581, 618, 622, 693
55, 56, 59, 71, 84, 85, 94, 106, 357, 390, 440, 494, 559, 606, 631
72, 90, 95, 96, 104, 110, 114, 123, 135, 136, 334, 346, 421, 426, 440, 489, 524, 578, 614, 660, 694, 738, 793, 804
174, 188, 192, 405
217, 224, 232, 241, 248, 253, 355, 413, 420, 462, 615
308, 316, 349, 432, 454, 543
15, 35, 44, 57, 63, 469, 472, 506, 585, 680
74, 87, 92, 100, 102, 124, 409, 455, 518, 520, 558, 593, 646
104, 114, 123, 135, 136, 143, 151, 157, 159, 166, 335, 340, 347, 405, 470, 489, 516, 524, 544, 549, 574, 614, 660, 720
131, 135, 151, 153, 166, 346, 516, 524, 572, 574, 614
281, 299, 311, 314, 319, 323, 337, 415, 443, 459, 510, 583
308, 316, 317, 343, 432
108, 114, 129, 155, 159, 335, 399, 452, 549
280, 302, 306, 309, 401, 423, 451
46, 88, 89, 101, 103, 120, 142, 368, 410, 429, 473, 496, 625, 634
208, 219, 229, 231, 234, 238, 250, 252, 255, 268, 270, 275, 276, 336, 338, 382, 383, 386, 422, 437, 447, 466, 487, 499, 504, 531, 564, 569, 571, 581, 617, 638, 688, 693, 700, 705, 737, 775, 776, 785, 812, 865
28, 32, 41, 46, 47, 53, 66, 69, 82, 89, 376, 393, 416, 428, 481, 527
215, 217, 241, 246, 248, 249, 253, 261, 269, 283, 284, 292, 297, 336, 342, 381, 386, 401, 413, 420, 447, 451, 456, 462, 488, 492, 498, 534, 564, 567, 588, 589, 592, 599, 615, 619, 636, 649, 705, 736, 746, 747, 764, 765, 770, 786, 797, 815, 830, 833, 834, 844, 846, 852, 857, 862, 937, 975, 990
9, 22, 28, 32, 330, 376, 439, 479, 612, 627
55, 73, 77, 84, 85, 106, 326, 339, 358, 378, 425, 494, 559, 613
84, 97, 106, 109, 326, 357, 378, 391, 399, 559
175, 177, 182, 185, 195, 199, 201, 369, 491, 536
246, 249, 251, 258, 278, 414
264, 267, 271, 273, 285, 287, 288, 295, 296, 333, 387, 448, 522, 542
12, 13, 19, 23, 33, 468, 502, 503, 670
453
133, 141, 142, 146, 154, 158, 162, 178, 327, 373, 394, 395, 429, 447, 449, 535, 552, 604
155, 157, 159, 172, 180, 188, 189, 198, 203, 417, 452, 475, 554, 561, 565, 573, 648, 687
219, 244, 250, 386, 487
7, 16, 18, 392, 501
102, 103, 121, 130, 138, 142, 146, 147, 152, 352, 379, 409, 410, 429, 497, 535, 596, 625, 637, 661, 723
185, 195, 199, 200, 201, 219, 359, 422, 491, 517, 536, 571
209, 236, 371, 436, 511, 548
209, 221, 230, 233, 236, 273, 370, 511, 547, 548, 555
251, 258, 259, 278, 282, 289, 292, 414, 514, 532, 538, 570, 598, 619
113, 118, 120, 127, 133, 141, 142, 364, 404, 429, 528, 552
169, 175, 205, 206, 385, 476, 485
239, 251, 257, 260, 282, 288, 332, 400, 522, 538, 560, 575
9, 22, 28, 32, 41, 53, 354, 356, 428, 439, 479, 481, 527, 601, 612, 628
62, 65, 78, 82, 91, 326, 416, 425, 445, 512, 540, 586, 594, 668, 673
73, 84, 85, 86, 97, 106, 326, 357, 358
102, 117, 125, 134, 138, 156, 368, 409, 434, 497, 520, 603, 637, 661
139, 148, 150, 161, 163, 165, 169, 175, 434, 442, 485, 551, 591, 610, 709
213, 216, 224, 241, 246, 249, 355, 420, 462, 534, 592
234, 245, 252, 254, 265, 276, 353, 430, 466, 499, 541, 581
268, 275, 276, 280, 293, 336, 353, 431, 437, 564, 569
5, 6, 24, 29, 34, 55, 56, 407, 425, 433, 633, 644, 655, 718, 726
161, 169, 170, 175, 179, 206, 374, 424, 476, 485, 563, 632, 684
219, 244, 248, 250, 262, 336, 353, 355, 366, 413, 487, 564, 588, 589
236, 264, 267, 273, 277, 287, 295, 361, 448
40, 48, 52, 54, 70, 72, 75, 331, 440, 539, 597, 640, 641, 645
38, 54, 70, 72, 93, 403, 515, 597
56, 94, 96, 106, 108, 114, 339, 399, 440, 489, 559, 606, 631, 650, 697
97, 126, 129, 144, 326, 358, 399, 513, 526, 647
7, 16, 18, 25, 325, 330, 367, 407, 408, 425, 501, 523
66, 82, 89, 101, 354, 404, 416, 540
141, 167, 168, 173, 178, 190, 193, 327, 364, 395, 447, 517, 604, 642
162, 178, 185, 186, 191, 193, 364, 394, 449, 517, 536, 604, 642, 662
184, 207, 210, 211, 221, 464, 493, 495, 547
280, 293, 307, 320, 431, 437, 443, 451, 505, 639, 672, 725
82, 107, 326, 411, 512, 607
97, 106, 108, 109, 114, 129, 326, 350, 358, 390, 391, 452, 489, 513, 549, 559, 647, 697, 739
236, 251, 257, 271, 273, 288, 332, 375, 448, 465, 522, 542, 548, 575, 663, 732, 741, 769
280, 284, 297, 302, 306, 309, 318, 351, 355, 423, 451, 492, 500
304, 312, 315, 316, 454, 467
72, 93, 104, 112, 334, 389, 426, 441, 578, 597, 602
82, 101, 113, 118, 120, 127, 137, 141, 373, 393, 411, 416, 429, 496, 528, 594, 634, 659, 701, 727, 743, 788
143, 157, 174, 176, 181, 184, 188, 192, 196, 209, 211, 341, 346, 470, 482, 493, 544, 545, 550, 574, 652, 653, 720
188, 209, 218, 223, 418, 436, 550, 566
6, 16, 24, 29, 55, 73, 384, 392, 425, 501, 644, 655
25, 41, 43, 65, 66, 325, 330, 392, 416, 425, 479, 527, 586
87, 100, 102, 117, 124, 125, 345, 368, 379, 410, 455, 520, 593, 625, 637, 674
46, 80, 87, 102, 103, 121, 352, 368, 409, 473, 533, 625, 634, 658, 665, 674, 773, 800
82, 107, 116, 126, 132, 137, 326, 398, 404, 435, 446, 512, 526, 528, 594, 607, 692, 701, 734, 788, 870, 896
173, 202, 213, 217, 447
215, 217, 219, 232, 248, 328, 342, 355, 386, 447, 487, 567, 588
251, 258, 278, 360, 372, 498, 532, 619
276, 281, 299, 307, 319, 348, 431, 443, 510, 616
41, 65, 66, 69, 82, 89, 101, 354, 377, 393, 404, 408, 429, 473, 479, 481, 496, 527, 540, 586, 594, 658, 659, 714, 727, 767, 778, 810, 836
145, 155, 171, 183, 198, 365, 471, 474, 546, 561, 573
188, 203, 218, 223, 227, 251, 406, 419, 465, 475, 550, 565, 566, 623, 648, 678, 685, 740
203, 214, 216, 227, 251, 418, 475, 525, 605, 648, 669, 678
224, 241, 342, 355, 381, 462
104, 112, 135, 340, 426, 524, 578
201, 219, 229, 231, 353, 369, 491, 504, 536, 571, 617, 638
280, 309, 351, 401, 451, 492, 500, 505, 553, 576, 676
170, 206, 228, 385, 486, 563
16, 42, 55, 62, 65, 73, 325, 330, 357, 377, 384, 392, 407, 408, 445, 479, 494, 501, 523, 527, 559, 577, 586, 594, 601, 612, 613, 627, 628, 633, 644, 655, 667, 668, 673, 707, 713, 714, 718, 722, 726, 742, 754, 767, 782, 821, 822, 825, 826, 835, 853, 869, 880, 883, 887, 918, 926, 927, 958, 965, 966, 969, 1001, 1044, 1069, 1087, 1108, 1109, 1112, 1140, 1176, 1183, 1221, 1289, 1310, 1324, 1458
104, 112, 334, 340, 403, 421, 441, 578
216, 227, 246, 247, 251, 498, 525, 532, 534, 605, 669, 690, 710
9, 28, 46, 47, 354, 376, 439, 481, 577, 601, 628
89, 101, 103, 120, 142, 352, 364, 368, 373, 404, 416, 447, 496, 528, 535, 552, 604, 625, 634, 701, 702, 727, 735, 743, 758, 763, 774, 788, 891, 960, 973, 1099
226, 235, 243, 245, 254, 338, 382, 466, 537, 541, 581
276, 293, 307, 383, 397, 415, 437, 443, 569, 616, 639, 725
308, 317, 333, 343, 349, 543, 611
3, 5, 37, 56, 384, 484, 624
124, 125, 139, 148, 156, 165, 175, 379, 380, 442, 520, 551, 603, 610
132, 137, 140, 141, 149, 168, 173, 411, 446, 447, 450, 458, 526, 528, 579, 692, 701, 702
209, 223, 236, 370, 406, 465, 511, 548, 550, 566, 663, 791
268, 280, 293, 336, 353, 383, 397, 431, 451, 564, 569, 589, 616, 639, 705, 725
276, 298, 299, 337, 510
9, 10, 12, 26, 28, 46, 356, 376, 428, 480, 530, 577, 601, 612, 831, 835, 848, 880
56, 71, 72, 83, 90, 94, 96, 106, 331, 334, 339, 340, 388, 390, 489, 578, 597, 602, 641, 645, 650, 731, 738, 793, 799, 832, 903, 1045
112, 403, 426, 578
119, 124, 139, 150, 161, 380, 434, 490, 519, 551, 591
280, 307, 319, 320, 348, 397, 415, 431, 505, 510, 583, 616, 635, 643, 672, 711, 725, 733, 828, 847, 867, 929, 943, 996, 1111, 1127, 1159, 1167, 1168
1, 20, 460, 483, 640
62, 73, 78, 326, 377, 425, 613, 673
126, 132, 145, 149, 411, 435, 450, 471, 526, 579, 692, 794
141, 168, 173, 190, 200, 202, 213, 215, 216, 217, 219, 353, 355, 364, 394, 412, 413, 429, 435, 450, 458, 462, 471, 474, 487, 517, 528, 536, 552, 567, 579, 588, 592, 604, 615, 617, 638, 642, 662, 666, 683, 692, 700, 702, 703, 736, 737, 746, 760, 768, 774, 775, 776, 781, 784, 785, 790, 794, 797, 807, 808, 811, 814, 815, 823, 833, 841, 843, 844, 851, 855, 862, 865, 874, 877, 885, 892, 899, 910, 911, 915, 916, 922, 923, 928, 932, 933, 950, 962, 974, 981, 984, 986, 988, 989, 1000, 1022, 1028, 1029, 1037, 1063, 1065, 1074, 1089, 1164, 1382, 1424
236, 264, 271, 273, 361, 387, 400, 522, 542
146, 152, 162, 182, 185, 364, 395, 497, 535, 536, 596, 604, 662
149, 171, 173, 435, 446, 447, 458, 471, 474, 579
280, 284, 290, 302, 336, 351, 355, 397, 401, 423, 437, 492, 505, 553, 576, 589, 636, 639
129, 155, 159, 350, 365, 399, 513, 549, 554, 568, 698, 739, 755
292, 318, 321, 363, 456, 556, 570, 599, 654, 691, 761, 766, 802
308, 312, 315, 316, 343, 402, 467, 543, 675, 689, 752, 771, 930, 964, 1050
45, 57, 60, 74, 87, 345, 409, 468, 503, 558, 587, 593, 629, 646, 686
283, 292, 297, 318, 355, 453, 492, 599, 649, 691, 747, 765, 766
57, 63, 74, 81, 99, 111, 461, 469, 609, 621
149, 168, 173, 435, 447, 450, 579, 692
313, 323, 337, 348, 463, 583, 620, 712
20, 30, 38, 40, 54, 444, 515, 539, 640
74, 81, 92, 99, 111, 119, 457, 518, 519, 587, 609, 621
213, 217, 224, 342, 355, 381, 420, 447, 592, 615
294, 313, 337, 459, 529, 620, 712
207, 221, 230, 396, 495, 547, 555
223, 236, 251, 332, 400, 418, 436, 548, 566, 575, 663, 685
208, 226, 229, 234, 245, 254, 338, 353, 382, 430, 537, 581, 693
289, 292, 304, 312, 315, 402, 454, 514, 556, 600, 675
12, 23, 33, 45, 87, 362, 455, 480, 503, 533, 670, 681, 686, 749, 818, 900
57, 63, 74, 81, 344, 457, 472, 609, 656, 680
143, 151, 166, 176, 346, 405, 482, 574, 614
145, 149, 171, 173, 417, 446, 447, 450, 474, 526, 546, 561, 573, 579, 687, 703, 768, 779, 794, 808, 840
15, 35, 44, 45, 57, 63, 344, 469, 502, 503, 585, 587, 656, 680
46, 69, 88, 89, 352, 410, 416, 481, 496, 533, 634, 658, 659, 665
171, 173, 198, 216, 417, 447, 450, 471, 561, 666, 703
188, 189, 198, 203, 214, 216, 365, 418, 419, 561, 565, 648, 651
175, 205, 206, 208, 338, 374, 385, 485, 507, 531, 563, 571, 622, 632, 688, 724
254, 256, 286, 508, 529, 541, 582, 584, 728
312
22, 32, 41, 330, 356, 376, 408, 416, 425, 527, 586, 612, 627, 707, 714, 782, 826
12, 26, 33, 46, 87, 439, 468, 530, 533, 577, 608, 681, 748, 749, 817, 831, 848, 968
46, 47, 69, 354, 376, 416, 428, 473, 527, 577, 608, 628, 658, 665, 767
166, 176, 184, 211, 405, 470, 493, 495, 562, 574
1, 2, 20, 40, 444, 484, 557, 626, 640
2, 3, 37, 40, 56, 433, 483, 557, 624, 626
161, 165, 169, 170, 175, 374, 380, 385, 476, 571, 591, 610, 632, 688, 699, 709, 724, 780
206, 228, 237, 243, 338, 424, 507, 521, 563, 580, 618, 622, 695
215, 219, 250, 353, 366, 386, 413, 447, 564, 567, 588, 617, 700
249, 278, 283, 292, 355, 498, 570, 599, 619, 770
96, 114, 340, 346, 390, 399, 440, 549, 650, 660, 697, 731, 738, 762, 804
111, 119, 161, 442, 519, 551, 591, 632, 657, 759
175, 182, 201, 359, 369, 422, 504, 536, 571, 630, 683
292, 297, 309, 318, 355, 401, 423, 451, 456, 500, 576, 636, 649
184, 209, 211, 221, 396, 405, 482, 495, 511, 547, 550, 562, 574, 677, 716, 792, 842
55, 56, 59, 339, 357, 425, 559, 606, 631, 633, 667, 708, 713, 722, 729, 757
166, 184, 207, 396, 464, 482, 493, 547, 562, 572, 677
89, 101, 352, 404, 416, 429, 473, 634, 658, 659
138, 146, 152, 156, 182, 368, 379, 449, 596, 661
246, 249, 251, 278, 355, 414, 427, 488, 532, 534, 619, 690, 736, 829
252, 276, 353, 382, 569, 581
309, 318, 401, 423, 492, 576, 649, 676
16, 367, 392, 407, 425, 523, 644, 655
12, 14, 15, 19, 23, 44, 362, 472, 503, 506, 585, 670, 730, 838
23, 44, 45, 57, 362, 455, 468, 472, 502, 585, 587, 656, 670, 686, 818, 838, 900
175, 201, 208, 229, 353, 422, 491, 531, 571, 638
280, 397, 423, 443, 451, 553, 576, 636, 639, 672, 676
15, 344, 502, 585, 730, 803, 838, 863
205, 206, 338, 476, 486, 563, 622
243, 254, 256, 477, 521, 537, 541, 580, 581, 582, 584, 728
37, 40, 56, 331, 557
276, 299, 337, 348, 415, 438, 443, 583, 616, 635, 643, 711
209, 211, 221, 370, 371, 436, 493, 547, 548, 550, 663, 716, 745, 791
82, 326, 377, 398, 411, 594, 607, 668, 734
129, 144, 155, 391, 399, 452, 526, 546, 554, 568, 647, 739, 755, 783, 884
282, 289, 292, 315, 372, 467, 538, 570, 598, 600, 671
38, 54, 72, 389, 460, 539, 597, 640, 806
112, 131, 346, 347, 524, 572, 578, 614, 715, 920, 935, 1009
185, 190, 193, 200, 219, 369, 394, 395, 447, 536, 617, 642, 662, 760, 784
74, 92, 119, 124, 345, 461, 519, 520, 551, 558, 587, 609, 621, 646, 682, 759
111, 119, 124, 442, 461, 490, 518, 551, 621, 657, 682, 759
100, 124, 125, 345, 379, 409, 434, 518, 551, 593, 603, 637, 646, 682, 744, 759
237, 243, 256, 486, 508, 580, 582
271, 285, 288, 315, 361, 375, 400, 448, 538, 542, 560, 575, 663, 704, 706, 741, 751, 769, 866, 872, 972, 1019
7, 330, 392, 425, 501
112, 131, 135, 340, 346, 347, 421, 516, 578, 614, 694, 715
216, 227, 251, 419, 427, 605
126, 144, 145, 326, 391, 411, 435, 446, 471, 513, 546, 559, 607, 647, 692, 701, 719, 734, 772, 779, 783, 794, 808, 827, 840, 870, 884, 889, 908, 956
41, 69, 354, 376, 408, 416, 425, 479, 481, 612, 628, 658, 707, 714, 767
137, 141, 373, 404, 411, 429, 435, 447, 552, 701, 702, 727, 774, 788
286, 294, 337, 463, 477, 582, 584, 620, 712, 728, 820, 934
10, 12, 26, 46, 439, 480, 577, 608
175, 205, 208, 338, 353, 476, 504, 571, 618, 622, 688, 693, 724, 812, 865
246, 251, 372, 414, 427, 498, 598, 619, 669, 690
46, 87, 410, 468, 473, 480, 665, 674, 681, 686, 750, 800
216, 246, 355, 381, 427, 498, 592, 690, 710, 736, 781, 829
142, 146, 364, 368, 429, 449, 596, 604, 625, 662, 723, 735, 763, 891
182, 185, 219, 359, 369, 395, 422, 447, 449, 491, 517, 571, 617, 630, 638, 662, 683, 784
243, 254, 338, 430, 466, 508, 541, 580, 581, 618
251, 259, 282, 315, 372, 375, 514, 522, 560, 575, 598, 669, 671, 704, 798
38, 40, 54, 388, 460, 515, 597, 640, 645
82, 377, 393, 416, 594
254, 276, 382, 430, 477, 508, 537, 581, 584, 635, 679, 728
273, 285, 308, 315, 333, 361, 400, 448, 522, 543, 664, 706, 717, 741, 751, 839, 972
308, 315, 333, 343, 432, 454, 542, 611, 689, 717, 751, 816, 839, 930, 1017, 1090
157, 159, 188, 346, 405, 549, 652, 698, 720, 789
188, 209, 405, 550
144, 145, 155, 417, 471, 513, 526, 554, 568, 573, 687, 755, 779, 783
221, 230, 371, 396, 464, 493, 495, 511, 548, 555, 562, 677, 716, 745, 792, 796
236, 273, 370, 371, 400, 436, 465, 511, 547, 555, 575, 663, 732, 741, 745, 769, 791, 792, 796
114, 159, 335, 346, 350, 399, 452, 489, 544, 614, 660, 697, 698, 720, 739, 762, 804, 901, 945, 946
188, 209, 405, 406, 418, 436, 493, 511, 545, 566, 574, 623, 652, 653, 716, 740, 745, 791, 824, 842, 859, 949, 987
124, 380, 434, 442, 490, 518, 519, 520, 591, 603, 610, 682, 759
141, 364, 373, 429, 447, 528, 604, 774
423, 451, 505, 576, 636
155, 159, 365, 452, 513, 546, 568, 573, 687, 698, 755
221, 230, 273, 371, 464, 547, 548, 732, 792, 796
292, 453, 467, 600, 654, 675, 771
37, 40, 56, 483, 484, 509, 624, 626, 640, 753
74, 345, 455, 518, 587, 593, 646
106, 326, 339, 357, 358, 390, 399, 425, 494, 526, 606, 613, 631, 647, 650, 697, 719, 722, 729, 795, 822, 827, 888, 894, 919
282, 288, 315, 375, 522, 538, 671, 704, 706, 752, 798, 872, 902
198, 216, 365, 417, 471, 474, 475, 573, 648, 651, 687, 703, 768, 860
166, 482, 493, 495, 547, 572, 574, 677
206, 385, 424, 476, 486, 507, 622, 632, 684, 695, 724
336, 353, 355, 383, 386, 437, 487, 588, 589, 700, 705, 764
159, 188, 365, 418, 475, 623, 648, 687, 756
223, 406, 418, 436, 465, 550, 623, 663, 685, 740, 791
215, 355, 413, 447, 487, 588
155, 452, 513, 546, 554, 573
276, 353, 383, 431, 437, 499, 581, 616, 635, 705, 737, 776, 801, 845, 871
278, 292, 372, 453, 488, 514, 598, 599, 600, 619, 654, 671, 747, 802, 878, 917
175, 353, 369, 422, 476, 485, 491, 504, 531, 536, 630, 638, 683, 688, 699, 775, 790, 812
166, 347, 495, 516, 562, 574, 614, 677, 715, 914, 1009
155, 365, 417, 471, 546, 554, 561, 568, 687
166, 176, 346, 347, 405, 470, 482, 493, 550, 562, 572, 614, 652, 653, 677, 716, 720, 842, 914, 946, 1009, 1033, 1088, 1287
251, 375, 400, 465, 522, 538, 548, 663, 685, 704, 866
423, 451, 492, 500, 505, 553, 636, 649, 676
12, 46, 425, 428, 439, 480, 481, 530, 601, 608, 612, 628, 767, 848, 880, 958, 1069
112, 334, 340, 403, 421, 426, 440, 441, 516, 524, 597, 602, 694, 715, 793, 920, 935, 955
435, 446, 447, 450, 458, 471, 692, 794
243, 256, 486, 508, 521, 537, 581, 582, 618, 622, 695, 728, 820, 856, 996
276, 338, 353, 382, 430, 466, 499, 508, 537, 541, 569, 580, 618, 635, 679, 693, 728, 737, 801, 856, 865, 936, 996
256, 477, 508, 521, 529, 580, 728, 820
337, 348, 443, 459, 510, 620, 711, 733, 787
254, 276, 286, 337, 477, 508, 529, 541, 620, 643, 679, 711, 728, 934
15, 344, 472, 502, 503, 506, 656, 680, 759, 803, 838, 849, 863, 900, 907, 997, 1086, 1190, 1211
65, 377, 408, 416, 425, 479, 594, 714
57, 74, 455, 461, 472, 503, 518, 558, 609, 646, 656, 686, 759
355, 386, 413, 447, 487, 564, 567, 589, 700, 764, 815
336, 355, 386, 437, 451, 564, 588, 636, 639, 705, 846, 852
-1
156, 161, 380, 442, 485, 490, 551, 603, 610, 632, 661, 699, 709, 724, 759, 780, 909, 961, 977, 999, 1005, 1013, 1206, 1246
213, 216, 217, 355, 381, 447, 462, 534, 736, 781, 950
87, 345, 409, 455, 520, 558, 629, 637, 646, 674, 686, 750
82, 377, 404, 411, 416, 425, 512, 540, 586, 668, 714, 727, 734, 788, 810, 836, 876, 887, 896
161
146, 156, 182, 368, 449, 497, 535, 630, 661, 662, 723, 967
54, 72, 388, 389, 403, 440, 515, 539, 578, 602, 640, 641, 645, 793, 806, 832, 873, 954, 955, 1045
251, 372, 514, 532, 538, 570, 619, 669, 671, 798, 878
292, 355, 453, 456, 488, 570, 619, 654, 747, 761, 766, 770, 802
292, 315, 467, 514, 556, 570, 654, 671, 675, 752, 771, 917
376, 425, 428, 439, 577, 612, 628, 835, 848, 880
72, 334, 403, 440, 578, 597, 793, 832
156, 379, 434, 520, 551, 591, 610, 637, 661, 759, 890
364, 394, 395, 429, 447, 449, 535, 552, 642, 662, 735, 774, 807
216, 251, 419, 427, 525, 648, 669, 710
339, 390, 494, 559, 631
326, 398, 411, 512, 526, 668, 719, 734, 772
46, 480, 481, 530, 577, 658, 665, 681, 767, 817, 848, 882
57, 74, 457, 461, 469, 518, 587, 621, 656, 680, 682, 759, 849, 978, 1073
156, 175, 380, 434, 485, 551, 591, 603, 699, 709
333, 432, 543, 696, 717, 816, 1017
356, 376, 425, 439, 479, 527, 577, 601, 628, 707, 782, 821, 835
73, 326, 357, 425, 445, 559, 673, 719, 722, 742, 754, 822
166, 340, 346, 347, 470, 516, 524, 549, 572, 574, 660, 694, 715, 720, 914, 920, 939, 945, 946, 1047
217, 342, 355, 447, 462
276, 415, 431, 437, 443, 510, 569, 635, 639, 705, 725, 801, 828, 871, 929
219, 353, 422, 447, 487, 517, 536, 638, 700, 776, 814
243, 338, 486, 531, 537, 580, 581, 622, 693, 856, 865
278, 355, 372, 414, 488, 498, 532, 570, 598, 599, 669, 690, 710, 736, 747, 770, 802, 829, 830, 844, 857, 878, 917, 924, 1015, 1076, 1103, 1173, 1194
276, 337, 459, 463, 529, 583, 584, 643, 711, 712, 733, 787, 820, 934, 1016, 1104, 1167
111, 457, 461, 518, 519, 609, 657, 682, 759
338, 476, 486, 507, 531, 563, 580, 618, 695, 724, 856, 865
159, 188, 418, 550, 565, 566, 648, 652, 740, 756, 813, 824
37, 56, 433, 484, 557, 626, 640, 721, 753, 805, 809, 858, 868, 938
352, 368, 409, 410, 429, 535, 634, 637, 674, 723, 758, 763, 773, 819, 944
483, 484, 557, 624, 640
330, 356, 425, 479, 782, 826
376, 425, 428, 481, 527, 577, 601, 612, 707, 767, 958
87, 455, 593, 686
156, 175, 182, 491, 536, 571, 596, 661, 662, 683, 699, 790, 1003
56, 339, 390, 494, 559, 606, 650, 708, 729, 795
161, 170, 385, 476, 485, 490, 563, 591, 684, 724, 759, 780, 1013
55, 56, 384, 425, 494, 655, 667, 713, 718, 726
352, 404, 410, 429, 473, 496, 625, 658, 659, 743, 758, 773, 864
276, 443, 510, 541, 569, 581, 616, 643, 679, 801, 828
355, 451, 492, 505, 553, 576, 589, 639, 649, 672, 676, 837, 852, 1011
87, 368, 379, 409, 520, 593, 603, 625, 646, 661, 674, 723, 744, 750, 759, 819, 890
353, 422, 447, 504, 536, 571, 617, 683, 775, 785
397, 431, 437, 451, 505, 589, 616, 636, 672, 676, 705, 725, 846, 852, 867, 871, 925, 942, 1007
20, 40, 388, 444, 460, 483, 515, 539, 557, 597, 624, 626, 641, 645, 753, 806, 858, 873, 938, 959, 991, 1042, 1051, 1139
40, 56, 331, 388, 440, 597, 640, 645, 753, 799
394, 395, 447, 517, 604, 662
276, 337, 443, 510, 584, 620, 635, 679, 711, 828, 934, 996, 1035, 1167, 1168
384, 407, 425, 501, 655, 718, 726
54, 388, 440, 539, 597, 640, 641, 753, 799, 858, 873, 903, 959, 1045
345, 455, 518, 520, 558, 587, 593, 637, 682, 686, 744, 750, 759
326, 391, 399, 513, 526, 559, 697, 739, 783, 827, 884, 888, 889, 894, 908
216, 251, 365, 418, 419, 475, 561, 565, 605, 623, 651, 669, 678, 685, 687, 710, 740, 756, 781, 791, 813, 824, 860, 893, 895, 898, 921, 922, 982, 1061, 1066, 1101, 1172, 1207
318, 355, 456, 492, 500, 576, 636, 676, 691, 747, 765, 834, 837, 852, 879, 905, 975, 1008, 1011, 1012
56, 390, 440, 489, 559, 631, 697, 731, 762, 795
198, 216, 475, 561, 648, 687, 703, 768, 781, 860, 893, 921
159, 188, 405, 544, 550, 574, 623, 653, 720, 756, 789, 824, 842, 859, 949, 985
405, 550, 574, 652
292, 453, 556, 570, 599, 600, 761, 771, 802, 917
384, 407, 425, 501, 633, 644, 726
57, 469, 472, 503, 585, 587, 609, 680, 686, 759, 849, 900, 907
111, 490, 519, 621, 759
410, 416, 473, 481, 496, 527, 608, 634, 659, 665, 767, 773, 778, 800, 864, 882, 998, 1021
404, 416, 473, 496, 634, 658, 727, 743, 773, 778, 810, 864, 960, 998, 1021, 1080, 1170, 1204
340, 346, 489, 549, 614, 694, 804, 920, 939, 945, 1047
156, 368, 379, 497, 591, 596, 603, 630, 637, 662, 699, 723, 759, 890, 909, 967, 1003, 1032, 1059, 1062, 1100, 1134
182, 395, 447, 449, 517, 535, 536, 596, 604, 630, 642, 661, 683, 723, 735, 743, 760, 774, 784, 790, 807, 811, 823, 841, 843, 874, 877, 891, 892, 915, 967, 973, 974, 984, 986, 1003, 1022, 1059, 1063, 1093, 1094, 1100, 1191, 1192, 1197, 1198, 1212, 1216, 1217, 1230, 1240, 1245, 1292, 1318, 1336, 1352, 1363, 1396, 1401, 1408, 1409, 1420, 1438, 1472, 1479, 1487, 1577, 1581, 1613
400, 436, 465, 511, 522, 548, 566, 575, 685, 769, 791, 866, 1096
273, 295, 333, 542, 717, 741, 839, 875, 941, 951, 972, 1068, 1075, 1132
46, 410, 473, 481, 533, 608, 658, 681, 800, 882
216, 447, 474, 703
56, 425, 494, 633, 708, 713, 718, 726, 729, 754, 777, 825, 850, 886, 926, 965, 1018
326, 377, 425, 512, 594, 607, 673, 719, 734, 742, 822, 876, 883, 887, 927, 1079
251, 419, 427, 532, 538, 598, 605, 619, 648, 685, 690, 704, 710, 798, 878, 898, 924, 982, 1066, 1103, 1133, 1165, 1194
12, 362, 468, 502, 503, 730, 749, 818, 838, 900, 906, 953, 1036, 1041
315, 514, 538, 560, 570, 598, 600, 752, 771, 798, 878, 902, 917, 1133, 1156, 1175, 1288
397, 443, 505, 636, 639, 676, 725, 837, 847, 867, 942, 1023, 1242
326, 377, 425, 445, 613, 668, 742
87, 409, 410, 533, 593, 625, 637, 750, 773, 800, 819
315, 454, 467, 556, 600, 752, 771
423, 500, 505, 576, 636, 639, 649, 672, 837, 852, 942, 1023
493, 495, 547, 562, 572, 574, 716, 791, 792, 796, 842, 987, 1033, 1054, 1088, 1135, 1143, 1163, 1179, 1225, 1241, 1259, 1272, 1287, 1329, 1353, 1377, 1423, 1473, 1511, 1512, 1538, 1542, 1548, 1582, 1615, 1636
251, 418, 419, 648
276, 541, 581, 584, 635, 643, 728, 737, 801, 828, 934, 996, 1035
344, 469, 472, 585, 609, 656, 849
46, 468, 480, 533, 608, 665, 686, 749, 800, 817, 818, 882, 968, 1057
518, 519, 520, 551, 609, 621, 646, 744, 759
182, 447, 491, 536, 571, 630, 638, 662, 775, 784, 790
385, 563, 632, 695, 724, 865, 980, 1013, 1034, 1144
251, 418, 465, 566, 575, 648, 663, 669, 704, 740, 791, 866, 898, 1061
87, 455, 468, 503, 533, 587, 593, 629, 646, 656, 681, 750, 759, 800, 818, 900, 913
159, 365, 471, 546, 554, 561, 565, 573, 648, 651, 698, 755, 756, 768, 779, 783, 789, 813, 854, 860, 897, 904, 921, 931, 940, 979, 1048
353, 476, 485, 531, 571, 699, 709, 724, 780, 812, 865, 980, 1006, 1052
315, 454, 543, 751, 930
427, 498, 532, 534, 619, 669, 710, 829, 924
292, 318, 453, 456, 649, 747, 765, 766, 879, 905, 952, 975, 1012
411, 435, 446, 447, 458, 526, 579, 701, 702, 794, 808, 823, 870, 974, 976, 984
338, 353, 466, 531, 581, 618, 737, 785, 865, 936
340, 524, 578, 614, 660, 715, 793, 804, 920, 939
486, 563, 580, 622, 684, 724, 856, 865, 980, 1034, 1084
333, 611, 717, 816, 941, 1017, 1068, 1174, 1235, 1255, 1302, 1374
390, 399, 489, 549, 559, 647, 650, 739, 762, 795, 888, 901
159, 452, 544, 549, 554, 687, 720, 739, 755, 789, 854, 979
156, 175, 485, 571, 591, 610, 630, 661, 688, 709, 790, 812, 909, 977, 1003, 1004, 1005
353, 447, 487, 564, 588, 617, 705, 764, 776, 814, 815, 845, 899
404, 411, 429, 435, 526, 528, 692, 702, 774, 788, 823, 870, 973, 974, 976, 1031, 1099
429, 435, 447, 528, 692, 701, 774, 807, 823, 973
216, 447, 471, 474, 561, 651, 666, 768, 781, 808, 851, 860, 861
251, 522, 538, 560, 575, 669, 685, 798, 866, 872, 898
353, 355, 437, 564, 569, 589, 616, 639, 700, 764, 776, 845, 846, 871, 899, 925, 1007, 1056, 1166
315, 522, 542, 560, 751, 752, 872, 902, 964, 972, 1019, 1249
425, 479, 527, 612, 628
56, 494, 631, 667, 713, 729, 777, 886
380, 485, 591, 610, 688, 699, 724, 780, 812, 977, 1005, 1006
216, 427, 534, 605, 619, 648, 669, 690, 736, 781, 829, 922, 924, 950, 982
337, 443, 510, 583, 584, 620, 643, 733, 787, 934, 1016, 1020, 1072, 1097, 1127, 1167, 1168, 1182, 1220
459, 463, 529, 620, 787, 1016
425, 494, 633, 667, 708, 722, 729, 754, 757, 850
416, 425, 479, 527, 586, 594, 767, 778, 836, 887, 1001, 1021, 1109
516, 524, 572, 578, 614, 694, 914, 920, 1009
493, 511, 547, 550, 574, 677, 745, 792, 842, 987
333, 542, 543, 611, 664, 696, 816, 839, 941, 1068
56, 384, 425, 633, 644, 667, 726, 777, 825, 926
326, 526, 559, 607, 613, 668, 734, 742, 772, 822, 827, 876, 883, 927
346, 405, 544, 549, 574, 614, 652, 698, 739, 789, 842, 854, 946, 985
624, 809, 926
425, 494, 559, 613, 713, 729, 754, 757, 822
368, 535, 596, 625, 637, 661, 662, 758, 763, 819, 890, 891, 944, 967, 983, 1032, 1043, 1081
476, 485, 531, 563, 591, 622, 632, 684, 688, 695, 709, 780, 865, 961, 980, 1005, 1006, 1013, 1034, 1144
397, 431, 437, 443, 616, 639, 672, 733, 867, 871, 925, 929, 943
384, 425, 633, 644, 655, 667, 718
404, 416, 429, 528, 594, 659, 743, 788, 810, 960
477, 508, 529, 541, 580, 581, 582, 584, 679, 820, 934, 996
56, 494, 559, 631, 667, 708, 713, 722, 754, 757, 777, 795, 822, 850, 853, 881, 886, 888, 919, 970, 993, 1030, 1078, 1141, 1215
12, 502, 506, 670, 838, 906
56, 440, 489, 650, 738, 762, 795, 832, 903, 970
273, 400, 548, 555, 741, 769, 796
443, 583, 620, 711, 725, 787, 929, 943, 1020, 1072, 1097, 1127, 1168
411, 512, 526, 594, 607, 668, 719, 772, 827, 870, 876, 889, 896
429, 535, 604, 662, 763, 774, 891
355, 447, 498, 534, 592, 619, 710, 781, 829, 844, 924, 950
353, 447, 569, 581, 679, 693, 776, 785, 801, 845, 865, 871, 936, 981, 996, 1035, 1056, 1095, 1111, 1201, 1218
340, 440, 489, 731, 762, 793, 804, 832, 970, 1130
399, 452, 513, 549, 647, 697, 698, 720, 755, 804, 854, 884, 888, 894, 901, 908, 945, 946, 971, 979, 1027, 1048, 1098, 1114, 1120, 1147, 1158, 1171, 1177, 1200, 1224
418, 550, 566, 623, 648, 685, 791, 824, 949, 987, 1082, 1101, 1110, 1126, 1226
273, 400, 522, 542, 548, 664, 732, 769, 796, 866, 951, 972, 1019, 1096, 1132
326, 425, 613, 668, 673, 719, 822
404, 429, 634, 659, 662, 727, 758, 773, 774, 864, 891, 944, 960, 973, 998, 1080, 1093, 1191, 1197, 1204, 1257, 1286, 1461
520, 637, 646, 682, 750, 759, 890
511, 547, 548, 550, 716, 769, 791, 792, 987
355, 447, 797, 815, 862, 933, 988
355, 456, 570, 599, 619, 649, 691, 765, 766, 770, 802, 857, 879, 952, 975, 1015, 1076, 1103, 1128, 1173, 1294
12, 480, 749, 817, 831
12, 468, 480, 670, 681, 748, 817, 818, 831, 900, 953, 968, 1025, 1036, 1057, 1129
87, 533, 593, 637, 646, 674, 686, 744, 759, 800, 819, 890, 913, 1058, 1081, 1119, 1150
315, 522, 542, 543, 689, 706, 839, 930, 964, 972, 1090
315, 454, 560, 600, 671, 675, 706, 771, 902, 964, 1050, 1175
40, 56, 557, 624, 640, 641, 645, 799, 805, 858, 868
425, 613, 667, 713, 722, 729, 822, 850, 853, 869, 965, 1018
452, 513, 546, 554, 687, 698, 739, 779, 783, 884, 904, 979, 1027
159, 565, 623, 648, 652, 687, 789, 813, 824, 931, 940
494, 713, 722, 729
429, 625, 634, 723, 743, 763, 773, 891, 944
124, 490, 518, 519, 520, 551, 585, 587, 591, 603, 609, 621, 632, 637, 646, 656, 657, 661, 682, 686, 744, 750, 849, 890, 900, 907, 909, 913, 961, 999, 1062, 1070, 1073, 1086, 1091, 1119, 1121, 1129, 1131, 1134, 1150, 1195, 1196, 1205, 1206, 1211, 1246, 1258, 1262, 1268, 1270, 1278, 1311, 1313, 1327, 1335, 1348, 1360, 1379, 1380, 1381, 1396, 1434, 1459, 1486, 1496, 1598, 1600, 1608
447, 517, 662, 784
453, 599, 654, 766, 771, 802
489, 549, 650, 697, 731, 738, 795, 804, 901, 970
429, 535, 625, 723, 735, 758, 891
355, 564, 588, 700, 705, 786, 815, 846, 899, 916, 937, 947, 1138
355, 456, 649, 691, 747
453, 456, 599, 691, 747, 761, 771, 802, 952, 1117
416, 425, 481, 527, 577, 608, 628, 658, 714, 778, 800, 848, 882, 958, 966, 1021, 1026, 1069, 1109
447, 471, 561, 651, 687, 703, 779, 794, 808, 860, 861, 897, 921, 995
400, 522, 548, 663, 732, 741, 745, 791, 792, 796, 866, 1096
355, 488, 599, 619, 747, 857
454, 556, 600, 654, 671, 675, 752, 761, 766, 802, 917, 930, 952, 1050, 1076, 1117, 1128, 1156, 1175, 1276, 1277, 1332, 1359, 1368, 1398, 1445, 1456, 1474
526, 607, 719, 734, 827
410, 625, 634, 658, 659, 674, 743, 758, 800, 819, 864, 891, 944, 998
429, 447, 528, 552, 604, 662, 701, 702, 735, 743, 807, 891, 973, 1093
353, 447, 571, 638, 683, 785, 790, 812, 865, 885
353, 447, 569, 617, 700, 705, 737, 814, 845, 981, 1028, 1056, 1089, 1164, 1188, 1201, 1218
56, 667, 708, 718, 729, 825, 868, 881, 886, 926
416, 658, 659, 714, 767, 810, 836, 1021, 1109
471, 526, 546, 687, 755, 768, 783, 808, 840, 884, 897, 904, 1027
485, 591, 632, 688, 709, 724, 1005
216, 447, 534, 592, 648, 651, 703, 710, 736, 851, 860, 861, 922, 950
425, 479, 612, 627, 821, 826, 880
513, 526, 546, 647, 687, 755, 779, 884
447, 517, 536, 662, 683, 760
353, 447, 638, 693, 737, 775, 865, 981, 1095
355, 764, 815, 830, 833, 834, 862, 916, 937, 947, 963, 990, 1010
583, 620, 711, 712, 733, 1016, 1097
404, 411, 429, 528, 594, 701, 727, 810, 870, 876, 887, 896, 960, 974, 1031, 1079, 1099, 1152, 1153, 1315
159, 544, 652, 687, 698, 720, 756, 824, 854, 859, 931, 940, 949, 985, 1048, 1107
447, 571, 630, 662, 683, 699, 775, 812, 885, 1003, 1004, 1063
436, 511, 548, 550, 566, 648, 663, 677, 685, 740, 745, 769, 792, 866, 898, 987, 1061, 1082, 1096, 1101, 1110, 1126, 1154, 1179, 1189, 1226, 1241, 1249, 1259, 1274, 1307, 1329, 1340, 1373
493, 547, 548, 555, 677, 716, 745, 769, 791, 796, 987, 1054, 1096, 1259, 1329
340, 440, 578, 597, 602, 694, 738, 804, 832, 920, 935, 954, 955, 1009, 1130, 1185
446, 447, 471, 526, 579, 692, 768, 808
56, 559, 631, 650, 697, 729, 731, 762, 888, 901, 970
273, 547, 548, 555, 677, 732, 741, 769, 792, 912, 951, 1038, 1054, 1096
355, 447, 746, 833, 862
538, 560, 598, 669, 671, 704, 866, 872, 878, 898, 902, 1066, 1133, 1189, 1194
56, 440, 641, 645, 753, 858, 868, 881, 903, 959, 992
410, 533, 658, 665, 674, 681, 686, 750, 767, 773, 818, 819, 882, 913, 944, 968, 998, 1021, 1026, 1055, 1057, 1058, 1081, 1119, 1146, 1150, 1151, 1161, 1169, 1170, 1184, 1204, 1228, 1238, 1251, 1284, 1314, 1349
569, 581, 616, 635, 679, 737, 828, 871, 1035
453, 570, 599, 619, 654, 747, 761, 766, 771, 917, 952, 1076, 1128
506, 585, 863, 907
340, 489, 549, 660, 694, 738, 739, 762, 793, 901, 920, 945, 970, 1047, 1120, 1130, 1148, 1158, 1298, 1346, 1351
56, 624, 753, 809, 858, 868
515, 597, 640, 873, 954, 1042
447, 604, 662, 702, 774, 811, 823, 973
447, 471, 526, 692, 703, 768, 779, 794, 840, 851, 861, 870, 874, 897, 904, 910, 957, 974, 976, 995, 1002, 1027, 1046, 1060, 1094, 1115, 1123, 1162
56, 624, 721, 805, 858, 868, 926, 938, 959, 1139, 1267, 1369, 1412, 1418, 1540
416, 594, 659, 727, 778, 788, 836, 887, 960, 1021, 1080, 1152, 1170
447, 662, 807, 823, 841, 892
353, 531, 571, 688, 699, 709, 775, 790, 865, 885, 1004, 1005, 1006, 1052
623, 648, 687, 756, 824, 893, 895, 921, 931, 940, 1083, 1101, 1124
447, 617, 700, 776, 845, 899, 988, 1089, 1188
355, 447, 588, 700, 746, 764, 786, 862, 899, 916, 933, 947
543, 611, 696, 717, 839, 1017, 1068, 1090, 1255
480, 608, 681, 748, 749, 831, 848, 882, 968, 1057
468, 503, 670, 681, 686, 749, 800, 900, 913, 1055, 1057, 1129, 1195
625, 637, 674, 723, 750, 773, 800, 890, 944, 1081
529, 580, 582, 620, 728, 934, 996, 1104, 1203
425, 612, 782, 835, 880, 1069, 1183
425, 559, 613, 668, 719, 722, 729, 742, 754, 827, 850, 853, 883, 919, 927, 971, 993, 994, 1092, 1106, 1145, 1279
447, 662, 692, 701, 702, 807, 811, 892, 973, 974, 984
550, 623, 648, 652, 740, 756, 789, 813, 940, 949, 1048, 1082, 1101, 1124, 1226
425, 667, 718, 777, 926
425, 479, 627, 782, 918, 1140, 1221, 1289, 1324, 1388
526, 559, 647, 719, 734, 772, 822, 876, 883, 889, 894, 896, 908, 919, 927, 971, 994, 1079, 1092, 1153, 1223
443, 616, 635, 643, 679, 801, 871, 929, 996, 1035, 1111, 1159, 1168
498, 534, 619, 690, 710, 736, 924
355, 619, 786, 833, 834, 844, 857, 924, 1010, 1015, 1039, 1085, 1102
12, 439, 480, 748, 749, 817, 848, 880, 968, 1024, 1025, 1105
440, 597, 602, 731, 738, 793, 873, 903, 920, 954, 970, 992, 1045, 1130, 1185, 1237, 1252, 1297, 1375, 1460, 1476, 1500, 1580
355, 447, 786, 797, 830, 844, 862, 963, 989, 1010, 1029, 1049, 1065, 1085, 1102, 1227
355, 649, 786, 830, 852, 857, 975, 990, 1008, 1010, 1040, 1160
425, 439, 601, 612, 821, 880
416, 594, 714, 778, 810, 887, 1021
636, 649, 672, 676, 852, 905, 1011, 1023, 1077
502, 503, 506, 585, 670, 730, 863, 900, 906, 997, 1041, 1086
542, 543, 664, 717, 751, 816, 972, 1068, 1090, 1132, 1255
471, 526, 779, 808, 870, 884, 889, 956, 957, 1002, 1027, 1046
447, 662, 811, 843, 892
493, 550, 574, 652, 677, 716, 720, 859, 946, 949, 985, 987, 1033, 1143, 1163
447, 662, 841, 877, 892, 915
355, 447, 619, 736, 830, 833, 924, 950, 989, 1049, 1065, 1102
569, 700, 705, 737, 776, 814, 871, 899, 1056, 1188
355, 589, 639, 705, 764, 852, 899, 937, 942, 947, 990, 1007, 1067, 1166
443, 672, 867, 943
439, 480, 577, 601, 608, 767, 817, 831, 880, 882, 958, 968
585, 609, 656, 680, 759, 907, 1311
667, 713, 729, 754, 822, 853, 886, 965, 993, 1018, 1030, 1106, 1118, 1141, 1145, 1214, 1279, 1290, 1312, 1344, 1385
447, 703, 781, 808, 861, 910, 922, 923, 995, 1014
355, 589, 636, 639, 649, 676, 834, 837, 846, 937, 942, 990, 1008, 1011, 1023, 1040, 1067, 1077
425, 729, 754, 822, 850, 869, 927, 969, 993, 1018, 1030, 1044, 1092, 1106, 1145, 1176, 1214, 1310
687, 698, 720, 739, 789, 945, 946, 979, 985, 1048, 1171
447, 874, 892, 910, 923, 928, 1136
580, 581, 618, 622, 695, 865, 936, 980, 996, 1034, 1064, 1084, 1125, 1187
355, 619, 747, 770, 830, 834, 975, 1010, 1015, 1039, 1076, 1128, 1160
624, 640, 645, 753, 799, 805, 809, 868, 938, 959, 992, 1237, 1267, 1334, 1476
550, 652, 789, 842, 949, 985
561, 648, 651, 687, 703, 768, 781, 861, 893, 897, 921, 922, 995, 1014
703, 768, 781, 808, 851, 860, 910, 921, 922, 995, 1014
355, 447, 746, 786, 797, 815, 833, 911, 916, 933, 963, 1029
506, 585, 803, 838, 907, 997, 1086, 1190, 1211
634, 658, 659, 743, 773, 998
353, 447, 531, 581, 618, 622, 684, 688, 693, 695, 724, 737, 775, 785, 812, 856, 885, 936, 980, 981, 996, 1028, 1052, 1064, 1095, 1125, 1144, 1155
522, 575, 663, 685, 704, 741, 769, 791, 798, 872, 898, 1019, 1061, 1096, 1189, 1249, 1307, 1366, 1373
443, 639, 672, 725, 847, 925, 942, 943, 1007, 1210, 1242, 1356, 1397, 1468
56, 624, 753, 777, 799, 805, 809, 858, 881, 926, 992, 1267, 1285, 1326, 1369, 1412
425, 754, 853, 918, 926, 965, 969, 1018, 1118, 1236, 1296, 1303, 1347, 1369
411, 526, 692, 701, 734, 788, 808, 840, 889, 896, 957, 974, 976, 1031, 1046, 1094, 1153
569, 616, 639, 705, 725, 737, 801, 828, 845, 925, 929, 1007, 1035, 1056, 1111, 1159, 1166, 1341
522, 560, 704, 706, 798, 866, 902, 1019, 1133, 1189, 1249, 1288
597, 640, 645, 806, 832, 954, 959, 991, 1042, 1045, 1149, 1157, 1237, 1375, 1516
447, 662, 808, 855, 892, 910, 928, 974, 984, 1094, 1115, 1123, 1136, 1162, 1192, 1293
273, 664, 912, 941, 951, 1038, 1075
594, 668, 719, 734, 788, 827, 883, 887, 896, 927, 1079
447, 662, 843, 915, 986, 1000, 1074
570, 598, 619, 669, 671, 798, 902, 917, 1103, 1133, 1173, 1194
649, 691, 747, 975
425, 439, 577, 601, 782, 821, 831, 835, 848, 958, 968, 1024, 1069, 1113, 1183, 1199
56, 729, 777, 799, 868, 886, 903, 926, 959, 970, 992, 1141, 1215, 1285, 1326, 1369
608, 658, 665, 681, 767, 800, 817, 848, 958, 968, 1026, 1113, 1151, 1161
425, 668, 719, 822, 827, 876, 927
513, 526, 647, 739, 755, 779, 783, 840, 908, 956, 1027
447, 775, 790, 812, 865, 1003, 1004, 1022, 1028, 1052, 1063, 1155, 1217, 1232
667, 708, 729, 777, 850, 881, 926, 965, 1030, 1078, 1118, 1141, 1369
425, 594, 668, 714, 788, 810, 836, 876, 927, 1001, 1021, 1079, 1087, 1152, 1176, 1222, 1256
559, 647, 697, 729, 739, 795, 894, 901, 919, 970, 971, 1030, 1078, 1106, 1147
526, 647, 734, 827, 840, 870, 896, 908, 956, 1046, 1153
603, 637, 661, 723, 744, 750, 759, 819, 1032, 1081, 1119, 1134, 1196, 1327, 1335
429, 535, 662, 723, 735, 743, 758, 763, 773, 774, 944, 967, 983, 1093, 1142, 1197, 1240
447, 662, 811, 823, 841, 843, 855, 874, 915, 928, 1192, 1293, 1363
648, 651, 813, 860, 895, 921, 922
559, 647, 739, 827, 888, 908, 919, 971, 1098, 1147, 1153, 1177, 1239
648, 813, 893, 921, 922, 982, 1014, 1053, 1066, 1083, 1101, 1124, 1137, 1172, 1207, 1248, 1254, 1364, 1387, 1402, 1415
411, 594, 734, 788, 827, 870, 876, 889, 1079, 1153
687, 768, 779, 808, 860, 904, 921, 931, 995, 1060
648, 669, 685, 704, 791, 798, 866, 1061, 1066, 1172, 1189
447, 700, 705, 764, 814, 815, 845, 846, 916, 947, 988, 1037, 1056, 1089, 1138, 1166, 1181, 1188, 1233, 1260
468, 503, 585, 656, 670, 686, 749, 759, 818, 838, 913, 997, 1025, 1036, 1041, 1086, 1091, 1129, 1195, 1309
549, 697, 739, 762, 795, 804, 888, 970, 1120, 1147, 1158
560, 671, 706, 752, 798, 872, 878, 964, 1050, 1133, 1156, 1175, 1249, 1288
56, 440, 645, 731, 799, 832, 881, 959, 970, 992, 1045, 1252
687, 755, 779, 808, 897, 921, 931, 979, 1027, 1060, 1178, 1200
649, 691, 837, 1011, 1012
670, 730, 838, 953, 1036, 1041, 1086
585, 656, 759, 803, 849, 863, 1190, 1211, 1278, 1399
526, 647, 739, 827, 884, 889, 894, 956, 971, 1027, 1098, 1114, 1153
591, 661, 699, 759, 977, 999, 1003, 1004, 1059, 1062, 1100, 1217, 1230, 1258
447, 808, 851, 855, 861, 874, 922, 923, 932, 995, 1014, 1053, 1123, 1136, 1137, 1247
447, 862, 923, 932, 933, 962, 988, 989, 1029, 1037, 1065, 1180
273, 796, 875, 951, 1038
686, 750, 759, 800, 818, 900, 1055, 1058, 1129, 1150, 1195, 1313
572, 574, 614, 715, 920, 939, 946, 1009, 1033, 1047, 1088, 1122, 1148, 1186, 1193, 1287
447, 662, 843, 877, 892, 923, 928, 986, 1000, 1074, 1293, 1318, 1338, 1363, 1487, 1503, 1584, 1613, 1677
447, 764, 786, 815, 862, 899, 933, 947, 963, 1029, 1037, 1116, 1138
570, 600, 619, 654, 671, 771, 802, 878, 1076, 1133, 1156, 1173, 1332, 1445, 1466, 1493
425, 826, 869, 969, 1140, 1236, 1296
559, 729, 822, 827, 888, 894, 971, 993, 1030, 1106
516, 578, 614, 660, 694, 715, 793, 804, 832, 914, 935, 939, 945, 1009, 1047, 1130, 1185, 1186, 1229
648, 651, 687, 768, 813, 860, 861, 893, 895, 897, 904, 922, 931, 995, 1014, 1060, 1083, 1123, 1124, 1136, 1137, 1178, 1207, 1317, 1337, 1357, 1364, 1387, 1415, 1449, 1480
447, 648, 710, 781, 851, 860, 861, 893, 895, 910, 921, 923, 932, 950, 982, 1014, 1053
447, 851, 855, 910, 911, 915, 922, 928, 932, 962, 1000, 1065, 1136, 1137, 1180, 1208, 1247, 1293, 1338, 1504, 1520, 1583, 1584
619, 669, 690, 710, 736, 829, 830, 844, 950, 982, 1015, 1049, 1085, 1102, 1103, 1165
639, 705, 725, 867, 871, 929, 943, 1007, 1056, 1111, 1166, 1168, 1210, 1341, 1355, 1362, 1383, 1433
56, 425, 667, 718, 721, 777, 809, 825, 868, 869, 881, 886, 965, 1118, 1369, 1412
425, 668, 719, 822, 827, 853, 876, 883, 887, 994, 1079, 1087, 1092, 1176
447, 855, 874, 892, 915, 923, 1000, 1136, 1293
443, 616, 725, 733, 828, 871, 925, 943, 1020, 1072, 1111, 1168, 1210, 1295, 1341, 1362, 1428
315, 454, 543, 689, 751, 771, 964, 1017, 1050, 1090, 1243, 1261, 1266, 1493
687, 756, 789, 813, 897, 904, 921, 940, 979, 1048, 1124, 1178
447, 910, 911, 922, 923, 950, 1049, 1053, 1065, 1208, 1247, 1248
447, 746, 815, 862, 911, 916, 1029, 1037
529, 584, 620, 643, 679, 711, 728, 820, 996, 1016, 1035, 1104, 1167, 1203
516, 578, 793, 920, 955, 1009
581, 693, 737, 856, 865, 996, 1035, 1064, 1095, 1218, 1265, 1330
355, 764, 786, 846, 852, 947, 963, 990, 1040, 1067, 1116
624, 640, 809, 858, 959, 1051, 1139
614, 660, 694, 914, 920, 1047
687, 756, 789, 813, 824, 931, 1048, 1082, 1124
664, 696, 717, 875, 1038, 1068, 1075, 1132, 1174, 1209, 1302, 1533
639, 672, 676, 846, 852, 867, 1007, 1023, 1067, 1077, 1242, 1356
443, 725, 733, 847, 867, 925, 929, 1020, 1210, 1295, 1397
625, 723, 743, 758, 773, 800, 819, 891, 983, 998, 1043, 1081, 1093, 1257, 1286
549, 614, 660, 739, 804, 854, 920, 946, 1047, 1048, 1148, 1158, 1171, 1263, 1346
549, 574, 614, 720, 739, 842, 854, 914, 945, 985, 1033, 1047, 1148, 1163, 1171
764, 786, 815, 846, 899, 916, 937, 963, 990, 1067, 1116, 1138, 1166, 1181, 1219, 1234, 1260, 1331, 1384, 1404, 1432, 1485
-1
550, 652, 740, 789, 824, 842, 859, 985, 987, 1048, 1082, 1107, 1143, 1154
447, 592, 710, 736, 781, 844, 922, 924, 932, 982, 1049, 1053, 1065
273, 664, 741, 796, 875, 912, 1019, 1038, 1054, 1075, 1096, 1132, 1272, 1320, 1358
691, 747, 766, 771, 802, 975, 1012, 1117, 1128
12, 670, 749, 906, 1036
597, 793, 806, 832, 873, 955, 1045, 1157, 1185, 1375
578, 597, 793, 935, 954, 1009, 1157, 1185, 1305, 1375, 1470
526, 840, 884, 889, 908, 1002, 1027, 1046, 1114, 1153, 1213, 1391
808, 840, 870, 976, 1002, 1046
425, 577, 628, 767, 848, 880, 882, 968, 1026, 1069, 1113, 1161
640, 645, 799, 809, 858, 873, 881, 903, 938, 991, 992, 1042, 1045, 1051, 1139, 1237, 1267, 1325, 1334, 1418
429, 659, 727, 743, 788, 810, 973, 1080, 1094, 1099, 1152, 1191
591, 724, 759, 999, 1005, 1013, 1070, 1131, 1206, 1246, 1280, 1328
447, 911, 923, 988, 1000, 1037, 1074, 1180, 1338, 1339, 1504
786, 833, 862, 916, 937, 947, 990, 1010, 1029, 1037, 1116, 1219, 1227, 1234, 1432
315, 454, 706, 751, 752, 902, 930, 972, 1019, 1050, 1090, 1249, 1261, 1288, 1455, 1467, 1493
425, 667, 754, 850, 869, 886, 926, 1018, 1118, 1369
425, 767, 1026, 1069, 1108, 1109
596, 661, 662, 723, 891, 983, 1032, 1043, 1059, 1142, 1198, 1240
480, 681, 749, 800, 817, 831, 848, 880, 882, 958, 1024, 1025, 1057, 1069, 1105, 1113, 1129, 1161, 1184, 1199, 1283
425, 853, 869, 918, 1018, 1044, 1140, 1145, 1214, 1236, 1290, 1310, 1443
56, 729, 731, 738, 762, 795, 804, 832, 881, 888, 901, 903, 992, 1078, 1130, 1147, 1158, 1215, 1252, 1285, 1297, 1298, 1413
739, 822, 827, 888, 894, 908, 919, 993, 994, 1030, 1098, 1106, 1147, 1153, 1239
522, 542, 664, 706, 741, 751, 839, 964, 1019, 1068, 1090, 1132, 1249, 1255, 1410, 1455, 1467
429, 662, 701, 702, 743, 774, 807, 823, 960, 974, 984, 1094, 1099, 1191, 1212
447, 662, 692, 701, 788, 808, 823, 870, 874, 973, 976, 984, 1031, 1094, 1099, 1153, 1212
355, 649, 691, 747, 834, 857, 879, 952, 1008, 1012, 1128, 1160
692, 701, 808, 870, 957, 974, 1031, 1046, 1094, 1115
591, 699, 709, 909, 999, 1004, 1005, 1232, 1246, 1258
609
687, 698, 739, 755, 854, 904, 931, 1027, 1048, 1178, 1200
684, 688, 695, 724, 856, 865, 1005, 1006, 1034, 1052, 1084, 1125, 1144, 1246, 1264, 1280, 1378, 1416
447, 737, 776, 785, 865, 1028, 1095, 1201
648, 669, 710, 895, 922, 924, 950, 1049, 1053, 1066, 1165, 1248, 1254, 1273, 1488
723, 891, 944, 967, 1032, 1043, 1081, 1093, 1134, 1142, 1197, 1198, 1245, 1253, 1257, 1335, 1376
447, 662, 692, 823, 874, 973, 974, 1094
652, 720, 789, 842, 854, 859, 946, 949, 1048, 1107, 1143, 1163, 1171
447, 662, 877, 915, 1022, 1063, 1074, 1216, 1318, 1422, 1503
550, 677, 716, 740, 745, 791, 792, 842, 949, 1082, 1143, 1154, 1241, 1329
447, 746, 814, 899, 911, 962, 1022, 1037, 1074, 1089, 1164, 1181, 1339, 1382, 1403, 1424, 1491
447, 833, 844, 911, 1029, 1065, 1102, 1180, 1227
355, 786, 834, 846, 852, 937, 947, 963, 1010, 1040, 1067, 1116, 1234, 1331, 1404, 1432
640, 873, 959, 1042, 1051
56, 799, 832, 858, 868, 881, 903, 959, 970, 1045, 1237, 1252, 1267, 1285, 1326, 1412, 1476
729, 822, 850, 853, 919, 971, 1030, 1106
822, 827, 927, 971, 1092, 1106, 1153, 1223, 1239, 1244, 1279
768, 808, 851, 860, 861, 897, 910, 921, 1014, 1060, 1123, 1136, 1137
443, 580, 581, 643, 679, 728, 737, 820, 828, 856, 865, 934, 936, 1035, 1064, 1084, 1104, 1159, 1167, 1168, 1187, 1203, 1218, 1275, 1281, 1330, 1354, 1392, 1452, 1464, 1465, 1484
585, 838, 863, 900, 1041, 1086
658, 659, 743, 773, 800, 864, 944, 1021, 1081, 1150, 1151, 1191, 1204, 1228, 1257, 1269, 1286, 1314, 1349
591, 759, 909, 961, 977, 1062, 1121, 1131, 1230, 1246, 1258
447, 877, 915, 923, 928, 962, 1074, 1338
425, 714, 887, 1021, 1087, 1109, 1112, 1176
808, 840, 956, 957, 1027, 1046
630, 661, 662, 699, 790, 885, 909, 1004, 1063, 1100, 1217, 1230, 1232
699, 790, 812, 885, 909, 977, 1003, 1005, 1052, 1217, 1232, 1258
591, 699, 709, 724, 780, 812, 961, 977, 980, 1004, 1006, 1013, 1034, 1052, 1144, 1232, 1246, 1280
688, 709, 724, 812, 980, 1005, 1052
639, 705, 846, 867, 871, 925, 942, 1067, 1166, 1210, 1242, 1355, 1356, 1555
649, 834, 852, 975, 1011, 1012, 1040, 1160
516, 572, 574, 715, 793, 914, 920, 935, 955, 1088, 1122, 1185, 1186, 1229, 1287, 1300, 1305, 1453, 1531
786, 830, 833, 834, 857, 963, 990, 1029, 1039, 1040, 1085, 1160, 1227, 1234
636, 649, 837, 852, 905, 1008, 1012, 1023, 1040, 1077, 1242, 1250, 1308
649, 691, 905, 952, 975, 1008, 1011, 1040, 1117, 1128, 1160, 1250, 1276, 1277
591, 632, 684, 724, 961, 1005, 1034, 1144, 1206, 1280, 1328
851, 860, 861, 895, 910, 921, 922, 995, 1053, 1137
619, 747, 830, 857, 924, 1039, 1076, 1085, 1103, 1128, 1294, 1367
620, 711, 712, 787, 934, 1097, 1104, 1167, 1275, 1321, 1342
543, 611, 696, 816, 930, 1068, 1090, 1235, 1255, 1266, 1440
667, 754, 850, 853, 869, 965, 969, 1118, 1214, 1236, 1290, 1347
522, 706, 741, 866, 872, 951, 964, 972, 1096, 1132, 1249, 1366, 1410, 1455, 1539, 1551
711, 733, 929, 943, 1072, 1210, 1282, 1295
658, 659, 714, 767, 778, 800, 810, 836, 887, 998, 1001, 1026, 1087, 1109, 1152, 1169, 1170, 1176, 1204, 1238, 1256, 1284
447, 662, 885, 986, 988, 1028, 1063, 1074, 1155, 1164, 1216, 1217, 1301, 1306, 1422, 1491, 1513, 1532
672, 676, 837, 852, 942, 1011, 1077, 1242
831, 880, 968, 1105, 1183, 1199, 1322, 1389, 1393, 1441
749, 831, 900, 968, 1036, 1105, 1129, 1283, 1309, 1323, 1457, 1489, 1528
767, 800, 882, 958, 966, 1021, 1069, 1108, 1109, 1113, 1151, 1161, 1169, 1251, 1284
739, 755, 779, 808, 840, 884, 904, 908, 956, 979, 1002, 1046, 1060, 1114, 1200, 1213, 1224
447, 776, 865, 885, 981, 1022, 1052, 1064, 1095, 1155, 1164, 1201, 1202, 1301, 1306
447, 833, 862, 911, 916, 933, 963, 989, 1010, 1037, 1180, 1227
729, 850, 853, 886, 888, 919, 971, 993, 1078, 1106, 1141, 1312
701, 788, 870, 974, 976, 1099
661, 723, 890, 967, 983, 1043, 1059, 1062, 1081, 1134, 1198, 1245
574, 677, 842, 914, 946, 1047, 1088, 1122, 1148, 1163, 1193, 1225
684, 695, 724, 856, 980, 1005, 1013, 1084, 1125, 1144, 1280, 1328, 1378, 1464, 1549, 1602, 1725, 1759
643, 679, 737, 801, 828, 871, 934, 936, 996, 1064, 1111, 1159, 1218, 1265, 1281, 1330
670, 749, 900, 906, 953, 1025, 1041, 1086, 1091, 1129, 1304, 1309
447, 899, 911, 916, 933, 962, 963, 988, 1029, 1116, 1138, 1180, 1181, 1219, 1227, 1339, 1403, 1504, 1559
796, 875, 912, 941, 951, 1054, 1075, 1209, 1272, 1320, 1358, 1514
830, 857, 1010, 1015, 1085, 1128, 1160, 1234, 1367
834, 852, 937, 990, 1008, 1010, 1011, 1012, 1067, 1077, 1160, 1234, 1250, 1276, 1331, 1404, 1427
670, 838, 900, 906, 997, 1036, 1086, 1091, 1309
640, 806, 873, 959, 991, 1051, 1149, 1237, 1325, 1334
723, 944, 967, 983, 1032, 1081
425, 853, 969, 1087, 1092, 1112, 1176, 1291, 1310, 1458, 1544
440, 597, 645, 832, 873, 903, 954, 959, 992, 1237, 1252, 1375
808, 840, 870, 889, 956, 957, 976, 1002, 1027, 1060, 1094, 1115, 1123, 1153, 1213, 1391, 1420
614, 660, 804, 914, 920, 939, 945, 946, 1033, 1130, 1148, 1186
687, 739, 789, 824, 854, 931, 940, 945, 949, 979, 985, 1082, 1107, 1124, 1158, 1171, 1177, 1178, 1200, 1224, 1231, 1263, 1271, 1345, 1346, 1370, 1414, 1437, 1490, 1535, 1537
833, 844, 924, 932, 950, 982, 1053, 1065, 1085, 1102, 1103, 1165, 1208, 1247, 1248, 1273, 1319
454, 752, 771, 902, 930, 964, 1175, 1261, 1288, 1493
640, 938, 959, 991, 1042, 1139, 1149, 1325, 1564
688, 812, 865, 885, 980, 1004, 1005, 1006, 1028, 1064, 1125, 1155, 1217, 1232, 1246, 1264, 1306, 1416
895, 910, 922, 932, 950, 982, 1014, 1049, 1137, 1247, 1248, 1387
677, 792, 796, 951, 1038, 1096, 1259, 1272, 1320, 1423, 1551
800, 818, 913, 1057, 1058, 1129, 1146, 1150, 1184, 1195, 1228, 1313, 1400, 1406
705, 737, 776, 845, 871, 899, 925, 1111, 1166, 1188, 1201, 1218, 1233, 1260, 1341, 1383, 1424, 1425, 1444
681, 749, 800, 817, 818, 968, 1055, 1129, 1184
750, 800, 913, 1055, 1119, 1146, 1150
661, 662, 909, 967, 1032, 1062, 1100, 1198, 1230, 1245, 1336, 1352
808, 897, 904, 921, 995, 1027, 1046, 1123, 1178, 1200, 1213, 1317, 1357
648, 685, 791, 866, 898, 1101, 1110, 1172, 1189, 1226, 1274, 1365, 1372
661, 759, 909, 999, 1032, 1059, 1100, 1121, 1134, 1230, 1245
447, 662, 790, 885, 986, 1003, 1022, 1216, 1217
856, 865, 936, 996, 1028, 1035, 1052, 1095, 1125, 1187, 1201, 1202, 1218, 1265, 1306, 1330, 1416, 1463, 1482
447, 833, 844, 911, 923, 932, 950, 989, 1049, 1102, 1180, 1208, 1227
648, 669, 798, 895, 898, 982, 1103, 1165, 1172, 1189, 1194, 1207, 1248, 1254, 1274, 1451, 1497
846, 852, 937, 942, 947, 990, 1007, 1040, 1077, 1166, 1242, 1331, 1404, 1485
664, 696, 717, 816, 839, 941, 972, 1017, 1075, 1132, 1255, 1302, 1374, 1410
425, 577, 767, 821, 880, 958, 966, 968, 1026, 1108, 1113, 1183, 1199
759, 961, 1073, 1131, 1205, 1206, 1436, 1471
-1
711, 733, 929, 1020, 1097, 1127, 1168, 1182, 1210, 1220, 1282, 1295, 1428, 1465, 1499
609, 759, 1070, 1205, 1268, 1360, 1471
447, 877, 915, 962, 986, 988, 1000, 1022, 1338, 1339, 1403, 1422, 1491, 1503, 1504
664, 875, 941, 951, 1038, 1068, 1132, 1209, 1320, 1358, 1514
619, 747, 771, 802, 857, 917, 1015, 1128, 1173, 1294, 1359, 1367, 1445, 1466
837, 852, 942, 1011, 1023, 1040, 1067, 1242, 1250, 1308, 1331
729, 886, 888, 970, 1030, 1106, 1141, 1147, 1215, 1239, 1312, 1407, 1413, 1501
668, 788, 827, 876, 887, 896, 927, 1087, 1092, 1152, 1153, 1222, 1291, 1315
659, 743, 810, 960, 1152, 1170, 1191, 1204
723, 750, 800, 819, 890, 944, 983, 998, 1032, 1043, 1119, 1134, 1150, 1196, 1228, 1253, 1257, 1269, 1335
740, 791, 824, 940, 949, 987, 1048, 1101, 1107, 1124, 1126, 1154, 1226, 1271
813, 895, 921, 1101, 1124, 1207
695, 856, 980, 996, 1034, 1125, 1187, 1354, 1464, 1602
830, 833, 924, 1010, 1015, 1039, 1049, 1102, 1103, 1165, 1208, 1227, 1234, 1294, 1319, 1367, 1483, 1560, 1565, 1592, 1596
585, 759, 838, 863, 900, 906, 997, 1036, 1041, 1091, 1211, 1304, 1333
425, 887, 927, 1001, 1021, 1044, 1079, 1092, 1112, 1152, 1176, 1222, 1256, 1291
574, 677, 914, 1009, 1033, 1193, 1225, 1287, 1353
447, 776, 814, 899, 988, 1164, 1181, 1188, 1201, 1233, 1260, 1382, 1424
543, 751, 816, 839, 930, 964, 972, 1017, 1255, 1261, 1266, 1467, 1493
759, 900, 1036, 1041, 1086, 1129, 1211, 1304, 1309, 1348
822, 827, 853, 927, 994, 1044, 1079, 1087, 1106, 1145, 1153, 1176, 1222, 1223, 1279, 1291, 1310, 1394, 1429, 1522
662, 743, 774, 891, 944, 983, 1142, 1191, 1197, 1257
662, 808, 870, 874, 960, 973, 974, 976, 984, 1046, 1099, 1115, 1152, 1153, 1191, 1192, 1212, 1363, 1401, 1408, 1420, 1478
737, 785, 865, 936, 981, 1028, 1064, 1201, 1202, 1218, 1265
663, 741, 769, 791, 792, 796, 866, 951, 1019, 1054, 1132, 1259, 1307, 1320, 1366, 1423, 1551
711, 733, 787, 1016, 1072, 1127, 1167, 1182, 1220, 1275, 1282, 1321, 1342, 1405, 1506, 1566, 1587
739, 894, 908, 971, 1114, 1153, 1177, 1239, 1244, 1299, 1316
429, 701, 788, 960, 973, 974, 1031, 1094, 1152, 1153, 1212, 1315, 1401, 1478
661, 662, 909, 1003, 1059, 1062, 1217, 1230, 1352
648, 740, 791, 813, 824, 895, 1061, 1082, 1083, 1110, 1124, 1172, 1207, 1226, 1274, 1365, 1372
830, 833, 844, 924, 989, 1049, 1065, 1085, 1208, 1227
619, 669, 747, 878, 924, 1015, 1049, 1066, 1085, 1165, 1173, 1194, 1294
620, 820, 934, 996, 1016, 1167, 1203, 1275, 1392
831, 968, 1024, 1025, 1184, 1199, 1283, 1322, 1323, 1389, 1393, 1457, 1489
822, 850, 853, 888, 919, 971, 993, 994, 1030, 1078, 1092, 1147, 1223, 1239, 1244, 1279, 1312, 1394, 1407, 1429, 1523, 1557
789, 949, 985, 1048, 1082, 1143, 1154, 1171, 1263, 1271, 1361
425, 966, 1026, 1069, 1109, 1113, 1161, 1169, 1183, 1199, 1221, 1251, 1284, 1289, 1441, 1442
425, 714, 767, 778, 966, 1001, 1021, 1026, 1108, 1112, 1169, 1176, 1221, 1284
740, 791, 1061, 1101, 1126, 1179, 1226, 1274, 1365
443, 737, 828, 871, 925, 929, 1035, 1056, 1159, 1168, 1201, 1218, 1281, 1341, 1362, 1433
425, 1001, 1044, 1087, 1109, 1176, 1221, 1284, 1291, 1458, 1494
880, 882, 958, 968, 1026, 1069, 1108, 1161, 1199
739, 908, 956, 1027, 1098, 1153, 1177, 1200, 1213, 1224, 1299, 1316
808, 874, 976, 1046, 1094, 1123, 1162, 1192, 1213, 1371, 1391, 1420, 1462
916, 937, 947, 963, 990, 1037, 1138, 1219, 1432
766, 771, 952, 1012, 1128, 1276, 1277, 1398
850, 869, 886, 926, 965, 1018, 1141, 1214, 1236, 1303, 1344, 1347, 1369
750, 759, 800, 890, 1058, 1081, 1150, 1335
739, 804, 901, 1147, 1158
759, 999, 1062, 1134, 1196, 1230, 1245, 1258, 1381, 1396
914, 1009, 1033, 1148, 1186, 1193, 1225, 1287, 1300
808, 874, 910, 921, 995, 1046, 1060, 1115, 1136, 1162, 1192, 1213, 1317, 1357, 1371, 1520
813, 824, 895, 921, 931, 940, 1048, 1082, 1083, 1101, 1178, 1207, 1226, 1271, 1337, 1372, 1415
856, 865, 980, 1034, 1052, 1064, 1084, 1187, 1264, 1378, 1416, 1463, 1464, 1549
740, 791, 1082, 1110, 1154, 1179, 1226, 1241, 1365
443, 711, 733, 1072, 1097, 1167, 1168, 1281, 1282, 1405, 1465, 1657
747, 771, 802, 857, 952, 975, 1012, 1015, 1039, 1076, 1117, 1160, 1234, 1276, 1359, 1367, 1426, 1474
749, 759, 818, 900, 913, 968, 1025, 1036, 1055, 1057, 1091, 1184, 1195, 1283, 1309, 1348, 1400, 1457
738, 793, 804, 832, 920, 970, 1047, 1148, 1185, 1186, 1229, 1297, 1298, 1351, 1375, 1386, 1460
759, 961, 999, 1070, 1205, 1206, 1246, 1280, 1436, 1486, 1496, 1502, 1576
664, 741, 839, 941, 951, 972, 1019, 1068, 1075, 1096, 1209, 1302, 1320, 1358, 1366, 1410, 1514, 1533, 1551
669, 671, 798, 872, 878, 902, 917, 1156, 1173, 1189, 1194, 1288, 1521
661, 759, 890, 983, 1032, 1062, 1081, 1121, 1196, 1245, 1335, 1376, 1396
677, 1287
855, 874, 910, 921, 923, 928, 995, 1123, 1137, 1192, 1247, 1293, 1317, 1387, 1480, 1520
895, 910, 921, 923, 995, 1014, 1053, 1136, 1247, 1387, 1480
764, 899, 916, 947, 1037, 1116, 1181, 1219, 1260
640, 809, 938, 959, 1051, 1325, 1418, 1540, 1564
425, 826, 918, 969, 1236, 1296, 1310, 1324, 1388, 1589, 1652
729, 850, 881, 886, 1030, 1078, 1118, 1214, 1215, 1290, 1312, 1326, 1344, 1369, 1413, 1529, 1553, 1568
891, 967, 983, 1093, 1197, 1198, 1240, 1257, 1376, 1390
677, 842, 949, 985, 987, 1107, 1154, 1163, 1171, 1241, 1263, 1361, 1377, 1473
684, 724, 865, 980, 1005, 1013, 1034, 1280
822, 850, 853, 969, 1092, 1214, 1279, 1290, 1310, 1385, 1429, 1443, 1522
800, 1055, 1058, 1150, 1184, 1228, 1313
739, 888, 894, 901, 970, 971, 1078, 1106, 1120, 1158, 1177, 1239, 1298, 1299, 1345, 1413, 1419, 1501, 1508
804, 914, 945, 946, 1033, 1047, 1122, 1130, 1163, 1171, 1186, 1193, 1225, 1263, 1300, 1346, 1351, 1414, 1421, 1430
873, 1042, 1051, 1157, 1237, 1325, 1334, 1375, 1470, 1476, 1516, 1540, 1564, 1580, 1605, 1685, 1729, 1754, 1807, 1841
750, 759, 800, 913, 998, 1055, 1058, 1081, 1119, 1146, 1228, 1313, 1327, 1335
800, 882, 998, 1026, 1161, 1184, 1199, 1204, 1228, 1238, 1251, 1314
788, 810, 887, 960, 1021, 1079, 1080, 1087, 1094, 1099, 1153, 1170, 1191, 1222, 1256, 1315, 1401, 1478, 1541
788, 827, 870, 889, 894, 896, 908, 956, 971, 974, 994, 1046, 1079, 1092, 1094, 1098, 1099, 1114, 1152, 1213, 1222, 1223, 1239, 1244, 1299, 1315, 1316, 1391, 1394, 1395, 1401, 1420, 1446, 1447
791, 949, 987, 1082, 1107, 1126, 1143, 1179, 1226, 1241, 1271, 1361, 1365, 1431, 1439, 1473, 1511
865, 885, 1022, 1028, 1052, 1217, 1301, 1306
671, 771, 902, 917, 1133, 1173, 1175, 1288, 1332, 1445, 1493, 1521
873, 954, 955, 1149, 1375, 1470
739, 804, 901, 945, 970, 1048, 1120, 1147, 1177, 1298, 1345, 1346, 1370
443, 828, 871, 996, 1035, 1111, 1168, 1201, 1218, 1265, 1281, 1341
834, 857, 975, 1008, 1010, 1012, 1039, 1040, 1128, 1234, 1276, 1426, 1427
800, 882, 958, 968, 1026, 1108, 1113, 1151, 1184, 1199, 1251
808, 874, 1115, 1123, 1192
677, 842, 946, 985, 1033, 1143, 1148, 1171, 1193, 1225, 1263, 1361, 1377, 1414, 1421
447, 776, 988, 1022, 1028, 1089, 1201, 1301, 1424, 1491
669, 924, 982, 1049, 1066, 1085, 1103, 1173, 1189, 1194, 1208, 1248, 1254, 1273, 1294, 1319, 1451, 1483, 1488, 1497, 1596
705, 846, 871, 899, 925, 947, 1007, 1056, 1067, 1242, 1260, 1331, 1355, 1356, 1362, 1383, 1384, 1485, 1505, 1555, 1570, 1578
443, 620, 643, 711, 934, 996, 1016, 1097, 1104, 1127, 1168, 1275, 1281, 1405, 1465, 1484, 1566
443, 643, 711, 733, 828, 925, 929, 996, 1072, 1111, 1127, 1159, 1167, 1210, 1281, 1282, 1341, 1428, 1433, 1465
800, 1021, 1026, 1108, 1109, 1170, 1238, 1284
659, 800, 810, 1021, 1080, 1152, 1169, 1191, 1204, 1238, 1256, 1349, 1534, 1541
739, 854, 945, 946, 985, 1048, 1107, 1143, 1148, 1163, 1263
648, 895, 898, 1061, 1066, 1101, 1189, 1207, 1274, 1365, 1402
619, 747, 878, 917, 1076, 1103, 1133, 1156, 1165, 1189, 1194, 1294, 1445, 1466, 1488, 1493, 1521, 1664
696, 941, 1235, 1302, 1526
671, 752, 771, 902, 1050, 1156, 1261, 1288, 1332, 1368, 1493, 1521
425, 853, 887, 927, 1001, 1021, 1044, 1087, 1092, 1109, 1112, 1256, 1284, 1291
739, 894, 1048, 1098, 1114, 1147, 1158, 1224, 1239, 1299, 1316, 1345, 1370, 1419
904, 921, 931, 979, 1048, 1060, 1124, 1200, 1231, 1271, 1337, 1357, 1372, 1415, 1437, 1449, 1519
677, 791, 1110, 1126, 1154, 1241, 1259, 1274, 1340, 1365, 1373, 1431, 1450, 1538
911, 923, 962, 989, 1029, 1037, 1065, 1208, 1227, 1247, 1492, 1504, 1583, 1624
899, 947, 988, 1037, 1089, 1138, 1219, 1260, 1382, 1403
711, 1072, 1097, 1220, 1282, 1506
425, 821, 880, 1024, 1069, 1108, 1199, 1289, 1393, 1441, 1527
800, 968, 1055, 1057, 1105, 1129, 1146, 1151, 1161, 1199, 1228, 1283, 1313, 1389, 1400, 1406, 1457, 1469
793, 832, 920, 954, 955, 1009, 1130, 1229, 1305, 1375, 1386, 1495
914, 920, 1009, 1047, 1122, 1130, 1148, 1229, 1300, 1351
856, 996, 1064, 1084, 1125, 1202, 1330, 1354, 1463, 1464, 1549
776, 814, 845, 899, 1056, 1089, 1201, 1233
791, 798, 866, 872, 898, 1061, 1066, 1133, 1165, 1172, 1173, 1194, 1249, 1274, 1288, 1365, 1373, 1450, 1451, 1454, 1481, 1488, 1493, 1497, 1521, 1663, 1664, 1733
585, 863, 907, 1211, 1343
662, 743, 960, 973, 998, 1080, 1093, 1094, 1152, 1170, 1197, 1204, 1212, 1286, 1349, 1408, 1461, 1478, 1479, 1541
662, 874, 892, 1094, 1115, 1123, 1136, 1162, 1293, 1363, 1371, 1391, 1420, 1462, 1520, 1620
914, 1033, 1088, 1122, 1148, 1163, 1225, 1287, 1300
619, 669, 798, 878, 1066, 1103, 1133, 1165, 1173, 1189, 1451
759, 818, 900, 913, 1055, 1129, 1283, 1313, 1327, 1348, 1380, 1400, 1457
759, 890, 1081, 1121, 1134, 1270, 1327, 1335, 1376, 1381, 1396, 1517
662, 743, 891, 983, 1093, 1142, 1191, 1240, 1257, 1292, 1390, 1408, 1461, 1479
662, 967, 983, 1032, 1059, 1142, 1240, 1245, 1336, 1376
880, 968, 1024, 1069, 1105, 1108, 1113, 1151, 1161, 1183, 1184, 1228, 1251, 1389, 1393, 1441
739, 904, 979, 1027, 1048, 1060, 1114, 1178, 1213, 1224, 1231, 1316, 1357, 1391, 1437, 1536
737, 776, 981, 1028, 1056, 1064, 1089, 1095, 1111, 1159, 1164, 1188, 1202, 1218, 1233, 1265, 1301, 1341, 1424, 1425, 1444, 1482, 1550, 1603
1028, 1064, 1095, 1187, 1201, 1301, 1306, 1330, 1416, 1425, 1463, 1465, 1482, 1549, 1550, 1603, 1681, 1694, 1701, 1737, 1856
820, 934, 996, 1104, 1275, 1354, 1392, 1452, 1484, 1593, 1711
659, 743, 800, 998, 1021, 1080, 1151, 1170, 1191, 1314, 1349
759, 1070, 1073, 1131, 1268, 1270, 1436, 1471, 1486, 1619
591, 759, 961, 1013, 1070, 1131, 1246, 1280, 1328, 1436, 1502, 1576, 1612
648, 895, 921, 1066, 1083, 1101, 1124, 1172, 1254, 1274, 1364, 1365, 1372, 1402, 1415
923, 932, 1049, 1065, 1085, 1102, 1165, 1180, 1227, 1247, 1273, 1319, 1488, 1492, 1596
941, 1038, 1075, 1132, 1302, 1358, 1514, 1533
867, 925, 929, 943, 1007, 1020, 1072, 1168, 1295, 1355, 1356, 1362, 1397, 1411, 1428
585, 759, 863, 907, 1086, 1091, 1190, 1278, 1304, 1311, 1333, 1343, 1348, 1379, 1399, 1507, 1598, 1638, 1698, 1703, 1761
662, 973, 974, 1094, 1099, 1191
956, 1027, 1046, 1060, 1114, 1115, 1123, 1153, 1200, 1316, 1357, 1371, 1391
850, 853, 969, 1018, 1118, 1141, 1145, 1290, 1344, 1347
729, 881, 970, 1078, 1141, 1285, 1297, 1298, 1326, 1369, 1413, 1476, 1500, 1529, 1553, 1580, 1654, 1655, 1658
662, 986, 1022, 1063, 1217, 1318, 1409, 1422, 1438, 1491, 1503, 1513, 1532
662, 885, 909, 1003, 1004, 1022, 1052, 1063, 1100, 1155, 1216, 1230, 1232, 1258, 1306, 1396, 1409, 1416, 1438, 1513, 1518
737, 776, 936, 996, 1035, 1056, 1064, 1095, 1111, 1159, 1201, 1265, 1341, 1425, 1444, 1482
947, 963, 1037, 1116, 1138, 1181, 1227, 1260, 1384, 1403, 1432, 1498, 1559, 1625
711, 1072, 1097, 1182
425, 826, 1108, 1109, 1112, 1284, 1289, 1324, 1442, 1458, 1494
887, 1079, 1087, 1092, 1152, 1153, 1256, 1291, 1315, 1394, 1510
827, 994, 1092, 1106, 1153, 1244, 1394, 1395, 1446, 1557
739, 1027, 1048, 1114, 1177, 1200, 1299, 1316, 1370, 1419, 1437, 1530, 1535, 1536
677, 1033, 1088, 1122, 1148, 1163, 1193, 1287, 1300, 1353, 1377, 1421
740, 791, 824, 1061, 1082, 1101, 1110, 1124, 1126, 1154, 1271, 1365, 1372, 1439
833, 963, 989, 1010, 1029, 1037, 1065, 1085, 1102, 1180, 1208, 1219, 1234, 1432, 1492, 1504, 1559, 1592, 1596, 1624, 1625, 1682, 1699, 1702, 1727
800, 998, 1055, 1081, 1146, 1150, 1151, 1184, 1199, 1238, 1251, 1269, 1313, 1314, 1335, 1389, 1469, 1475, 1477, 1554, 1561, 1573, 1594, 1610, 1626, 1670, 1724, 1786, 1794, 1800
920, 1009, 1130, 1185, 1186, 1287, 1300, 1305, 1351, 1386, 1448, 1453, 1495, 1531, 1547
662, 909, 999, 1003, 1059, 1062, 1100, 1121, 1217, 1245, 1258, 1336, 1352, 1396, 1409
1048, 1178, 1200, 1271, 1372, 1437, 1519, 1537, 1595
885, 977, 1003, 1004, 1005, 1052, 1217, 1246, 1258, 1416
899, 1056, 1089, 1188, 1201, 1260, 1383, 1424
947, 963, 990, 1010, 1039, 1040, 1085, 1128, 1160, 1227, 1276, 1331, 1367, 1404, 1426, 1427, 1432, 1485, 1515, 1560, 1592, 1712
696, 1017, 1174, 1255, 1302, 1374
869, 918, 969, 1018, 1118, 1140, 1290, 1296, 1303, 1310, 1324, 1347, 1443, 1589, 1652
832, 858, 873, 959, 992, 1042, 1045, 1149, 1252, 1285, 1334, 1375, 1476
800, 1021, 1151, 1169, 1170, 1228, 1251, 1256, 1284, 1314, 1349, 1475, 1534, 1561
894, 971, 994, 1078, 1098, 1106, 1147, 1153, 1177, 1244, 1299, 1407, 1447, 1501
662, 891, 967, 1142, 1197, 1198, 1292, 1336, 1376, 1390, 1396, 1409, 1546, 1581
677, 791, 987, 1126, 1143, 1154, 1179, 1329, 1431, 1473, 1511, 1538
672, 867, 942, 1007, 1011, 1023, 1067, 1077, 1166, 1308, 1331, 1356, 1427, 1468, 1485, 1609, 1651, 1675
930
994, 1098, 1106, 1153, 1223, 1239, 1299, 1316, 1391, 1395, 1407, 1447, 1523, 1557, 1628, 1707
662, 983, 1032, 1059, 1062, 1121, 1134, 1198, 1230, 1336, 1376, 1396
591, 759, 961, 977, 980, 999, 1005, 1052, 1131, 1206, 1232, 1258, 1280, 1378, 1416, 1496, 1502, 1608, 1649
910, 923, 932, 1049, 1053, 1136, 1137, 1180, 1208, 1248, 1273, 1387, 1417, 1488, 1492, 1520, 1583, 1624, 1744, 1776, 1780, 1781
895, 932, 982, 1049, 1053, 1066, 1165, 1247, 1254, 1273, 1387, 1417, 1488
706, 791, 866, 872, 902, 964, 972, 1019, 1189, 1261, 1274, 1288, 1307, 1366, 1373, 1450, 1454, 1455, 1493, 1521, 1539
1011, 1012, 1040, 1077, 1276, 1277, 1308, 1331, 1426, 1427, 1571, 1678
800, 1026, 1108, 1151, 1161, 1199, 1228, 1238, 1284, 1389, 1441, 1442, 1475, 1527, 1626, 1632, 1719
832, 903, 970, 992, 1045, 1237, 1285, 1297, 1476
983, 1081, 1257, 1269, 1335, 1376
895, 982, 1066, 1165, 1207, 1248, 1274, 1387, 1402, 1417, 1451, 1488, 1497
696, 816, 839, 972, 1017, 1068, 1090, 1235, 1266, 1302, 1374, 1410, 1440, 1467, 1525, 1556, 1604
887, 1021, 1087, 1152, 1170, 1176, 1222, 1238, 1284, 1291, 1315, 1394, 1510, 1534, 1541, 1590, 1611
743, 944, 983, 998, 1081, 1093, 1142, 1197, 1253, 1269, 1286, 1335, 1376, 1390, 1461, 1524
759, 909, 977, 999, 1004, 1121, 1217, 1230, 1232, 1246, 1396, 1409, 1416, 1608
677, 791, 792, 1054, 1096, 1179, 1307, 1340, 1366, 1423, 1538, 1542, 1551
899, 947, 1056, 1089, 1138, 1166, 1181, 1219, 1233, 1382, 1383, 1384, 1403, 1424, 1498, 1625
930, 964, 1050, 1090, 1175, 1249, 1266, 1288, 1493
759, 1268, 1270, 1327, 1434, 1459
945, 1048, 1107, 1143, 1148, 1163, 1171, 1271, 1346, 1361, 1414, 1421, 1430, 1490, 1537
980, 1052, 1125, 1378, 1416
936, 1035, 1064, 1095, 1159, 1201, 1218, 1281, 1330, 1341, 1482
930, 1017, 1090, 1255, 1261, 1440, 1467, 1493, 1525, 1556
809, 858, 868, 959, 992, 1325, 1334, 1369, 1412, 1418, 1476, 1540, 1579
759, 1073, 1205, 1262, 1270, 1327, 1360, 1434, 1471, 1486, 1600, 1619, 1647, 1671
998, 1081, 1228, 1253, 1257, 1286, 1314, 1335, 1376, 1390, 1461, 1477, 1524, 1545, 1554
759, 1196, 1205, 1262, 1268, 1327, 1381, 1486, 1496, 1647, 1661
1048, 1082, 1107, 1124, 1154, 1178, 1226, 1231, 1263, 1361, 1372, 1414, 1439, 1537, 1595
677, 951, 1038, 1054, 1320, 1423, 1512, 1551, 1585, 1615, 1639, 1745, 1764, 1809
982, 1049, 1165, 1208, 1247, 1248, 1319, 1417, 1488
791, 1061, 1066, 1101, 1110, 1172, 1179, 1189, 1207, 1249, 1254, 1365, 1373, 1402, 1450, 1451, 1481, 1643
996, 1016, 1097, 1104, 1167, 1203, 1342, 1392, 1405, 1484, 1566, 1587, 1593
771, 1012, 1040, 1117, 1128, 1160, 1234, 1250, 1277, 1426, 1427, 1474
771, 1012, 1117, 1250, 1276, 1398, 1426, 1474, 1571, 1629
759, 907, 1211, 1311
822, 850, 994, 1092, 1106, 1145, 1312, 1385, 1429, 1522, 1523, 1557
961, 980, 1005, 1013, 1034, 1131, 1144, 1206, 1246, 1328, 1378, 1502, 1576, 1621, 1672
996, 1035, 1111, 1127, 1159, 1167, 1168, 1265, 1330, 1341, 1433, 1465, 1482, 1552, 1766
1020, 1072, 1097, 1127, 1168, 1182, 1295, 1405, 1428, 1433, 1465, 1499, 1506, 1543, 1657, 1706, 1714
968, 1025, 1105, 1129, 1184, 1195, 1309, 1323, 1348, 1400, 1457
800, 1021, 1026, 1108, 1109, 1112, 1169, 1176, 1221, 1238, 1251, 1256, 1291, 1442, 1475, 1494, 1534, 1590, 1599, 1632
868, 881, 970, 992, 1215, 1237, 1252, 1297, 1326, 1369, 1412, 1476, 1579, 1654
743, 944, 998, 1191, 1257, 1269, 1314, 1349, 1461
574, 677, 914, 1009, 1088, 1122, 1135, 1193, 1225, 1229, 1300, 1353, 1421, 1531, 1558, 1591, 1607, 1662, 1667
671, 872, 902, 964, 1050, 1133, 1156, 1175, 1189, 1249, 1261, 1493, 1521
425, 826, 1108, 1183, 1221, 1324, 1388, 1441, 1442, 1494, 1527, 1632, 1719, 1797, 1811, 1894
850, 969, 1018, 1141, 1145, 1214, 1236, 1310, 1312, 1344, 1347, 1385, 1443, 1522, 1589, 1645
1044, 1079, 1087, 1092, 1112, 1176, 1222, 1256, 1284, 1310, 1394, 1458, 1494, 1510, 1544, 1590, 1599, 1690
662, 1197, 1240, 1390, 1408, 1461, 1472, 1479, 1487, 1524, 1581, 1692, 1716
874, 892, 915, 923, 928, 1136, 1192, 1363, 1371, 1520, 1584, 1613, 1620, 1680, 1757, 1820, 1851, 1889
747, 1015, 1076, 1085, 1103, 1165, 1173, 1319, 1367, 1445, 1466, 1483, 1488, 1565, 1656, 1664, 1688, 1712
929, 943, 1020, 1072, 1210, 1282, 1397, 1411, 1428, 1468, 1499, 1543, 1616
869, 918, 1140, 1236, 1303, 1347, 1652
832, 970, 1130, 1215, 1252, 1285, 1298, 1351, 1386, 1460, 1476, 1500
804, 970, 1130, 1147, 1158, 1215, 1297, 1345, 1346, 1351, 1370, 1413, 1460, 1500, 1508, 1509
1098, 1114, 1147, 1153, 1177, 1224, 1239, 1244, 1316, 1345, 1419, 1447, 1501, 1530, 1642
1009, 1122, 1148, 1186, 1193, 1225, 1229, 1287, 1351, 1421, 1430, 1531, 1547, 1569, 1614
1022, 1028, 1155, 1164, 1201, 1202, 1306, 1424, 1491, 1532, 1550
696, 941, 1068, 1132, 1174, 1209, 1235, 1255, 1374, 1410, 1525, 1526, 1533, 1551, 1574, 1604
869, 1118, 1236, 1296, 1347, 1369, 1631, 1652
1036, 1086, 1091, 1211, 1309, 1333, 1348, 1379, 1507, 1528, 1572, 1618, 1827, 1833, 1854
955, 1009, 1185, 1229, 1375, 1448, 1453, 1470, 1495
1022, 1028, 1052, 1064, 1155, 1202, 1217, 1301, 1416, 1513, 1532, 1550
791, 866, 1096, 1249, 1259, 1340, 1366, 1373
1011, 1077, 1242, 1250, 1331, 1427
900, 1025, 1036, 1041, 1091, 1129, 1283, 1304, 1333, 1348, 1457, 1489, 1528, 1572
425, 853, 969, 1044, 1092, 1140, 1145, 1236, 1290, 1291, 1324, 1385, 1394, 1429, 1443, 1458, 1522, 1544, 1589, 1742
759, 849, 1211, 1278, 1360, 1379, 1598, 1755
850, 1030, 1078, 1106, 1141, 1279, 1290, 1344, 1385, 1407, 1413, 1522, 1523, 1529, 1568, 1645, 1689
759, 913, 1055, 1146, 1150, 1184, 1195, 1228, 1327, 1335, 1380, 1400, 1406, 1469, 1477, 1563, 1573
800, 998, 1151, 1204, 1228, 1238, 1269, 1286, 1349, 1461, 1554, 1561, 1594
788, 1079, 1099, 1152, 1153, 1222, 1256, 1394, 1401, 1420, 1446, 1510, 1541, 1575, 1611
1098, 1114, 1153, 1177, 1200, 1213, 1224, 1244, 1299, 1391, 1447, 1530, 1535, 1536, 1628, 1743
921, 1060, 1123, 1136, 1357, 1371, 1480, 1520, 1668, 1697
662, 915, 986, 1216, 1422, 1438, 1472, 1487, 1503, 1577, 1581, 1677, 1708, 1747
1049, 1085, 1165, 1208, 1273, 1294, 1483, 1488, 1596
951, 1038, 1054, 1075, 1096, 1132, 1272, 1358, 1514, 1551, 1585
1016, 1097, 1342, 1587
1024, 1105, 1393, 1441, 1489, 1527, 1644
1025, 1105, 1283, 1457, 1489
425, 826, 1140, 1221, 1236, 1289, 1310, 1388, 1458, 1494, 1589, 1652, 1742, 1751, 1797, 1811, 1894
959, 1042, 1051, 1139, 1149, 1267, 1334, 1418, 1540, 1564, 1685, 1746
868, 881, 992, 1141, 1215, 1285, 1369, 1412
759, 890, 1150, 1195, 1196, 1262, 1268, 1270, 1313, 1335, 1380, 1381, 1434, 1459, 1477, 1517, 1563, 1647, 1661, 1669, 1762, 1771, 1774, 1828, 1855, 1909
961, 1013, 1034, 1206, 1280, 1378, 1576, 1612, 1621, 1725
677, 791, 792, 987, 1241
936, 996, 1035, 1064, 1187, 1202, 1265, 1281, 1354, 1452, 1464, 1465, 1482, 1549, 1681, 1694, 1782
947, 990, 1040, 1067, 1077, 1166, 1234, 1242, 1250, 1308, 1404, 1427, 1485
771, 917, 1156, 1175, 1368, 1445, 1493
1086, 1211, 1304, 1309, 1343, 1507
858, 959, 1042, 1149, 1237, 1267, 1325, 1418, 1476, 1540
759, 890, 983, 1081, 1119, 1134, 1150, 1196, 1228, 1253, 1257, 1269, 1313, 1327, 1376, 1477, 1517, 1545
662, 1059, 1198, 1230, 1240, 1245, 1352, 1376, 1396, 1409
921, 1124, 1178, 1372, 1415
915, 923, 962, 1000, 1074, 1339, 1503, 1504, 1584, 1613
962, 988, 1037, 1074, 1338, 1403, 1491, 1504, 1559
791, 1179, 1259, 1307, 1366, 1373, 1450, 1493, 1538, 1551
871, 925, 929, 1056, 1111, 1159, 1168, 1201, 1218, 1265, 1281, 1362, 1383, 1428, 1433, 1444, 1482, 1552
1016, 1097, 1275, 1321, 1392, 1566, 1587
1190, 1211, 1333, 1399, 1507, 1638, 1761, 1834
850, 1118, 1141, 1214, 1290, 1312, 1347, 1369, 1529, 1553, 1568, 1631, 1645, 1666
1048, 1147, 1158, 1177, 1298, 1299, 1370, 1419, 1508, 1530
804, 945, 1048, 1148, 1158, 1263, 1298, 1351, 1370, 1430, 1490, 1509
869, 1018, 1118, 1214, 1236, 1290, 1296, 1303, 1344, 1369, 1568, 1589, 1631, 1645, 1652, 1666, 1785, 1822
759, 1091, 1129, 1195, 1211, 1283, 1304, 1309, 1379, 1380, 1457, 1459, 1572, 1618
800, 998, 1170, 1191, 1204, 1238, 1286, 1314, 1461, 1478, 1534, 1541, 1561
1435
804, 1130, 1148, 1186, 1229, 1297, 1298, 1300, 1346, 1386, 1430, 1448, 1460, 1495, 1509, 1547, 1569, 1601
662, 1059, 1100, 1230, 1336, 1409
677, 1088, 1225, 1287, 1377, 1421, 1548, 1558, 1582, 1591, 1607, 1615, 1662
996, 1084, 1187, 1203, 1330, 1452, 1464, 1465, 1711, 1782, 1805
925, 1007, 1166, 1210, 1356, 1362, 1411, 1555, 1570
867, 942, 1007, 1166, 1210, 1242, 1355, 1397, 1411, 1468, 1485, 1555
921, 1060, 1123, 1178, 1200, 1213, 1317, 1371, 1391, 1437, 1449, 1480, 1536, 1668
951, 1038, 1075, 1132, 1209, 1320, 1514
771, 1076, 1128, 1367, 1398, 1445, 1456, 1474, 1586, 1629
759, 1073, 1268, 1311, 1434, 1598, 1600, 1755
1107, 1143, 1154, 1163, 1263, 1271, 1377, 1414, 1439, 1473, 1511, 1558, 1595, 1659, 1700
925, 929, 1111, 1166, 1210, 1341, 1355, 1383, 1411, 1428, 1433, 1552, 1570, 1578
662, 892, 915, 1094, 1192, 1293, 1401, 1408, 1420, 1487, 1606, 1613, 1620, 1680, 1716
895, 921, 1207, 1387, 1402, 1415, 1480, 1623
1061, 1101, 1110, 1126, 1154, 1172, 1179, 1189, 1207, 1226, 1274, 1372, 1402, 1415, 1431, 1439, 1450, 1451, 1454, 1481, 1493, 1511, 1538, 1622, 1623, 1643, 1663, 1686, 1749, 1760, 1878, 1890, 1895
866, 1019, 1096, 1132, 1249, 1259, 1307, 1340, 1373, 1450, 1493, 1539, 1551
1015, 1039, 1076, 1085, 1128, 1234, 1294, 1359, 1426, 1445, 1466, 1474, 1560, 1565, 1586, 1596, 1656, 1712
771, 1175, 1332, 1398, 1445, 1456, 1493, 1567, 1597, 1617, 1630
809, 868, 869, 881, 886, 926, 965, 1118, 1141, 1215, 1267, 1285, 1303, 1326, 1344, 1347, 1412, 1540, 1553, 1579, 1631, 1652, 1654, 1666, 1687, 1750, 1770, 1832
1048, 1158, 1177, 1224, 1298, 1345, 1346, 1419, 1490, 1508, 1509, 1530, 1535, 1633, 1642
1115, 1123, 1192, 1213, 1293, 1317, 1357, 1391, 1462, 1520, 1620, 1668, 1757, 1779, 1830
1061, 1101, 1124, 1178, 1207, 1226, 1231, 1271, 1337, 1365, 1402, 1415, 1439, 1519, 1595, 1622
791, 866, 1179, 1189, 1249, 1274, 1307, 1340, 1366, 1450, 1538
696, 1068, 1235, 1255, 1302, 1525, 1526, 1574, 1604
832, 873, 954, 955, 1045, 1130, 1149, 1157, 1185, 1237, 1305, 1386, 1460, 1470, 1476, 1495, 1516, 1580, 1676
983, 1134, 1142, 1196, 1198, 1240, 1245, 1253, 1257, 1269, 1335, 1336, 1390, 1396, 1517, 1545, 1546
677, 1143, 1163, 1225, 1353, 1361, 1414, 1421, 1473, 1558, 1582, 1659
980, 1034, 1125, 1246, 1264, 1280, 1328, 1416, 1502, 1549, 1602, 1621, 1672, 1725, 1732, 1759
759, 1211, 1304, 1311, 1348, 1459, 1507, 1598, 1618, 1698, 1734
759, 1195, 1313, 1327, 1348, 1400, 1457, 1459, 1563, 1572, 1618, 1669, 1773, 1823, 1854
759, 1121, 1196, 1270, 1327, 1396, 1496, 1517, 1546, 1648, 1661, 1720, 1771
447, 988, 1089, 1181, 1260, 1403, 1424
925, 1056, 1166, 1233, 1260, 1341, 1362, 1384, 1424, 1425, 1433, 1444, 1498, 1505, 1552, 1578, 1625, 1640, 1650, 1710, 1752, 1753, 1865, 1881
947, 1166, 1219, 1260, 1383, 1432, 1485, 1498, 1505, 1625, 1712, 1753, 1783
850, 1145, 1279, 1290, 1310, 1312, 1522
1130, 1185, 1229, 1297, 1351, 1375, 1448, 1460, 1495
895, 921, 1053, 1136, 1137, 1247, 1248, 1254, 1364, 1402, 1415, 1417, 1480, 1488, 1520, 1623, 1624, 1697, 1744, 1780, 1830
826, 1140, 1289, 1324, 1652, 1811
1024, 1105, 1184, 1199, 1228, 1251, 1393, 1441, 1457, 1469, 1489, 1527, 1610, 1626, 1644
1142, 1197, 1240, 1257, 1269, 1292, 1376, 1461, 1524, 1545, 1546, 1581
956, 1046, 1115, 1153, 1192, 1200, 1213, 1244, 1316, 1357, 1371, 1395, 1420, 1446, 1462, 1536, 1620, 1628, 1668, 1715, 1736, 1779
996, 1104, 1203, 1275, 1342, 1484, 1566, 1593, 1769
1024, 1105, 1183, 1199, 1322, 1389, 1441, 1489, 1527, 1644
1092, 1106, 1153, 1222, 1223, 1256, 1291, 1310, 1315, 1429, 1446, 1510, 1522, 1544, 1557, 1690, 1691
1153, 1223, 1244, 1391, 1446, 1557, 1628, 1707, 1715
662, 759, 1121, 1134, 1196, 1217, 1230, 1240, 1245, 1258, 1336, 1376, 1381, 1409, 1416, 1496, 1517, 1518, 1546, 1581, 1608, 1635, 1648
867, 943, 1210, 1295, 1356, 1411, 1468, 1616
771, 1117, 1277, 1359, 1368, 1456, 1474, 1567, 1571, 1629, 1683
907, 1211, 1343, 1638
1055, 1129, 1184, 1195, 1283, 1313, 1380, 1406, 1457, 1469, 1563
662, 1094, 1099, 1152, 1153, 1315, 1363, 1408, 1420, 1446, 1478, 1510, 1541, 1575, 1606
895, 1172, 1207, 1254, 1274, 1364, 1365, 1372, 1387, 1415, 1417, 1451, 1623, 1643, 1686
988, 1037, 1074, 1181, 1219, 1260, 1339, 1382, 1424, 1491, 1498, 1559, 1625, 1640
947, 990, 1040, 1067, 1234, 1331, 1427, 1432, 1485, 1515
1097, 1127, 1167, 1275, 1282, 1465, 1484, 1506, 1566, 1587, 1657, 1777, 1816, 1891
1055, 1184, 1313, 1400, 1469
1078, 1106, 1239, 1244, 1312, 1413, 1447, 1501, 1522, 1523, 1568, 1645, 1689, 1707, 1795, 1887
662, 1094, 1191, 1197, 1292, 1363, 1401, 1461, 1478, 1479, 1487, 1541, 1575, 1581, 1606, 1716
662, 1216, 1217, 1230, 1240, 1258, 1336, 1352, 1396, 1438, 1518, 1577, 1581, 1635
972, 1019, 1068, 1132, 1255, 1302, 1455, 1467, 1525, 1551
1210, 1295, 1355, 1356, 1362, 1397, 1428, 1468, 1543, 1555, 1570, 1616
809, 868, 926, 992, 1267, 1285, 1326, 1369, 1476, 1540, 1579, 1654
970, 1078, 1141, 1147, 1215, 1298, 1312, 1407, 1460, 1500, 1501, 1508, 1529, 1646, 1655, 1658, 1689
1048, 1148, 1163, 1263, 1271, 1361, 1377, 1421, 1430, 1490, 1537, 1558, 1569, 1595, 1679, 1693, 1700
895, 921, 1124, 1178, 1207, 1337, 1364, 1365, 1372, 1387, 1402, 1449, 1480, 1519, 1595, 1622, 1623, 1704, 1748, 1758
980, 1052, 1064, 1125, 1202, 1217, 1232, 1246, 1258, 1264, 1306, 1378, 1396, 1438, 1463, 1491, 1502, 1513, 1518, 1532, 1549, 1550, 1608, 1635, 1649, 1672, 1694, 1708, 1721, 1726, 1732, 1737, 1765, 1804, 1839, 1848
1247, 1248, 1254, 1273, 1387, 1402, 1451, 1488, 1497, 1623, 1643, 1709, 1744
809, 959, 1139, 1267, 1325, 1334, 1540
1147, 1177, 1224, 1299, 1345, 1370, 1501, 1508, 1530
662, 1046, 1094, 1115, 1153, 1192, 1315, 1363, 1391, 1401, 1446, 1462, 1575, 1606, 1620, 1680, 1736, 1779, 1802
1148, 1163, 1225, 1263, 1287, 1300, 1353, 1377, 1414, 1430, 1531, 1558, 1569, 1607, 1614, 1731
986, 1022, 1074, 1216, 1318, 1438, 1491, 1503, 1708
677, 1054, 1096, 1259, 1272, 1538, 1542, 1551, 1615, 1639
447, 988, 1056, 1089, 1164, 1201, 1233, 1260, 1301, 1382, 1383, 1403, 1425, 1444, 1491, 1498, 1550, 1603, 1640
1056, 1201, 1202, 1218, 1383, 1424, 1444, 1482, 1498, 1603, 1650, 1701, 1752
1128, 1160, 1234, 1250, 1276, 1277, 1367, 1427, 1474, 1515, 1560, 1571, 1629, 1678, 1695, 1712
1040, 1160, 1234, 1242, 1250, 1276, 1308, 1331, 1404, 1426, 1485, 1515, 1571, 1609, 1675, 1678, 1696, 1712
929, 1072, 1168, 1210, 1282, 1295, 1341, 1362, 1411, 1433, 1465, 1499, 1543, 1570, 1578, 1714
1092, 1106, 1145, 1279, 1310, 1394, 1522, 1557
1148, 1263, 1300, 1346, 1351, 1414, 1421, 1490, 1509, 1569
1154, 1179, 1241, 1365, 1511, 1538
947, 963, 990, 1116, 1219, 1227, 1234, 1384, 1404, 1485, 1515, 1592, 1625, 1682, 1699, 1712, 1858
925, 1111, 1168, 1281, 1282, 1341, 1362, 1383, 1428, 1465, 1552, 1578, 1714, 1766
759, 1262, 1268, 1327, 1360, 1459, 1598, 1600, 1647, 1671, 1734, 1755, 1812, 1842, 1855, 1868
1350
1070, 1131, 1205, 1206, 1471, 1486, 1576, 1612, 1619, 1661, 1763
1048, 1178, 1200, 1224, 1231, 1357, 1449, 1519, 1535, 1536, 1537, 1668, 1730
662, 1216, 1217, 1318, 1409, 1416, 1422, 1491, 1513, 1518, 1577, 1608, 1635, 1708, 1747, 1804
1154, 1226, 1271, 1361, 1365, 1372, 1511, 1595, 1622, 1749
1017, 1255, 1266, 1493, 1525, 1556, 1604, 1673
1024, 1108, 1183, 1199, 1251, 1289, 1322, 1389, 1393, 1442, 1527, 1626, 1644
1108, 1221, 1251, 1284, 1289, 1441, 1494, 1527, 1632, 1719
969, 1145, 1236, 1290, 1310, 1589
1056, 1201, 1218, 1341, 1383, 1424, 1425, 1482, 1552, 1650
771, 917, 1076, 1156, 1173, 1294, 1332, 1359, 1367, 1368, 1456, 1466, 1493, 1586, 1630, 1664, 1712, 1768
1153, 1223, 1315, 1391, 1394, 1395, 1401, 1420, 1510, 1557, 1575, 1690, 1715, 1736, 1775, 1801, 1802, 1871, 1888
1153, 1239, 1244, 1299, 1316, 1407, 1501, 1530, 1535, 1628, 1642, 1707, 1743, 1795, 1887
1229, 1305, 1351, 1386, 1453, 1495, 1531, 1547, 1601, 1634, 1641
921, 1178, 1357, 1415, 1437, 1480, 1519, 1536, 1668, 1704
1179, 1189, 1249, 1274, 1340, 1365, 1366, 1373, 1454, 1493, 1511, 1538, 1539
1066, 1165, 1189, 1194, 1254, 1274, 1365, 1402, 1417, 1454, 1481, 1497, 1643, 1663, 1709, 1760
996, 1203, 1330, 1354, 1465, 1484, 1593, 1711
1009, 1229, 1305, 1448, 1470, 1495, 1531, 1634, 1641
1189, 1249, 1365, 1450, 1451, 1493, 1521, 1663, 1733, 1760, 1798, 1878, 1879, 1890
964, 972, 1019, 1249, 1410, 1467, 1493, 1539, 1551
771, 1359, 1368, 1398, 1445, 1567, 1586, 1597, 1629, 1630
1025, 1105, 1129, 1184, 1195, 1283, 1309, 1323, 1348, 1380, 1389, 1400, 1469, 1489, 1528, 1563, 1572, 1610, 1644, 1653, 1684, 1821, 1835, 1857
425, 1044, 1112, 1221, 1291, 1310, 1324, 1494, 1544, 1599, 1742, 1751
759, 1262, 1327, 1348, 1379, 1380, 1434, 1598, 1618, 1669, 1698, 1734, 1773, 1774, 1823, 1842, 1850, 1855, 1886
832, 1130, 1297, 1298, 1351, 1375, 1386, 1413, 1495, 1500, 1508, 1509, 1580, 1601, 1633, 1646, 1655, 1676, 1756, 1808, 1819
743, 1191, 1197, 1257, 1269, 1286, 1292, 1314, 1349, 1390, 1408, 1478, 1479, 1524, 1541, 1554, 1561, 1581, 1594, 1692
1115, 1192, 1371, 1391, 1420, 1620
1064, 1125, 1187, 1202, 1416, 1549
996, 1034, 1084, 1125, 1187, 1330, 1354, 1549, 1602, 1694, 1765, 1782, 1805, 1825
996, 1072, 1127, 1167, 1168, 1202, 1281, 1282, 1330, 1354, 1405, 1428, 1433, 1452, 1482, 1484, 1578, 1657, 1681, 1711, 1714, 1766, 1777, 1782, 1891
917, 1076, 1173, 1294, 1367, 1445
964, 972, 1090, 1255, 1266, 1410, 1455, 1493, 1525, 1551, 1556
867, 1242, 1295, 1356, 1397, 1411, 1485, 1555, 1616, 1651
1184, 1228, 1313, 1389, 1400, 1406, 1457, 1563, 1573, 1610, 1626, 1724
955, 1149, 1157, 1305, 1375, 1453, 1495, 1516, 1627, 1641, 1735
1070, 1073, 1205, 1268, 1436, 1486, 1600, 1619, 1671, 1763, 1824
662, 1292, 1318, 1487, 1577, 1581
677, 1143, 1154, 1241, 1361, 1377, 1511, 1582, 1659
771, 1128, 1276, 1277, 1359, 1367, 1398, 1426, 1560, 1571, 1586, 1629, 1683
1228, 1238, 1251, 1284, 1534, 1561, 1590, 1626, 1632, 1718, 1786
832, 858, 992, 1149, 1215, 1237, 1252, 1267, 1285, 1297, 1334, 1375, 1412, 1500, 1540, 1579, 1580, 1605, 1654
1228, 1269, 1313, 1327, 1335, 1517, 1524, 1545, 1554, 1563, 1573, 1581, 1670, 1762, 1774, 1791, 1828
1094, 1099, 1152, 1191, 1349, 1401, 1408, 1461, 1479, 1541
662, 1191, 1197, 1292, 1408, 1461, 1478
921, 1136, 1137, 1317, 1357, 1364, 1387, 1415, 1449, 1520, 1623, 1668, 1697, 1704, 1744, 1748, 1830, 1880, 1903
1189, 1274, 1365, 1451
1064, 1201, 1202, 1218, 1265, 1281, 1330, 1341, 1425, 1444, 1465, 1552, 1650, 1681, 1701, 1766
1085, 1165, 1294, 1319, 1488, 1565, 1596, 1664, 1688, 1717
996, 1167, 1203, 1275, 1392, 1405, 1452, 1465, 1566, 1593, 1711, 1777
947, 1067, 1166, 1234, 1242, 1331, 1356, 1384, 1404, 1427, 1432, 1468, 1505, 1515, 1555, 1609, 1651, 1696, 1712, 1713, 1753, 1783, 1799, 1874
759, 1131, 1205, 1268, 1270, 1436, 1471, 1496, 1576, 1619, 1647, 1661
662, 915, 1292, 1318, 1363, 1408, 1472, 1503, 1581, 1613, 1677, 1716
982, 1165, 1173, 1189, 1208, 1247, 1248, 1254, 1273, 1294, 1319, 1387, 1417, 1483, 1492, 1497, 1596, 1624, 1663, 1664, 1709, 1717, 1728, 1744, 1780, 1898
1025, 1105, 1309, 1322, 1323, 1389, 1393, 1457, 1527, 1528, 1644, 1653, 1684
1048, 1263, 1346, 1370, 1414, 1430, 1509, 1535, 1537, 1569, 1633, 1679, 1693
988, 1022, 1074, 1164, 1216, 1301, 1339, 1403, 1416, 1422, 1424, 1438, 1503, 1504, 1513, 1532, 1550, 1559, 1603, 1640, 1708, 1721, 1788, 1838, 1839
1180, 1208, 1227, 1247, 1488, 1596, 1624
917, 930, 964, 1050, 1090, 1156, 1173, 1175, 1189, 1249, 1261, 1266, 1288, 1332, 1340, 1365, 1366, 1368, 1440, 1445, 1450, 1454, 1455, 1467, 1511, 1521, 1538, 1539, 1551, 1556, 1597, 1617, 1630, 1664, 1673, 1686, 1712, 1733, 1738, 1740, 1749, 1768, 1790, 1793, 1798, 1806, 1845, 1846, 1852, 1860, 1877, 1878, 1890, 1895, 1910
1112, 1221, 1284, 1289, 1291, 1324, 1442, 1458, 1599, 1632, 1751, 1797
1185, 1229, 1305, 1351, 1375, 1386, 1448, 1453, 1460, 1470, 1516, 1580, 1601, 1641, 1676, 1735
759, 1131, 1246, 1270, 1381, 1396, 1486, 1502, 1576, 1608, 1621, 1648, 1649, 1661, 1720, 1792, 1814, 1837
1066, 1165, 1189, 1254, 1417, 1451, 1488, 1643, 1663, 1709
1219, 1260, 1383, 1384, 1403, 1424, 1425, 1603, 1625, 1640, 1701, 1710, 1752, 1826
1072, 1282, 1295, 1428, 1543, 1616, 1706
832, 1215, 1297, 1298, 1413, 1460, 1476, 1508, 1580, 1655
1078, 1147, 1239, 1299, 1407, 1413, 1419, 1447, 1508, 1530, 1642, 1646, 1658, 1689, 1795
1131, 1206, 1246, 1280, 1378, 1416, 1496, 1576, 1621, 1649, 1672
915, 986, 1074, 1216, 1318, 1338, 1422, 1487, 1491, 1504, 1584, 1613, 1677, 1708, 1747, 1838, 1839, 1876
923, 962, 1037, 1074, 1180, 1227, 1338, 1339, 1491, 1503, 1559, 1583, 1584, 1613, 1624, 1625, 1699, 1727, 1781, 1788, 1838, 1870, 1876
1166, 1383, 1384, 1485, 1555, 1570, 1578, 1713, 1753
1097, 1182, 1282, 1405, 1587, 1657
1211, 1304, 1333, 1343, 1379, 1618, 1698, 1761, 1827, 1833, 1834
1147, 1298, 1345, 1370, 1413, 1419, 1460, 1500, 1501, 1509, 1530, 1633, 1642, 1646, 1756, 1819
1298, 1346, 1351, 1370, 1430, 1460, 1490, 1508, 1547, 1569, 1601, 1633, 1679, 1803, 1808
1222, 1256, 1291, 1315, 1394, 1401, 1446, 1534, 1561, 1575, 1590, 1611, 1690, 1718, 1775, 1801
677, 1154, 1241, 1361, 1365, 1431, 1439, 1450, 1473, 1493, 1538, 1542, 1582, 1595, 1636, 1659, 1738, 1749, 1846, 1877
677, 1272, 1548, 1615, 1764
1022, 1216, 1217, 1306, 1416, 1438, 1491, 1532, 1708
1038, 1075, 1132, 1209, 1320, 1358, 1533, 1551, 1585, 1660, 1674, 1739, 1767
1234, 1404, 1426, 1427, 1432, 1485, 1678, 1695, 1712
873, 1149, 1375, 1470, 1495, 1580, 1605, 1676, 1735, 1754, 1841
1196, 1327, 1335, 1376, 1381, 1396, 1477, 1545, 1546, 1581, 1648, 1720, 1762, 1771
1217, 1396, 1409, 1416, 1438, 1635
1178, 1231, 1372, 1415, 1437, 1449, 1537, 1595, 1668, 1704, 1730, 1758
923, 1123, 1136, 1192, 1247, 1293, 1317, 1371, 1387, 1480, 1583, 1584, 1668, 1697, 1744, 1757, 1776, 1820, 1830
1133, 1156, 1173, 1175, 1189, 1249, 1288, 1454, 1493, 1664, 1733, 1798
1092, 1145, 1279, 1290, 1310, 1312, 1385, 1394, 1407, 1429, 1523, 1544, 1557, 1589, 1645, 1691, 1707, 1836
1106, 1244, 1279, 1312, 1407, 1522, 1557, 1645, 1707
1257, 1269, 1292, 1390, 1461, 1477, 1545, 1554, 1581, 1692
1255, 1266, 1302, 1374, 1410, 1440, 1467, 1551, 1556, 1604
1174, 1302, 1374, 1533, 1551, 1574, 1604, 1665, 1705, 1722
1183, 1251, 1289, 1322, 1389, 1393, 1441, 1442, 1489, 1626, 1632, 1644, 1653, 1719, 1840
1025, 1304, 1309, 1457, 1489, 1572, 1653, 1684, 1833
1141, 1215, 1312, 1344, 1413, 1553, 1568, 1658, 1689, 1818
1224, 1299, 1316, 1345, 1370, 1419, 1447, 1501, 1508, 1535, 1642
1009, 1229, 1287, 1300, 1421, 1448, 1453, 1547, 1607, 1614, 1634, 1667, 1796
1022, 1216, 1301, 1306, 1416, 1491, 1513, 1550, 1721
941, 1132, 1209, 1302, 1514, 1526, 1551, 1574, 1665, 1674, 1739, 1767
1170, 1238, 1256, 1284, 1349, 1475, 1510, 1541, 1561, 1590, 1611, 1718
1048, 1224, 1316, 1370, 1437, 1447, 1490, 1530, 1536, 1537, 1633, 1642, 1679, 1693, 1730, 1743, 1844
1200, 1224, 1316, 1357, 1391, 1437, 1449, 1535, 1628, 1668, 1730, 1743
1048, 1231, 1263, 1271, 1414, 1437, 1490, 1519, 1535, 1595, 1693, 1730, 1758, 1901
677, 1179, 1241, 1259, 1340, 1365, 1373, 1423, 1431, 1450, 1493, 1511, 1542, 1551, 1636, 1738
1019, 1249, 1366, 1450, 1455, 1493, 1551
809, 1139, 1149, 1267, 1325, 1334, 1369, 1412, 1418, 1476, 1564, 1579, 1605, 1654, 1685, 1729, 1746, 1832
1152, 1170, 1191, 1256, 1315, 1349, 1401, 1408, 1461, 1478, 1534, 1561, 1575, 1581, 1594, 1611, 1692, 1813
677, 1259, 1423, 1511, 1538, 1551, 1615, 1636, 1639, 1738, 1809
1282, 1295, 1411, 1428, 1499, 1555, 1570, 1578, 1616, 1706, 1714, 1778, 1817, 1892
1044, 1291, 1310, 1394, 1458, 1522, 1589, 1590, 1599, 1645, 1690, 1691, 1742, 1815, 1836, 1867
1269, 1335, 1376, 1390, 1477, 1517, 1524, 1546, 1581
1240, 1376, 1381, 1390, 1396, 1517, 1545, 1581, 1648
1229, 1300, 1351, 1448, 1509, 1531, 1569, 1601, 1614, 1634, 1796, 1803
677, 1353, 1512, 1582, 1591, 1615, 1662, 1764, 1772
1034, 1125, 1187, 1202, 1330, 1378, 1416, 1463, 1464, 1602, 1694, 1726, 1732, 1765
1201, 1202, 1301, 1306, 1416, 1424, 1491, 1532, 1603, 1701, 1721, 1737, 1864
1019, 1054, 1096, 1132, 1259, 1272, 1302, 1320, 1340, 1366, 1410, 1423, 1455, 1467, 1493, 1514, 1525, 1526, 1533, 1538, 1539, 1542, 1556, 1574, 1585, 1604, 1615, 1639, 1660, 1665, 1705, 1722, 1738, 1739, 1745, 1767, 1789, 1790, 1809, 1849, 1873, 1883, 1904
1281, 1341, 1362, 1383, 1433, 1444, 1482, 1578, 1650, 1766
1141, 1215, 1344, 1369, 1529, 1568, 1654, 1658, 1666, 1750, 1770, 1818
1228, 1269, 1314, 1461, 1477, 1524, 1581, 1594, 1670, 1692
1007, 1166, 1355, 1356, 1411, 1468, 1485, 1505, 1543, 1570, 1616, 1651, 1713, 1778, 1799, 1817
1255, 1266, 1440, 1467, 1493, 1525, 1551, 1604, 1673, 1723, 1790
1106, 1223, 1244, 1279, 1394, 1395, 1429, 1446, 1522, 1523, 1690, 1691, 1707, 1715, 1836, 1900
1287, 1353, 1361, 1377, 1414, 1421, 1569, 1582, 1607, 1659, 1662, 1700, 1731
1037, 1219, 1227, 1339, 1403, 1491, 1504, 1625, 1640, 1699, 1788
1085, 1234, 1367, 1426, 1474, 1586, 1592, 1596, 1629, 1656, 1695, 1712
1228, 1238, 1314, 1349, 1461, 1475, 1510, 1534, 1541, 1594, 1611, 1718, 1786, 1794, 1801, 1813
1673
1313, 1327, 1380, 1400, 1457, 1469, 1477, 1572, 1573, 1610, 1669, 1774, 1821, 1823, 1828, 1847, 1854, 1857, 1886
1051, 1139, 1149, 1325, 1540, 1685, 1746, 1893
1085, 1294, 1367, 1483, 1596, 1656, 1664, 1688, 1712, 1717
1097, 1167, 1275, 1342, 1392, 1405, 1484, 1587, 1593, 1741, 1769, 1777, 1816
1368, 1398, 1456, 1597, 1629, 1683, 1740
1141, 1312, 1344, 1347, 1407, 1529, 1553, 1645, 1666, 1689, 1818, 1822
1300, 1351, 1414, 1421, 1430, 1490, 1509, 1547, 1558, 1607, 1614, 1667, 1679, 1700, 1731, 1796, 1803
1166, 1355, 1362, 1411, 1428, 1505, 1543, 1555, 1578, 1616, 1713, 1714, 1778
1250, 1277, 1398, 1426, 1427, 1474, 1629, 1678, 1683, 1695, 1784
1304, 1309, 1348, 1380, 1457, 1528, 1563, 1618, 1684, 1821, 1833, 1854
1228, 1313, 1469, 1477, 1563, 1610, 1670, 1724, 1791, 1828, 1847
1302, 1374, 1526, 1533, 1551, 1604
1315, 1401, 1408, 1420, 1446, 1510, 1541, 1581, 1606, 1611, 1775, 1802, 1813
1131, 1206, 1280, 1328, 1436, 1486, 1496, 1502, 1612, 1621, 1661, 1725, 1792
662, 1318, 1409, 1438, 1472, 1581, 1635, 1708, 1747
1166, 1362, 1383, 1428, 1433, 1465, 1505, 1543, 1552, 1570, 1650, 1713, 1714, 1753, 1766, 1778, 1865
1267, 1285, 1369, 1412, 1476, 1540, 1654
832, 1149, 1215, 1375, 1460, 1476, 1495, 1500, 1516, 1605, 1654, 1655, 1676, 1843
662, 1240, 1292, 1318, 1390, 1396, 1408, 1409, 1461, 1472, 1477, 1487, 1517, 1524, 1541, 1545, 1546, 1554, 1575, 1577, 1606, 1613, 1635, 1648, 1670, 1677, 1692, 1716, 1747, 1762, 1791, 1813, 1814, 1828, 1896
677, 1353, 1377, 1473, 1511, 1548, 1558, 1607, 1615, 1636, 1659, 1662, 1731, 1772, 1863
923, 1180, 1247, 1504, 1520, 1584, 1624, 1776, 1781, 1870
915, 923, 1293, 1338, 1503, 1504, 1520, 1583, 1613, 1776, 1820, 1851, 1870, 1876
1272, 1320, 1514, 1551, 1660, 1674, 1745, 1767, 1789
1359, 1367, 1445, 1456, 1474, 1560, 1597, 1629, 1630, 1656, 1712
1097, 1275, 1321, 1342, 1405, 1506, 1566, 1657, 1741, 1816, 1831
1665
1140, 1236, 1290, 1310, 1324, 1347, 1443, 1522, 1544, 1645, 1652, 1742, 1785, 1811, 1822
1256, 1284, 1291, 1475, 1510, 1534, 1544, 1599, 1632, 1690, 1718, 1801, 1815, 1867
1287, 1353, 1548, 1607, 1662, 1667
1085, 1227, 1234, 1432, 1560, 1596, 1682, 1712
1203, 1275, 1392, 1452, 1484, 1566, 1711, 1769, 1777
1228, 1314, 1461, 1541, 1554, 1561, 1670, 1692, 1794, 1800, 1813
1231, 1271, 1361, 1372, 1414, 1415, 1439, 1511, 1519, 1537, 1622, 1659, 1686, 1693, 1700, 1748, 1749, 1758, 1877, 1901
1085, 1165, 1208, 1227, 1319, 1367, 1483, 1488, 1492, 1560, 1565, 1592, 1624, 1656, 1682, 1702, 1712, 1717, 1728, 1872
1368, 1456, 1493, 1567, 1586, 1617, 1629, 1630, 1683, 1712, 1740
759, 1211, 1311, 1360, 1379, 1434, 1459, 1698, 1703, 1734, 1755, 1761, 1885
1284, 1291, 1458, 1494, 1544, 1590, 1632, 1742, 1751, 1797, 1815
759, 1268, 1360, 1434, 1471, 1671, 1755, 1812, 1824, 1868
1351, 1448, 1460, 1495, 1509, 1547, 1634, 1641, 1676, 1803, 1808
1034, 1084, 1378, 1464, 1549, 1732, 1759, 1765, 1805, 1825
1201, 1202, 1424, 1425, 1491, 1498, 1550, 1640, 1701, 1721, 1826, 1839, 1864
1255, 1302, 1374, 1440, 1525, 1526, 1551, 1556, 1574, 1705, 1722, 1723, 1790
1149, 1476, 1516, 1540, 1580, 1654, 1676, 1729, 1754, 1843
1363, 1401, 1408, 1420, 1575, 1581, 1620, 1680, 1716, 1775, 1802, 1813
1287, 1353, 1421, 1531, 1558, 1569, 1582, 1591, 1614, 1662, 1667, 1731, 1796
759, 1246, 1258, 1396, 1416, 1438, 1496, 1635, 1648, 1649, 1804, 1814, 1837
1242, 1427, 1485, 1651, 1675, 1678, 1696
1228, 1389, 1457, 1469, 1563, 1573, 1626, 1644, 1724, 1835, 1847, 1857
1256, 1315, 1510, 1534, 1541, 1561, 1575, 1775, 1801, 1813
1206, 1328, 1436, 1576, 1619, 1621, 1661, 1725, 1763
662, 915, 1293, 1338, 1363, 1487, 1503, 1504, 1581, 1584, 1677, 1680, 1716, 1820, 1851, 1876, 1896
1300, 1421, 1531, 1547, 1569, 1607, 1634, 1667, 1796
677, 1272, 1353, 1423, 1512, 1542, 1548, 1551, 1582, 1636, 1639, 1745, 1764, 1772, 1809
1295, 1397, 1411, 1468, 1499, 1543, 1555, 1570, 1651, 1799, 1817
1368, 1493, 1597, 1740, 1793, 1806
1304, 1348, 1379, 1380, 1459, 1507, 1572, 1698, 1734, 1761, 1773, 1823, 1833, 1850, 1854
1205, 1268, 1436, 1471, 1486, 1612, 1647, 1661, 1671, 1763, 1824, 1875, 1908
1192, 1293, 1363, 1371, 1391, 1420, 1462, 1606, 1680, 1736, 1757, 1779, 1802, 1820, 1889
1280, 1328, 1378, 1496, 1502, 1576, 1612, 1649, 1672, 1725, 1792
1365, 1372, 1415, 1439, 1595, 1623, 1686, 1748, 1749
1364, 1365, 1387, 1402, 1415, 1417, 1480, 1622, 1643, 1686, 1744, 1748, 1903
1180, 1227, 1247, 1387, 1488, 1492, 1504, 1583, 1596, 1702, 1712, 1727, 1728, 1780, 1781, 1872, 1906
1219, 1227, 1260, 1383, 1384, 1403, 1432, 1498, 1504, 1559, 1640, 1699, 1710, 1712, 1753, 1783, 1788, 1858, 1881
1228, 1251, 1389, 1441, 1469, 1475, 1527, 1610, 1632, 1644, 1719, 1724, 1786, 1800, 1835, 1840, 1899
1470, 1829
1244, 1316, 1391, 1395, 1447, 1536, 1668, 1707, 1715, 1743, 1779
1277, 1359, 1398, 1426, 1456, 1474, 1560, 1567, 1571, 1586, 1597, 1683, 1695, 1712
1368, 1445, 1456, 1493, 1586, 1597, 1712
1303, 1344, 1347, 1369, 1652, 1666, 1750, 1785, 1822
1251, 1284, 1289, 1442, 1475, 1494, 1527, 1590, 1599, 1626, 1718, 1719, 1786, 1797, 1815, 1894, 1899
1370, 1460, 1490, 1508, 1509, 1535, 1642, 1679, 1693, 1756, 1808, 1819, 1844
1448, 1453, 1531, 1547, 1601, 1614, 1641, 1667, 1796, 1803, 1808
1396, 1409, 1416, 1438, 1518, 1577, 1581, 1608, 1648, 1708, 1804, 1814
677, 1511, 1538, 1542, 1582, 1615, 1659, 1738, 1772, 1809, 1846, 1863
1810
1211, 1343, 1399, 1703, 1761
1272, 1423, 1542, 1551, 1615
1383, 1403, 1424, 1491, 1498, 1559, 1603, 1625, 1710, 1752, 1788, 1826, 1839
1448, 1453, 1470, 1495, 1601, 1634, 1667, 1676, 1735, 1808, 1829
1299, 1370, 1447, 1501, 1508, 1530, 1535, 1633, 1646, 1743, 1795, 1819, 1844
1274, 1365, 1402, 1417, 1451, 1497, 1623, 1686, 1709, 1744, 1748, 1760, 1903
1322, 1389, 1393, 1441, 1457, 1489, 1527, 1610, 1626, 1653, 1719, 1835, 1840
1290, 1312, 1344, 1347, 1407, 1522, 1523, 1544, 1568, 1589, 1666, 1689, 1707, 1785, 1822, 1836, 1887
1413, 1460, 1501, 1508, 1642, 1655, 1658, 1756, 1795, 1819
1268, 1270, 1327, 1434, 1486, 1619, 1661, 1671, 1771, 1812, 1824, 1855, 1875, 1908
1381, 1396, 1496, 1517, 1546, 1581, 1608, 1635, 1720, 1762, 1814, 1897
1246, 1416, 1496, 1502, 1608, 1621, 1672, 1732, 1792, 1804, 1837, 1848
1383, 1425, 1444, 1482, 1552, 1578, 1701, 1752, 1766, 1865
1242, 1468, 1485, 1555, 1609, 1616, 1675, 1696, 1799, 1874
1140, 1236, 1296, 1303, 1324, 1347, 1369, 1388, 1589, 1631, 1742, 1750, 1785, 1811, 1905
1457, 1489, 1527, 1528, 1644, 1684, 1833, 1835, 1840, 1862
1215, 1285, 1369, 1412, 1476, 1540, 1553, 1579, 1580, 1605, 1655, 1658, 1729, 1770, 1818, 1843
1215, 1413, 1460, 1500, 1580, 1646, 1654, 1658, 1676, 1756, 1808, 1819, 1843
1294, 1367, 1560, 1565, 1586, 1596, 1688, 1712
1127, 1282, 1405, 1465, 1506, 1587, 1706, 1714, 1816, 1831, 1891
1215, 1413, 1501, 1529, 1553, 1646, 1654, 1655, 1689, 1795, 1818
1361, 1377, 1473, 1511, 1558, 1582, 1595, 1636, 1700, 1731, 1846, 1863, 1877
1514, 1551, 1585, 1674, 1767, 1789, 1849
1270, 1327, 1381, 1436, 1486, 1496, 1576, 1612, 1619, 1647, 1720, 1725, 1763, 1771, 1792, 1908
1287, 1353, 1548, 1558, 1582, 1591, 1607, 1667, 1731, 1772, 1796
1189, 1365, 1451, 1454, 1488, 1497, 1664, 1709, 1717, 1733, 1760, 1878, 1879
1173, 1189, 1294, 1445, 1483, 1488, 1493, 1521, 1565, 1663, 1688, 1712, 1717, 1733, 1768, 1866
1526, 1533, 1551, 1588, 1705, 1722, 1739, 1873
1344, 1347, 1369, 1553, 1568, 1631, 1645, 1689, 1750, 1818, 1822
1287, 1531, 1569, 1591, 1607, 1614, 1634, 1641, 1662, 1796
1317, 1357, 1371, 1391, 1437, 1449, 1480, 1519, 1520, 1536, 1628, 1697, 1704, 1730, 1743, 1757, 1758, 1779, 1830, 1880
1327, 1380, 1459, 1563, 1774, 1823, 1886
1228, 1477, 1554, 1573, 1581, 1594, 1692, 1724, 1791, 1800, 1847
1268, 1434, 1471, 1600, 1619, 1647, 1812, 1824, 1875
1280, 1378, 1416, 1502, 1621, 1649, 1725, 1732, 1759, 1792, 1848
1440, 1493, 1556, 1562, 1790
1514, 1533, 1585, 1660, 1767
1242, 1427, 1609, 1651, 1678, 1696
1375, 1460, 1495, 1516, 1580, 1601, 1605, 1641, 1655, 1735, 1754, 1808, 1843
915, 1318, 1487, 1503, 1581, 1613, 1708, 1747, 1876, 1896
1250, 1426, 1427, 1515, 1571, 1609, 1675, 1695, 1696, 1712, 1853
1414, 1490, 1509, 1535, 1569, 1633, 1693, 1700, 1731, 1796, 1803, 1808
1293, 1363, 1420, 1606, 1613, 1620, 1716, 1802, 1820
1202, 1330, 1465, 1482, 1694, 1701, 1766, 1782, 1856
1227, 1432, 1592, 1596, 1699, 1702, 1712, 1727
1398, 1474, 1567, 1571, 1597, 1629, 1695, 1712, 1740, 1784
1457, 1489, 1528, 1572, 1653, 1821, 1833, 1835, 1862
1149, 1325, 1540, 1564, 1729, 1746, 1754, 1807
1365, 1402, 1493, 1595, 1622, 1623, 1643, 1748, 1749, 1760
1369
1294, 1483, 1565, 1656, 1664, 1712, 1717, 1733, 1859, 1866, 1882
1312, 1407, 1413, 1501, 1529, 1568, 1645, 1658, 1666, 1795, 1818, 1887
1291, 1394, 1446, 1510, 1544, 1557, 1590, 1691, 1715, 1801, 1836, 1867, 1888, 1900
1394, 1522, 1544, 1557, 1690, 1836
1292, 1461, 1524, 1541, 1554, 1581, 1594, 1670, 1794, 1800, 1813
1414, 1490, 1535, 1537, 1595, 1633, 1679, 1700, 1730, 1844, 1901
1202, 1330, 1416, 1464, 1549, 1681, 1726, 1737, 1765, 1782, 1856
1426, 1515, 1560, 1571, 1629, 1678, 1683, 1712
1427, 1485, 1609, 1651, 1675, 1678, 1712, 1783, 1874
1317, 1387, 1480, 1520, 1668, 1704, 1830, 1880
1211, 1379, 1459, 1507, 1598, 1618, 1734, 1761, 1850
1227, 1432, 1504, 1559, 1625, 1682, 1712, 1727, 1858
1361, 1414, 1558, 1569, 1595, 1659, 1679, 1693, 1731
1202, 1425, 1482, 1498, 1550, 1603, 1650, 1681, 1737, 1752, 1766, 1826, 1856, 1864
1227, 1596, 1624, 1682, 1712, 1727
1211, 1598, 1638, 1761, 1885
1415, 1449, 1480, 1519, 1668, 1697, 1748, 1758, 1880, 1903
1526, 1551, 1604, 1665, 1722, 1723, 1790, 1873, 1904
1282, 1499, 1543, 1657, 1714, 1892
1244, 1395, 1407, 1447, 1522, 1523, 1557, 1628, 1645, 1715, 1743, 1836, 1887, 1900
1318, 1416, 1422, 1438, 1491, 1503, 1513, 1577, 1635, 1677, 1747, 1838, 1839, 1876
1417, 1451, 1488, 1497, 1643, 1663, 1717, 1728, 1744, 1760, 1898
1383, 1498, 1625, 1640, 1752, 1753, 1788, 1881
1203, 1354, 1452, 1465, 1484, 1593, 1769, 1777, 1782, 1805
1234, 1294, 1367, 1384, 1426, 1427, 1432, 1445, 1485, 1493, 1515, 1560, 1565, 1586, 1592, 1596, 1597, 1624, 1625, 1629, 1630, 1656, 1664, 1678, 1682, 1683, 1688, 1695, 1696, 1699, 1702, 1717, 1727, 1728, 1740, 1753, 1768, 1781, 1783, 1845, 1858, 1859, 1866, 1872, 1882, 1906
1485, 1505, 1555, 1570, 1578, 1753, 1766, 1778, 1783, 1799, 1817, 1865, 1874
1282, 1428, 1433, 1465, 1543, 1570, 1578, 1657, 1706, 1766, 1778, 1892
1391, 1395, 1446, 1557, 1628, 1690, 1707, 1736, 1779, 1888, 1900
1292, 1363, 1408, 1487, 1581, 1606, 1613, 1680, 1896
1483, 1488, 1565, 1596, 1663, 1664, 1688, 1709, 1712, 1728, 1733, 1859, 1879, 1898
1475, 1510, 1534, 1561, 1590, 1632, 1786, 1794, 1801, 1813, 1815
1251, 1289, 1442, 1527, 1626, 1632, 1644, 1840, 1899
1381, 1496, 1517, 1648, 1661, 1762, 1771, 1792, 1814, 1837, 1897
1416, 1491, 1532, 1550, 1603, 1737, 1839, 1864
1526, 1551, 1604, 1665, 1705, 1723, 1790, 1873
1556, 1604, 1705, 1722, 1790
1228, 1469, 1573, 1610, 1626, 1670, 1800, 1835, 1847, 1857
1034, 1328, 1378, 1576, 1612, 1621, 1661, 1672, 1759, 1792
1416, 1549, 1694, 1765
1227, 1504, 1624, 1682, 1699, 1702, 1712, 1781, 1906
1488, 1596, 1624, 1709, 1712, 1717, 1780, 1859, 1872, 1898, 1906
1149, 1540, 1605, 1654, 1685, 1746, 1754, 1832, 1843
1437, 1519, 1535, 1536, 1537, 1668, 1693, 1743, 1758, 1844, 1901
1421, 1558, 1569, 1582, 1607, 1659, 1662, 1679, 1700, 1796
1378, 1416, 1549, 1602, 1649, 1672, 1759, 1765, 1848
1189, 1454, 1493, 1521, 1663, 1664, 1688, 1717, 1768, 1798, 1859, 1860, 1866, 1878, 1879, 1882
1379, 1434, 1459, 1598, 1618, 1698, 1755, 1761, 1812, 1842, 1850, 1868, 1885
1470, 1495, 1516, 1641, 1676, 1841
1391, 1420, 1446, 1620, 1715, 1779, 1802, 1888, 1889
1202, 1416, 1550, 1694, 1701, 1721, 1856, 1864
1493, 1511, 1538, 1542, 1551, 1636, 1809, 1846, 1902
1514, 1533, 1551, 1665, 1767, 1873, 1883
1493, 1567, 1597, 1617, 1683, 1712, 1793, 1845, 1907
1566, 1587, 1816
1310, 1324, 1458, 1544, 1589, 1599, 1652, 1751, 1797, 1811, 1815, 1867
1316, 1447, 1535, 1536, 1628, 1642, 1668, 1707, 1730, 1779, 1844
1247, 1387, 1417, 1480, 1488, 1520, 1623, 1643, 1709, 1776, 1780, 1830, 1880, 1903
1272, 1551, 1585, 1615, 1764, 1789, 1809, 1849
1325, 1540, 1564, 1685, 1729, 1832, 1893
1318, 1438, 1503, 1577, 1581, 1677, 1708, 1876
1415, 1480, 1595, 1622, 1623, 1643, 1686, 1704, 1758, 1884, 1903
1365, 1439, 1493, 1511, 1595, 1622, 1686, 1877
1369, 1553, 1631, 1652, 1666, 1770, 1822
1324, 1458, 1494, 1599, 1742, 1797, 1811, 1894
1383, 1425, 1498, 1640, 1650, 1701, 1710, 1766, 1826, 1865
1383, 1384, 1485, 1505, 1578, 1625, 1710, 1712, 1713, 1783, 1865, 1881
1149, 1516, 1605, 1676, 1685, 1729, 1841, 1843
1311, 1360, 1434, 1598, 1600, 1734, 1868, 1885
1460, 1508, 1633, 1646, 1655, 1808, 1819
1293, 1371, 1520, 1620, 1668, 1779, 1820, 1830, 1889
1415, 1519, 1537, 1595, 1668, 1704, 1730, 1748, 1884, 1901
1034, 1378, 1602, 1672, 1725, 1732, 1765
1365, 1451, 1454, 1643, 1663, 1686, 1709, 1878, 1890, 1895
1211, 1343, 1507, 1598, 1618, 1638, 1698, 1703, 1734, 1834, 1850, 1885
1327, 1477, 1517, 1581, 1648, 1720, 1771, 1814, 1828, 1897, 1909
1436, 1471, 1612, 1619, 1661, 1824
1272, 1512, 1548, 1615, 1745, 1772, 1809, 1849
1416, 1464, 1549, 1602, 1694, 1726, 1732, 1759, 1782, 1805, 1825
1281, 1433, 1465, 1482, 1552, 1578, 1650, 1681, 1701, 1713, 1714, 1752, 1778, 1865
1514, 1533, 1551, 1585, 1660, 1674, 1739, 1789, 1849, 1883
1445, 1493, 1664, 1712, 1733, 1793, 1845, 1860, 1866
1392, 1566, 1593, 1711, 1777, 1816
1369, 1553, 1654, 1750
1327, 1381, 1517, 1647, 1661, 1720, 1762, 1855, 1909
1548, 1582, 1615, 1636, 1662, 1764, 1809
1380, 1459, 1618, 1823, 1842, 1850
1327, 1459, 1477, 1563, 1669, 1828, 1855, 1886, 1909
1446, 1510, 1575, 1606, 1611, 1801, 1802, 1813, 1871
1247, 1520, 1583, 1584, 1744, 1780, 1781, 1820, 1830, 1870
1405, 1465, 1484, 1566, 1593, 1711, 1769, 1816, 1891
1543, 1555, 1570, 1578, 1713, 1714, 1766, 1817, 1892
1371, 1391, 1420, 1620, 1628, 1668, 1715, 1736, 1743, 1757, 1889
1247, 1387, 1488, 1624, 1728, 1744, 1776, 1781, 1906
1247, 1504, 1583, 1624, 1712, 1727, 1776, 1780, 1870, 1906
1330, 1354, 1464, 1465, 1681, 1694, 1711, 1765, 1805
1384, 1485, 1625, 1696, 1712, 1713, 1753, 1874
1571, 1683
1347, 1589, 1631, 1645, 1652, 1822
1228, 1475, 1561, 1626, 1632, 1718, 1794, 1800, 1815, 1899
1869
1491, 1504, 1559, 1625, 1640, 1710, 1838, 1839, 1881
1551, 1585, 1660, 1745, 1767, 1849
1493, 1551, 1556, 1604, 1673, 1705, 1722, 1723, 1861, 1904
1477, 1573, 1581, 1670, 1828, 1847
1496, 1576, 1621, 1649, 1661, 1672, 1720, 1725, 1837, 1848
1493, 1617, 1740, 1768, 1806, 1845, 1860
1228, 1561, 1594, 1692, 1718, 1786, 1800, 1813
1407, 1447, 1501, 1642, 1646, 1658, 1689, 1819, 1887
1531, 1547, 1569, 1607, 1614, 1634, 1662, 1667, 1679, 1731, 1803
1289, 1324, 1494, 1599, 1632, 1742, 1751, 1815, 1894
1454, 1493, 1521, 1733, 1806, 1852, 1860
1485, 1555, 1616, 1651, 1713, 1817, 1874
1228, 1594, 1626, 1670, 1692, 1724, 1786, 1794, 1899
1446, 1510, 1561, 1590, 1611, 1690, 1718, 1775, 1813, 1815, 1867, 1871, 1888
1420, 1446, 1575, 1606, 1620, 1680, 1736, 1775, 1820, 1871, 1888, 1889
1509, 1547, 1569, 1601, 1634, 1679, 1796, 1808
1416, 1438, 1608, 1635, 1649, 1814, 1837, 1848
1354, 1464, 1602, 1711, 1765, 1782, 1825
1493, 1617, 1793, 1798, 1810, 1860
1149, 1685, 1893
1460, 1509, 1601, 1633, 1634, 1641, 1655, 1676, 1679, 1756, 1803, 1819
1272, 1542, 1551, 1615, 1636, 1738, 1745, 1764, 1772, 1849
1637, 1806
1289, 1324, 1388, 1589, 1652, 1742, 1751, 1894
1434, 1600, 1647, 1671, 1734, 1824, 1842, 1855, 1868, 1875
1541, 1561, 1575, 1581, 1594, 1606, 1611, 1692, 1718, 1775, 1794, 1801
1496, 1581, 1608, 1635, 1648, 1720, 1762, 1804, 1837, 1897
1544, 1590, 1599, 1632, 1718, 1742, 1786, 1797, 1801, 1867
1405, 1566, 1587, 1657, 1741, 1769, 1777, 1831, 1891
1543, 1555, 1616, 1713, 1778, 1799, 1892
1529, 1553, 1568, 1654, 1658, 1666, 1689
1460, 1508, 1633, 1642, 1646, 1655, 1756, 1795, 1808
1293, 1520, 1584, 1613, 1620, 1680, 1757, 1776, 1802, 1830, 1851, 1889
1457, 1563, 1572, 1684, 1833, 1835, 1854, 1857, 1862
1347, 1568, 1589, 1631, 1645, 1666, 1750, 1785
1380, 1459, 1563, 1618, 1669, 1773, 1842, 1850, 1854, 1886
1471, 1600, 1619, 1647, 1671, 1763, 1812, 1875, 1908
1464, 1602, 1765, 1805
1498, 1603, 1640, 1701, 1752, 1839, 1864
1304, 1507, 1833, 1834
1327, 1477, 1563, 1573, 1581, 1762, 1774, 1791, 1847, 1909
1627, 1641
1371, 1387, 1480, 1520, 1668, 1697, 1744, 1757, 1776, 1820, 1880
1587, 1657, 1816
1369, 1540, 1729, 1746
1304, 1507, 1528, 1572, 1618, 1653, 1684, 1821, 1827, 1835, 1840, 1854, 1862
1343, 1507, 1761, 1827
1457, 1610, 1626, 1644, 1653, 1684, 1724, 1821, 1833, 1840, 1857, 1862
1522, 1544, 1557, 1645, 1690, 1691, 1707, 1867, 1900
1496, 1608, 1649, 1720, 1792, 1804, 1814, 1848
1491, 1503, 1504, 1708, 1788, 1839, 1876
1416, 1491, 1503, 1603, 1640, 1708, 1721, 1788, 1826, 1838, 1864
1527, 1626, 1644, 1653, 1719, 1833, 1835
1149, 1516, 1735, 1754
1434, 1459, 1734, 1773, 1812, 1823, 1850, 1855, 1886
1580, 1605, 1654, 1655, 1676, 1729, 1754
1535, 1633, 1642, 1693, 1730, 1743
1493, 1712, 1740, 1768, 1793, 1866
1493, 1511, 1636, 1659, 1738, 1863, 1877
1563, 1573, 1610, 1670, 1724, 1791, 1828, 1857
1416, 1649, 1672, 1732, 1792, 1804, 1837
1551, 1660, 1745, 1764, 1767, 1789, 1809, 1883
1459, 1618, 1698, 1734, 1761, 1773, 1823, 1842, 1854
1293, 1584, 1613, 1820
1493, 1798
1678
1304, 1380, 1563, 1572, 1618, 1821, 1823, 1833, 1850
1327, 1434, 1459, 1647, 1771, 1774, 1812, 1842, 1886, 1909
1202, 1681, 1694, 1701, 1737
1457, 1563, 1610, 1724, 1821, 1835, 1847
1432, 1625, 1699, 1712, 1881
1688, 1712, 1717, 1728, 1733, 1872, 1882, 1898
1493, 1733, 1768, 1793, 1798, 1806
1790
1653, 1684, 1821, 1833, 1835
1582, 1636, 1659, 1846
1550, 1603, 1701, 1721, 1737, 1826, 1839
1383, 1578, 1650, 1713, 1752, 1753, 1766
1664, 1688, 1712, 1733, 1768, 1845, 1882
1544, 1590, 1690, 1742, 1801, 1815, 1836
1434, 1600, 1734, 1755, 1812
1787
1504, 1583, 1584, 1776, 1781
1446, 1775, 1801, 1802, 1888
1596, 1624, 1712, 1728, 1859
1551, 1665, 1705, 1722, 1739, 1883, 1904
1485, 1651, 1696, 1713, 1783, 1799
1619, 1647, 1671, 1812, 1824, 1908
1503, 1504, 1584, 1613, 1677, 1708, 1747, 1838
1493, 1511, 1595, 1659, 1749, 1846
1365, 1454, 1493, 1663, 1733, 1760, 1879, 1890
1454, 1663, 1717, 1733, 1878
1480, 1668, 1697, 1704, 1744, 1830, 1903
1383, 1625, 1710, 1753, 1788, 1858
1688, 1712, 1733, 1859, 1866
1551, 1739, 1767, 1849, 1873
1748, 1758
1598, 1703, 1734, 1755, 1761
1459, 1563, 1669, 1774, 1823, 1842, 1855
1407, 1447, 1645, 1689, 1707, 1795
1446, 1690, 1715, 1736, 1801, 1802, 1871
1293, 1620, 1736, 1757, 1779, 1802, 1820
1365, 1454, 1493, 1760, 1878, 1895
1405, 1465, 1657, 1777, 1816
1543, 1706, 1714, 1778, 1817
1564, 1746, 1807
1289, 1324, 1632, 1751, 1797, 1811
1365, 1493, 1760, 1890
1581, 1613, 1677, 1716
1648, 1720, 1762, 1814
1488, 1709, 1717, 1728, 1859
1626, 1632, 1719, 1786, 1800
1557, 1690, 1707, 1715, 1836
1537, 1595, 1693, 1730, 1758
1738
1480, 1623, 1643, 1704, 1744, 1748, 1880
1551, 1705, 1790, 1873
1652
1624, 1712, 1727, 1728, 1780, 1781
1740
1619, 1647, 1661, 1824, 1875
1327, 1762, 1771, 1774, 1828, 1855
1493
