874, 1162, 1123, 1192
874, 1123, 1136, 1192
874, 928, 1136, 1293
874, 1136, 1192, 1293
1293, 1613, 1680, 1820
1293, 1889, 1757, 1820
874, 1162, 1115, 1192
1162, 1115, 1123, 1192
471, 145, 149, 171
1192, 1123, 1136, 1520
1192, 1136, 1293, 1520
1293, 1520, 1584, 1820
1293, 1520, 1757, 1820
1520, 1584, 1776, 1820
1520, 1744, 1776, 1830
1520, 1757, 1820, 1830
1520, 1776, 1820, 1830
1123, 1136, 1317, 1520
471, 173, 171, 474
474, 171, 173, 198
1192, 1115, 1123, 1371
1192, 1123, 1371, 1520
1192, 1293, 1371, 1520
1293, 1371, 1520, 1757
1520, 1371, 1830, 1668
1520, 1371, 1830, 1757
1192, 1115, 1462, 1371
1123, 1317, 1371, 1520
1520, 1317, 1371, 1668
1371, 1668, 1757, 1779
1371, 1830, 1668, 1757
1293, 1620, 1680, 1820
1293, 1889, 1620, 1757
1293, 1889, 1620, 1820
1192, 1293, 1371, 1620
1293, 1371, 1620, 1757
1192, 1462, 1371, 1620
1371, 1620, 1757, 1779
1192, 1420, 1462, 1620
1420, 1620, 1736, 1802
1420, 1680, 1606, 1620
1420, 1779, 1620, 1736
1420, 1606, 1620, 1802
1620, 1680, 1802, 1820
1620, 1736, 1779, 1889
1620, 1736, 1802, 1889
1620, 1757, 1779, 1889
1620, 1802, 1820, 1889
1620, 1606, 1680, 1802
995, 860, 768, 861
703, 768, 860, 861
851, 703, 781, 861
703, 781, 860, 861
1123, 1115, 1213, 1371
1520, 1247, 1744, 1776
1247, 1744, 1776, 1780
1247, 1776, 1780, 1781
703, 471, 561, 768
703, 471, 474, 561
412, 173, 202, 213
703, 651, 768, 860
703, 651, 781, 860
703, 651, 768, 561
768, 561, 860, 651
1192, 1115, 1462, 1391
1115, 1462, 1371, 1391
1371, 1391, 1668, 1779
1192, 1391, 1115, 1420
1192, 1391, 1420, 1462
1420, 1779, 1391, 1736
1462, 1371, 1391, 1620
1371, 1391, 1620, 1779
1462, 1420, 1391, 1620
1420, 1779, 1391, 1620
1115, 1213, 1371, 1391
1391, 1628, 1668, 1779
1391, 1628, 1715, 1779
1391, 1715, 1736, 1779
394, 167, 168, 173
394, 167, 173, 190
394, 167, 178, 193
394, 167, 190, 193
1520, 1697, 1668, 1830
1520, 1317, 1697, 1668
1697, 1704, 1668, 1880
1697, 1880, 1668, 1830
1520, 1583, 1584, 1776
1520, 1247, 1583, 1776
1247, 1583, 1776, 1781
1583, 1504, 1584, 1870
1583, 1504, 1781, 1870
1583, 1584, 1776, 1870
1583, 1776, 1781, 1870
411, 82, 107, 116
411, 107, 116, 132
411, 107, 126, 132
1123, 1317, 1357, 1371
1317, 1357, 1371, 1668
1123, 1060, 1317, 1357
1123, 1213, 1357, 1371
1123, 1060, 1213, 1357
1371, 1357, 1391, 1668
1371, 1213, 1357, 1391
471, 145, 171, 417
471, 171, 417, 474
474, 171, 198, 417
471, 417, 474, 561
474, 198, 417, 561
417, 145, 155, 183
417, 145, 171, 183
417, 155, 183, 198
417, 171, 183, 198
692, 411, 526, 701
526, 126, 144, 145
1136, 1317, 1480, 1520
1520, 1317, 1697, 1480
1317, 1697, 1480, 1668
1697, 1704, 1480, 1668
1697, 1704, 1480, 1880
1697, 1880, 1480, 1830
1317, 1357, 1480, 1668
1480, 1704, 1748, 1903
1480, 1704, 1880, 1903
1480, 1744, 1830, 1880
1480, 1744, 1880, 1903
1520, 1387, 1830, 1744
1136, 1247, 1387, 1520
1520, 1247, 1387, 1744
1136, 1137, 1247, 1387
1247, 1387, 1780, 1744
1137, 1053, 1247, 1387
1520, 1387, 1697, 1830
1136, 1387, 1480, 1520
1136, 1137, 1480, 1387
1520, 1387, 1697, 1480
1697, 1387, 1480, 1830
1480, 1387, 1830, 1744
471, 145, 417, 546
417, 145, 155, 546
471, 145, 526, 546
471, 526, 546, 779
526, 144, 145, 546
546, 144, 145, 155
471, 417, 561, 573
471, 417, 546, 573
417, 155, 546, 573
779, 526, 546, 783
779, 526, 783, 884
1000, 962, 1074, 1338
1247, 1053, 1248, 1387
1420, 1446, 1736, 1802
1420, 1391, 1446, 1736
1391, 1446, 1715, 1736
1446, 1715, 1736, 1888
1446, 1736, 1802, 1888
1446, 1775, 1801, 1871
1446, 1775, 1802, 1871
1446, 1801, 1871, 1888
1446, 1802, 1871, 1888
768, 860, 897, 687
768, 471, 687, 779
768, 687, 779, 897
768, 471, 561, 687
768, 561, 860, 687
860, 651, 687, 561
897, 687, 779, 904
471, 546, 687, 779
471, 561, 573, 687
471, 546, 573, 687
779, 687, 783, 546
781, 592, 950, 736
1420, 1575, 1606, 1802
1420, 1446, 1575, 1802
1446, 1575, 1775, 1802
1575, 1581, 1606, 1813
1575, 1606, 1775, 1802
1575, 1606, 1775, 1813
373, 120, 127, 133
373, 120, 133, 142
373, 118, 120, 127
394, 167, 178, 327
327, 158, 167, 178
1357, 1449, 1480, 1668
1480, 1449, 1668, 1704
779, 755, 904, 1027
779, 755, 884, 1027
779, 755, 783, 884
779, 687, 755, 904
779, 687, 783, 755
546, 687, 783, 755
1014, 895, 1053, 1137
1137, 895, 1053, 1387
1053, 895, 1248, 1387
546, 568, 573, 155
1338, 1613, 1503, 1584
1338, 1503, 1584, 1504
1338, 1074, 1503, 1504
1503, 1504, 1838, 1876
1503, 1708, 1838, 1876
1503, 1839, 1708, 1838
897, 931, 687, 904
956, 526, 889, 908
956, 526, 884, 908
956, 884, 908, 1027
1391, 1395, 1628, 1715
1391, 1395, 1446, 1715
1395, 1628, 1707, 1715
781, 534, 592, 736
1060, 1200, 1213, 1357
1213, 1200, 1357, 1391
1060, 1027, 1200, 1213
1060, 904, 1027, 1200
1060, 1178, 1200, 1357
1060, 904, 1178, 1200
1338, 1339, 962, 1504
1338, 1339, 1074, 1504
1338, 1339, 962, 1074
394, 178, 193, 395
395, 162, 178, 186
395, 178, 186, 193
395, 191, 162, 186
395, 191, 193, 186
561, 198, 651, 475
475, 198, 203, 214
475, 189, 198, 203
394, 190, 193, 517
394, 193, 395, 517
394, 395, 517, 642
517, 190, 193, 200
1503, 1747, 1318, 1708
1472, 1577, 1318, 1581
1318, 1577, 1581, 1747
1318, 1577, 1708, 1747
592, 213, 381, 462
462, 213, 224, 381
381, 224, 241, 249
1053, 895, 982, 1248
1213, 956, 1027, 1114
956, 908, 1027, 1114
1213, 1027, 1114, 1200
546, 554, 573, 687
546, 554, 687, 755
546, 568, 573, 554
573, 568, 155, 554
411, 594, 734, 896
950, 736, 844, 924
1391, 1536, 1628, 1668
1391, 1357, 1536, 1668
1357, 1449, 1536, 1668
1391, 1200, 1357, 1536
1536, 1628, 1668, 1743
1536, 1668, 1730, 1743
411, 526, 607, 734
526, 144, 513, 546
546, 144, 155, 513
526, 513, 546, 783
546, 513, 755, 783
884, 513, 755, 783
546, 568, 155, 513
546, 513, 554, 755
546, 568, 513, 554
513, 129, 144, 155
734, 594, 876, 896
526, 607, 772, 734
962, 1037, 1180, 1504
962, 1037, 1339, 1504
1065, 844, 989, 833
1065, 833, 989, 1102
1247, 1417, 1248, 1387
1417, 1643, 1709, 1744
526, 734, 827, 889
889, 734, 827, 896
734, 827, 876, 896
896, 827, 876, 1079
526, 772, 734, 827
904, 755, 979, 1027
904, 687, 755, 979
904, 687, 931, 979
904, 931, 979, 1178
904, 979, 1027, 1200
904, 979, 1178, 1200
1446, 1510, 1775, 1801
1446, 1510, 1575, 1775
1480, 1623, 1744, 1903
1480, 1623, 1748, 1903
1480, 1387, 1623, 1744
1387, 1417, 1623, 1744
1417, 1623, 1643, 1744
1623, 1643, 1686, 1748
1623, 1643, 1744, 1903
1623, 1643, 1748, 1903
1074, 986, 1422, 1503
1503, 1318, 1422, 1708
411, 398, 82, 107
1387, 895, 1248, 1254
1387, 1248, 1417, 1254
1180, 989, 1065, 1227
1065, 989, 1102, 1227
1180, 1037, 1227, 1504
989, 1102, 833, 1227
1227, 1504, 1699, 1727
1449, 1519, 1668, 1704
1519, 1668, 1704, 1758
1519, 1668, 1730, 1758
411, 82, 512, 594
411, 512, 594, 734
411, 512, 607, 734
411, 398, 512, 82
411, 398, 607, 512
526, 647, 783, 884
526, 647, 889, 908
526, 647, 884, 908
526, 647, 783, 513
884, 647, 783, 513
526, 647, 889, 827
889, 647, 827, 908
561, 198, 365, 417
417, 155, 198, 365
561, 365, 417, 573
417, 155, 365, 573
561, 365, 573, 687
561, 198, 365, 475
475, 203, 365, 188
475, 203, 365, 189
475, 189, 198, 365
573, 155, 365, 554
573, 365, 554, 687
475, 188, 365, 565
365, 155, 172, 180
365, 155, 180, 189
365, 155, 189, 198
365, 172, 180, 188
365, 180, 188, 189
365, 157, 172, 188
365, 203, 188, 189
1575, 1611, 1775, 1813
1315, 1510, 1575, 1611
1575, 1510, 1611, 1775
1510, 1611, 1775, 1801
1611, 1775, 1801, 1813
462, 224, 381, 420
381, 224, 241, 420
1357, 1178, 1437, 1449
1357, 1178, 1200, 1437
1357, 1449, 1536, 1437
1449, 1536, 1437, 1668
1357, 1200, 1437, 1536
1536, 1437, 1668, 1730
1449, 1437, 1519, 1668
1449, 1178, 1437, 1519
1519, 1437, 1668, 1730
1315, 1222, 1510, 1256
1315, 1256, 1510, 1611
462, 224, 342, 420
420, 224, 241, 342
342, 224, 232, 241
342, 232, 241, 253
342, 232, 248, 253
960, 659, 727, 810
960, 659, 810, 1080
1080, 659, 810, 1170
986, 1216, 1503, 1318
986, 1216, 1503, 1422
1503, 1216, 1318, 1422
1387, 1364, 895, 1402
1387, 1364, 1623, 1402
1387, 1402, 1417, 1623
1417, 1402, 1623, 1643
1623, 1402, 1686, 1643
1387, 895, 1254, 1402
1387, 1254, 1402, 1417
895, 1207, 1364, 1402
895, 1207, 1254, 1402
1315, 1394, 1446, 1510
1315, 1222, 1510, 1394
1222, 1256, 1394, 1510
1446, 1395, 1557, 1715
1395, 1557, 1707, 1715
1446, 1223, 1395, 1557
1446, 1223, 1394, 1557
1557, 1707, 1715, 1900
1557, 1707, 1836, 1900
475, 203, 214, 419
419, 203, 214, 227
687, 756, 931, 813
1339, 1037, 1504, 1559
1037, 1227, 1504, 1559
1227, 1559, 1699, 1504
1027, 1224, 1114, 1200
1200, 1224, 1437, 1536
526, 607, 772, 719
734, 607, 772, 719
734, 719, 827, 876
526, 772, 719, 827
734, 772, 719, 827
1178, 1200, 1231, 1437
1178, 1231, 1437, 1519
526, 126, 144, 391
526, 144, 391, 513
513, 129, 144, 391
526, 391, 513, 647
391, 97, 126, 129
391, 126, 129, 144
1074, 986, 1022, 1422
986, 1022, 1216, 1422
687, 940, 756, 931
931, 756, 813, 940
342, 232, 248, 413
413, 215, 219, 328
413, 215, 232, 328
413, 219, 248, 328
413, 232, 248, 328
568, 452, 155, 554
568, 452, 155, 513
755, 452, 513, 554
568, 452, 513, 554
513, 129, 155, 452
554, 365, 452, 155
449, 146, 152, 162
146, 142, 147, 162
146, 147, 152, 162
146, 154, 142, 162
1178, 1231, 1372, 1519
1519, 1231, 1372, 1595
535, 146, 449, 596
844, 830, 924, 1102
844, 830, 833, 1102
1510, 1256, 1534, 1611
1339, 1037, 1403, 1559
594, 810, 836, 887
411, 107, 126, 326
411, 126, 326, 526
411, 326, 526, 607
411, 398, 107, 326
411, 398, 607, 326
398, 82, 107, 326
607, 398, 326, 512
398, 512, 82, 326
526, 326, 607, 719
526, 126, 326, 391
526, 326, 391, 647
391, 97, 126, 326
326, 78, 86, 91
326, 82, 91, 107
326, 86, 91, 107
326, 86, 97, 107
326, 97, 107, 126
687, 554, 698, 755
687, 698, 755, 979
755, 452, 554, 698
1074, 1491, 1503, 1504
1503, 1491, 1504, 1838
1503, 1839, 1491, 1708
1503, 1839, 1491, 1838
1074, 1339, 1491, 1504
1074, 1422, 1491, 1503
1503, 1422, 1491, 1708
1339, 1491, 1504, 1559
1559, 1491, 1504, 1788
1074, 1022, 1422, 1491
1422, 1022, 1216, 1491
1074, 1403, 1339, 1491
1339, 1403, 1491, 1559
1491, 1416, 1708, 1839
1491, 1416, 1721, 1839
1491, 1504, 1788, 1838
1491, 1788, 1838, 1839
1491, 1513, 1708, 1416
895, 1083, 813, 1101
895, 1083, 1207, 1101
1417, 1497, 1643, 1709
876, 827, 883, 719
1170, 1238, 1256, 1534
1292, 1692, 1524, 1581
1292, 1524, 1390, 1581
967, 983, 1142, 1198
1248, 1066, 895, 982
1248, 1066, 895, 1254
1248, 1066, 982, 1254
895, 1066, 1207, 1254
967, 1043, 723, 983
833, 786, 830, 1010
833, 786, 963, 1010
1510, 1561, 1718, 1801
1510, 1561, 1611, 1801
1611, 1561, 1801, 1813
1510, 1534, 1561, 1718
1510, 1534, 1561, 1611
1561, 1718, 1786, 1794
1561, 1718, 1794, 1813
1561, 1718, 1801, 1813
763, 535, 625, 723
763, 625, 723, 758
1536, 1535, 1730, 1743
1536, 1437, 1535, 1730
1536, 1224, 1437, 1535
1535, 1633, 1642, 1844
1535, 1633, 1693, 1844
1535, 1642, 1743, 1844
1535, 1693, 1730, 1844
1535, 1730, 1743, 1844
1535, 1679, 1633, 1693
687, 931, 979, 1048
931, 979, 1048, 1178
1178, 979, 1048, 1200
1200, 1048, 1224, 1437
1178, 1200, 1231, 1048
1200, 1231, 1048, 1437
1437, 1048, 1224, 1535
1227, 1682, 1699, 1727
1227, 1682, 1702, 1727
1702, 1682, 1712, 1727
1682, 1699, 1712, 1727
1623, 1622, 1686, 1748
1622, 1595, 1686, 1748
1622, 1595, 1686, 1749
517, 200, 219, 369
369, 199, 200, 219
369, 199, 201, 219
369, 195, 199, 201
687, 940, 789, 931
687, 940, 756, 789
687, 789, 931, 1048
931, 789, 940, 1048
1561, 1594, 1794, 1813
1594, 1670, 1692, 1800
1594, 1692, 1794, 1800
1594, 1692, 1794, 1813
1519, 1537, 1595, 1758
1519, 1537, 1730, 1758
1519, 1437, 1537, 1730
1519, 1231, 1537, 1595
1519, 1231, 1437, 1537
1437, 1535, 1537, 1730
1535, 1537, 1693, 1730
1437, 1048, 1231, 1537
1437, 1048, 1535, 1537
1537, 1595, 1693, 1901
1537, 1595, 1758, 1901
1537, 1693, 1730, 1901
1537, 1730, 1758, 1901
1510, 1590, 1718, 1801
1510, 1534, 1590, 1718
1510, 1256, 1534, 1590
1590, 1544, 1815, 1867
1590, 1718, 1801, 1815
1590, 1801, 1815, 1867
513, 129, 391, 399
513, 391, 399, 647
391, 97, 129, 399
513, 129, 399, 452
452, 129, 350, 399
647, 326, 391, 399
399, 97, 108, 129
399, 108, 114, 350
399, 108, 129, 350
399, 109, 97, 108
813, 756, 824, 940
813, 623, 756, 824
756, 789, 824, 940
940, 789, 824, 1048
592, 355, 534, 736
592, 355, 381, 462
592, 355, 381, 534
381, 241, 249, 355
462, 355, 381, 420
381, 241, 355, 420
615, 342, 355, 462
462, 342, 355, 420
420, 241, 342, 355
342, 241, 253, 355
342, 248, 253, 355
342, 248, 355, 413
844, 355, 830, 833
567, 355, 413, 588
833, 355, 786, 830
355, 241, 249, 269
355, 241, 253, 261
355, 241, 261, 269
355, 248, 253, 261
355, 248, 261, 284
355, 249, 269, 283
355, 261, 269, 284
355, 269, 283, 297
355, 269, 284, 297
895, 1172, 1066, 1207
535, 142, 146, 368
146, 142, 147, 368
146, 147, 152, 368
535, 146, 368, 596
535, 368, 596, 723
535, 368, 625, 723
368, 130, 142, 147
368, 102, 142, 130
1037, 1219, 1227, 1559
1037, 963, 1219, 1227
1037, 1219, 1403, 1559
1037, 1181, 1219, 1403
1037, 1138, 1181, 1219
1037, 963, 1116, 1219
1037, 1116, 1138, 1219
449, 146, 152, 497
449, 146, 497, 596
146, 152, 368, 497
146, 368, 497, 596
1417, 1402, 1451, 1643
1417, 1254, 1402, 1451
1417, 1497, 1643, 1451
1417, 1254, 1451, 1497
1497, 1643, 1451, 1709
1254, 1066, 1497, 1451
1451, 1643, 1709, 1760
687, 698, 854, 979
687, 854, 979, 1048
687, 698, 789, 854
687, 789, 854, 1048
1524, 1692, 1554, 1581
1594, 1554, 1670, 1692
1554, 1581, 1670, 1692
391, 358, 97, 326
391, 358, 97, 399
391, 358, 326, 399
399, 109, 358, 97
669, 1066, 1103, 1194
1257, 1524, 1269, 1390
1178, 1231, 1271, 1372
1231, 1271, 1372, 1595
1178, 1048, 1231, 1271
1231, 1271, 1537, 1595
1231, 1048, 1271, 1537
449, 152, 182, 497
449, 182, 497, 596
182, 152, 160, 177
594, 714, 836, 887
967, 983, 1032, 1198
967, 1043, 983, 1032
967, 1043, 723, 1032
369, 201, 219, 422
422, 201, 219, 231
422, 201, 229, 231
1257, 1142, 1376, 1390
1257, 983, 1142, 1376
1142, 983, 1198, 1376
1257, 1269, 1376, 1390
413, 219, 248, 386
413, 248, 355, 386
413, 355, 386, 588
386, 219, 244, 248
386, 244, 248, 262
386, 244, 250, 262
369, 199, 359, 195
369, 195, 201, 359
359, 177, 195, 201
1390, 1524, 1545, 1581
1390, 1269, 1524, 1545
1390, 1269, 1376, 1545
526, 559, 647, 827
526, 559, 719, 827
526, 326, 559, 647
526, 326, 559, 719
647, 326, 399, 559
326, 358, 399, 559
1372, 1061, 1101, 1226
719, 326, 613, 742
326, 613, 673, 742
719, 326, 559, 613
386, 366, 219, 244
386, 366, 244, 250
366, 219, 244, 250
1216, 1532, 1022, 1513
1216, 1532, 1491, 1513
1216, 1532, 1022, 1491
1491, 1416, 1513, 1532
1491, 1532, 1721, 1416
1256, 1238, 1284, 1534
1256, 1284, 1534, 1590
1523, 1645, 1407, 1707
1407, 1645, 1689, 1887
1407, 1645, 1707, 1887
1407, 1689, 1795, 1887
940, 1082, 824, 1048
1101, 1082, 824, 1226
1101, 1082, 740, 824
1101, 740, 1226, 1082
967, 596, 661, 723
596, 368, 661, 723
596, 368, 497, 661
967, 661, 723, 1032
1535, 1370, 1633, 1642
1224, 1048, 1177, 1370
1224, 1048, 1370, 1535
1224, 1370, 1530, 1535
1535, 1370, 1530, 1642
1224, 1177, 1370, 1419
1224, 1370, 1419, 1530
473, 46, 69, 88
473, 69, 88, 89
1403, 1181, 1219, 1260
647, 399, 559, 697
647, 559, 697, 888
369, 201, 422, 491
369, 201, 359, 491
1177, 1048, 1345, 1370
1177, 1345, 1370, 1419
1530, 1345, 1370, 1419
1557, 1522, 1707, 1836
1394, 1522, 1544, 1691
1394, 1522, 1557, 1691
1557, 1522, 1691, 1836
1691, 1522, 1544, 1836
1394, 1429, 1522, 1557
1557, 1522, 1523, 1707
1523, 1645, 1522, 1707
1557, 1279, 1429, 1522
1557, 1279, 1522, 1523
1523, 1407, 1522, 1645
1522, 1544, 1645, 1836
1522, 1645, 1707, 1836
1022, 1301, 1491, 1532
1227, 1432, 1682, 1699
1682, 1432, 1699, 1712
1227, 963, 1219, 1432
963, 1116, 1432, 1219
1227, 1432, 1592, 1682
1682, 1432, 1592, 1712
1432, 1858, 1699, 1712
1372, 1439, 1595, 1622
1622, 1439, 1595, 1749
1372, 1271, 1439, 1595
1372, 1226, 1271, 1439
1257, 1253, 1376, 983
326, 445, 613, 673
830, 857, 1010, 1039
963, 786, 990, 1010
963, 990, 1116, 1432
963, 937, 786, 990
963, 937, 1116, 990
786, 355, 937, 990
326, 85, 86, 378
326, 86, 378, 97
326, 97, 358, 378
358, 84, 97, 378
378, 84, 85, 97
378, 86, 85, 97
756, 623, 652, 824
756, 652, 789, 824
355, 249, 283, 488
355, 283, 292, 488
488, 249, 278, 283
488, 278, 283, 292
1534, 1475, 1561, 1718
1534, 1238, 1475, 1561
1561, 1475, 1718, 1786
1534, 1475, 1590, 1718
1534, 1238, 1284, 1475
1534, 1284, 1475, 1590
1101, 1110, 1061, 1226
1101, 740, 1110, 1226
830, 786, 834, 1010
830, 355, 786, 834
830, 834, 857, 1010
830, 355, 834, 857
786, 834, 990, 1010
786, 355, 834, 990
452, 350, 399, 549
399, 114, 350, 549
1022, 1155, 1301, 1028
1429, 1145, 1279, 1522
1403, 1219, 1498, 1260
1403, 1260, 1424, 1498
1498, 1701, 1752, 1826
1407, 1501, 1689, 1795
1501, 1642, 1646, 1795
1501, 1646, 1658, 1795
1501, 1658, 1689, 1795
1048, 789, 824, 949
1048, 824, 949, 1082
824, 740, 949, 1082
789, 652, 824, 949
1535, 1679, 1490, 1633
1535, 1679, 1490, 1693
1535, 1490, 1537, 1693
1535, 1048, 1490, 1537
1535, 1370, 1490, 1633
1535, 1048, 1370, 1490
1048, 1082, 1107, 1271
1048, 789, 1107, 949
1048, 949, 1082, 1107
369, 571, 422, 491
1491, 1603, 1721, 1839
1498, 1603, 1701, 1826
1603, 1701, 1826, 1864
1603, 1721, 1839, 1864
1603, 1826, 1839, 1864
326, 357, 358, 559
326, 357, 559, 613
326, 357, 358, 378
378, 84, 85, 357
1590, 1544, 1599, 1815
1599, 1544, 1742, 1815
1599, 1742, 1797, 1815
778, 1109, 714, 767
1279, 1145, 1385, 1522
596, 156, 182, 630
596, 156, 182, 497
497, 152, 156, 182
182, 152, 156, 160
596, 156, 630, 661
596, 156, 497, 661
156, 125, 134, 148
156, 134, 148, 165
156, 134, 152, 160
1226, 740, 1126, 1082
1063, 790, 885, 1003
1022, 885, 1028, 1155
1048, 789, 854, 985
1048, 854, 985, 1171
1048, 789, 1107, 985
1048, 985, 1107, 1171
789, 1107, 949, 985
789, 859, 652, 949
789, 859, 652, 985
789, 859, 949, 985
1048, 1263, 1537, 1271
1048, 1107, 1263, 1271
1048, 1107, 1171, 1263
1177, 1048, 1345, 1158
1048, 1345, 1158, 1370
1177, 1147, 1158, 1345
1147, 1120, 901, 1158
1523, 1279, 1312, 1522
1523, 1407, 1522, 1312
1407, 1522, 1312, 1645
1279, 1312, 1385, 1522
669, 798, 1066, 1194
669, 798, 898, 1066
669, 598, 798, 878
1491, 1532, 1721, 1550
1532, 1721, 1416, 1550
1491, 1301, 1532, 1550
1491, 1301, 1424, 1550
1491, 1550, 1603, 1721
1491, 1424, 1550, 1603
1603, 1550, 1701, 1864
1603, 1550, 1721, 1864
1550, 1416, 1721, 1737
1550, 1701, 1737, 1864
1550, 1721, 1737, 1864
1394, 1310, 1522, 1544
1394, 1310, 1429, 1522
1522, 1310, 1385, 1145
1032, 661, 1062, 1134
406, 188, 209, 218
406, 209, 218, 223
790, 885, 1003, 1004
1100, 661, 909, 1003
1257, 1335, 1269, 1376
1269, 1335, 1376, 1545
1257, 1253, 1269, 1335
1257, 1253, 1376, 1335
983, 1253, 1376, 1335
983, 1134, 1335, 1376
698, 720, 789, 854
698, 544, 720, 789
789, 544, 652, 720
698, 544, 549, 720
789, 720, 854, 985
789, 652, 720, 985
1226, 1082, 1154, 1271
1226, 1154, 1271, 1439
1271, 1082, 1107, 1154
1082, 949, 1107, 1154
1226, 1082, 1126, 1154
422, 201, 229, 504
422, 201, 491, 504
422, 491, 504, 571
504, 201, 208, 229
399, 108, 114, 390
399, 390, 559, 697
630, 699, 790, 1003
630, 661, 699, 1003
630, 571, 699, 790
630, 156, 661, 699
790, 699, 1003, 1004
1003, 661, 699, 909
1003, 699, 909, 1004
368, 379, 497, 661
497, 156, 379, 661
156, 125, 134, 379
379, 102, 117, 134
379, 117, 125, 134
1010, 857, 1039, 1160
1010, 834, 857, 1160
1022, 1306, 1513, 1532
1532, 1306, 1416, 1513
1022, 1301, 1306, 1532
1022, 1155, 1301, 1306
1301, 1155, 1028, 1306
1532, 1306, 1416, 1550
1532, 1301, 1306, 1550
1599, 1458, 1544, 1742
1310, 1458, 1544, 1742
669, 1133, 878, 1194
669, 1133, 798, 1194
669, 1133, 798, 878
473, 46, 69, 481
1648, 1581, 1635, 1814
1648, 1581, 1762, 1814
1648, 1897, 1720, 1762
1648, 1897, 1720, 1814
1648, 1897, 1762, 1814
661, 156, 379, 603
473, 46, 481, 665
588, 589, 355, 386
588, 589, 355, 564
588, 589, 386, 564
669, 685, 704, 898
669, 704, 798, 898
1530, 1370, 1508, 1642
1370, 1508, 1633, 1642
1530, 1345, 1419, 1508
1530, 1345, 1370, 1508
1419, 1147, 1345, 1508
1530, 1501, 1508, 1642
1530, 1419, 1501, 1508
1419, 1147, 1501, 1508
1501, 1508, 1642, 1646
1508, 1633, 1642, 1819
1508, 1642, 1646, 1819
1508, 1756, 1633, 1819
1508, 1646, 1756, 1819
1524, 1477, 1554, 1581
1554, 1477, 1581, 1670
1524, 1269, 1477, 1554
1524, 1477, 1545, 1581
1524, 1269, 1477, 1545
1269, 1335, 1477, 1545
1477, 1581, 1670, 1791
1477, 1581, 1762, 1828
1477, 1581, 1791, 1828
1537, 1414, 1595, 1693
1537, 1271, 1414, 1595
1048, 1414, 1490, 1537
1537, 1414, 1490, 1693
1490, 1414, 1679, 1693
1048, 1263, 1537, 1414
1537, 1263, 1271, 1414
1048, 1414, 1263, 1490
1414, 1595, 1693, 1700
1414, 1679, 1693, 1700
1048, 1346, 1370, 1490
1048, 1263, 1346, 1490
1048, 1158, 1346, 1370
355, 564, 589, 705
355, 589, 705, 846
623, 550, 740, 824
623, 188, 550, 652
623, 550, 652, 824
824, 550, 740, 949
824, 550, 652, 949
623, 566, 550, 740
652, 550, 859, 949
406, 188, 209, 550
1271, 1361, 1439, 1595
1271, 1107, 1263, 1361
1271, 1154, 1361, 1439
1271, 1107, 1154, 1361
1271, 1361, 1414, 1595
1271, 1263, 1361, 1414
1414, 1361, 1595, 1700
1361, 1595, 1659, 1700
669, 538, 598, 798
669, 538, 704, 798
559, 697, 795, 888
888, 697, 795, 901
1522, 1290, 1312, 1645
1522, 1290, 1312, 1385
1522, 1310, 1385, 1290
1145, 1310, 1385, 1290
1171, 985, 1107, 1143
949, 985, 1107, 1143
1171, 1107, 1143, 1263
949, 1107, 1143, 1154
1107, 1143, 1263, 1361
1107, 1143, 1154, 1361
790, 571, 775, 812
790, 775, 812, 885
790, 812, 885, 1004
790, 571, 699, 812
790, 699, 812, 1004
1498, 1425, 1701, 1752
1424, 1425, 1498, 1603
1498, 1425, 1603, 1701
1048, 945, 1171, 1263
1048, 945, 1263, 1346
1048, 945, 1158, 1346
1145, 1443, 1290, 1310
1145, 1443, 969, 1310
1145, 1443, 969, 1290
488, 278, 292, 570
570, 453, 292, 654
1039, 857, 1128, 1160
1128, 771, 952, 1117
1169, 1108, 1109, 1284
1284, 1108, 1109, 1221
697, 549, 762, 901
697, 762, 795, 901
1010, 834, 990, 1040
1010, 834, 1040, 1160
1648, 1608, 1635, 1814
1608, 1635, 1804, 1814
1608, 1804, 1814, 1837
722, 757, 494, 713
559, 390, 650, 697
559, 650, 697, 795
697, 650, 762, 795
1004, 699, 909, 977
1004, 909, 977, 1258
1003, 1232, 885, 1004
1004, 977, 1232, 1258
355, 292, 488, 599
355, 488, 770, 599
488, 292, 570, 599
570, 453, 292, 599
570, 453, 599, 654
599, 761, 453, 654
854, 946, 985, 1171
854, 720, 946, 985
854, 945, 946, 1171
368, 102, 379, 409
379, 102, 117, 409
379, 117, 125, 409
409, 100, 102, 117
409, 100, 117, 125
409, 102, 345, 100
834, 1008, 1040, 1160
1407, 1413, 1501, 1689
1501, 1413, 1646, 1658
1501, 1413, 1658, 1689
1407, 1312, 1413, 1689
1407, 1078, 1413, 1501
1147, 1078, 1413, 1501
1407, 1078, 1312, 1413
1147, 1413, 1501, 1508
1501, 1413, 1508, 1646
1413, 1646, 1655, 1658
1477, 1573, 1670, 1791
1477, 1573, 1791, 1828
1573, 1670, 1724, 1847
1573, 1670, 1791, 1847
1573, 1791, 1828, 1847
901, 1120, 804, 1158
1158, 804, 945, 1346
549, 762, 804, 901
1439, 1511, 1595, 1749
1439, 1361, 1511, 1595
1439, 1154, 1361, 1511
1361, 1511, 1595, 1659
1511, 1493, 1738, 1846
1511, 1493, 1749, 1877
1511, 1493, 1846, 1877
1511, 1595, 1659, 1877
1511, 1595, 1749, 1877
1511, 1659, 1846, 1877
559, 729, 888, 919
888, 729, 919, 1030
888, 729, 1030, 1078
559, 729, 795, 888
722, 757, 713, 729
722, 713, 729, 754
559, 494, 722, 729
722, 757, 494, 729
757, 494, 713, 729
1370, 1158, 1298, 1345
1345, 1147, 1158, 1298
1370, 1298, 1345, 1508
1345, 1147, 1298, 1508
1370, 1158, 1298, 1346
1147, 1298, 1413, 1508
1158, 804, 1298, 1346
550, 545, 188, 209
898, 685, 704, 866
898, 704, 798, 866
685, 575, 704, 866
1263, 1163, 1361, 1414
1171, 985, 1143, 1163
1171, 1143, 1163, 1263
1263, 1143, 1163, 1361
1171, 946, 985, 1163
357, 84, 85, 339
559, 390, 606, 339
559, 339, 357, 494
559, 606, 339, 494
339, 59, 71, 84
339, 59, 84, 85
754, 869, 965, 1018
559, 390, 606, 631
559, 606, 494, 631
559, 390, 631, 650
559, 631, 650, 795
559, 631, 729, 795
559, 494, 631, 729
390, 606, 339, 631
606, 339, 494, 631
473, 533, 46, 665
355, 852, 937, 990
355, 834, 852, 990
355, 852, 937, 846
355, 589, 846, 852
937, 1040, 852, 990
990, 834, 852, 1040
834, 852, 1008, 1040
852, 676, 837, 1023
937, 1067, 846, 990
937, 1040, 990, 1067
937, 1067, 846, 852
937, 1040, 852, 1067
1145, 969, 1214, 1290
1290, 969, 1018, 1214
1284, 1221, 1442, 1494
1494, 1221, 1289, 1442
1284, 1108, 1221, 1442
1108, 1221, 1289, 1442
1442, 1719, 1289, 1527
399, 114, 489, 549
399, 489, 549, 697
399, 114, 390, 489
399, 390, 489, 697
697, 489, 549, 762
697, 390, 489, 650
697, 489, 650, 762
549, 489, 762, 804
652, 859, 842, 985
949, 859, 842, 985
652, 720, 842, 985
652, 550, 859, 842
949, 550, 859, 842
949, 842, 985, 1143
985, 720, 842, 946
985, 842, 1143, 1163
1143, 677, 842, 1163
985, 842, 946, 1163
1407, 1568, 1645, 1689
1407, 1568, 1312, 1645
1407, 1568, 1312, 1689
1568, 1645, 1666, 1689
1568, 1666, 1689, 1818
1568, 1822, 1645, 1666
566, 223, 406, 436
406, 209, 223, 436
566, 406, 436, 550
406, 209, 436, 550
566, 223, 436, 465
465, 223, 236, 436
436, 209, 223, 236
436, 209, 236, 370
652, 188, 405, 544
544, 157, 188, 405
652, 405, 544, 720
652, 188, 405, 550
550, 545, 188, 405
550, 545, 209, 405
545, 188, 209, 405
652, 653, 405, 550
405, 143, 157, 174
405, 157, 174, 188
405, 188, 192, 209
405, 181, 174, 192
405, 341, 174, 188
405, 341, 174, 192
405, 341, 188, 192
685, 465, 566, 663
685, 465, 575, 663
685, 575, 663, 866
566, 436, 465, 663
1490, 1263, 1414, 1430
1490, 1263, 1346, 1430
1370, 1490, 1509, 1633
1490, 1509, 1633, 1679
1370, 1508, 1509, 1633
1370, 1346, 1490, 1509
1370, 1298, 1508, 1509
1370, 1298, 1346, 1509
1490, 1346, 1430, 1509
1509, 1633, 1679, 1808
1509, 1679, 1803, 1808
1154, 1143, 1361, 1473
1154, 1361, 1473, 1511
1361, 1473, 1511, 1659
481, 46, 608, 665
1312, 1413, 1529, 1689
1413, 1529, 1658, 1689
1312, 1529, 1568, 1689
1568, 1529, 1689, 1818
1529, 1658, 1689, 1818
1171, 945, 1148, 1263
1263, 945, 1148, 1346
1171, 945, 946, 1148
1346, 804, 945, 1148
1171, 1148, 1163, 1263
1171, 946, 1148, 1163
1263, 1148, 1414, 1430
1263, 1148, 1346, 1430
1312, 1030, 1078, 1141
1312, 1078, 1141, 1413
1312, 1141, 1413, 1529
1312, 1141, 1568, 1529
798, 704, 866, 872
1128, 771, 802, 952
570, 599, 654, 802
599, 761, 453, 802
599, 761, 654, 802
599, 453, 802, 766
802, 654, 761, 771
802, 761, 766, 771
802, 766, 771, 952
802, 453, 761, 766
1128, 771, 1117, 1276
1276, 771, 1117, 1277
549, 660, 804, 945
549, 489, 660, 804
156, 125, 148, 434
156, 148, 165, 434
156, 125, 379, 434
156, 379, 434, 603
434, 125, 139, 148
549, 335, 114, 346
549, 346, 544, 720
549, 114, 346, 489
544, 157, 346, 405
544, 346, 405, 720
405, 143, 157, 346
549, 346, 489, 660
346, 114, 123, 143
346, 123, 136, 143
346, 135, 136, 151
346, 135, 151, 347
346, 136, 143, 151
346, 151, 166, 347
346, 104, 135, 136
346, 335, 114, 143
740, 949, 987, 1082
1082, 949, 987, 1154
740, 550, 949, 987
949, 987, 1143, 1154
949, 550, 842, 987
949, 842, 987, 1143
1143, 677, 842, 987
492, 292, 297, 318
492, 309, 318, 500
571, 688, 699, 812
699, 688, 709, 812
990, 1331, 1040, 1404
990, 1067, 1404, 1331
990, 1331, 1040, 1067
598, 671, 798, 878
598, 538, 671, 798
598, 570, 671, 878
909, 977, 999, 1258
564, 437, 589, 705
437, 280, 293, 397
355, 589, 636, 852
852, 636, 837, 676
636, 672, 505, 676
1425, 1650, 1701, 1752
1650, 1701, 1752, 1766
1650, 1752, 1766, 1865
1310, 969, 1140, 1236
969, 869, 918, 1236
969, 918, 1140, 1236
1310, 1443, 969, 1236
1290, 1443, 969, 1236
1290, 969, 1018, 1236
969, 869, 1018, 1236
1236, 869, 918, 1296
1236, 918, 1140, 1296
1236, 1140, 1296, 1652
1236, 1303, 869, 1296
1312, 1290, 1344, 1645
1312, 1344, 1568, 1645
1312, 1141, 1290, 1344
1312, 1141, 1568, 1344
1568, 1141, 1344, 1529
1344, 1631, 1369, 1666
1603, 1202, 1550, 1701
1550, 1202, 1416, 1737
1550, 1202, 1701, 1737
1301, 1028, 1202, 1306
1301, 1202, 1306, 1550
1550, 1202, 1306, 1416
1603, 1202, 1425, 1701
1202, 1416, 1694, 1737
1202, 1681, 1694, 1856
1202, 1681, 1701, 1856
1202, 1694, 1737, 1856
1202, 1701, 1737, 1856
1313, 1406, 1184, 1469
798, 538, 560, 704
798, 560, 704, 872
798, 538, 560, 671
1414, 1163, 1361, 1377
1361, 1143, 1163, 1377
1143, 677, 1163, 1377
1361, 1377, 1473, 1659
1361, 1143, 1377, 1473
1143, 677, 1377, 1473
945, 946, 1047, 1148
945, 804, 1047, 1148
713, 708, 494, 729
494, 631, 708, 729
376, 28, 32, 356
376, 356, 439, 612
376, 9, 28, 356
376, 9, 356, 439
376, 22, 32, 356
767, 848, 882, 958
767, 608, 848, 882
598, 514, 538, 671
598, 514, 570, 671
514, 289, 292, 467
481, 47, 46, 428
376, 9, 428, 28
376, 9, 428, 439
428, 28, 46, 439
428, 9, 28, 439
428, 47, 28, 46
1179, 1373, 1538, 1450
1450, 1511, 1493, 1538
1511, 1493, 1538, 1738
1450, 1340, 1493, 1538
1179, 1373, 1538, 1340
1450, 1373, 1538, 1340
465, 223, 236, 332
332, 223, 236, 240
332, 223, 239, 240
332, 236, 240, 257
332, 239, 240, 257
332, 260, 239, 257
946, 842, 1033, 1163
1163, 677, 842, 1033
946, 1033, 1148, 1163
946, 1033, 1047, 1148
1290, 1018, 1214, 1347
1568, 1822, 1347, 1645
1568, 1822, 1347, 1666
1290, 1018, 1236, 1347
1018, 869, 1347, 1236
1236, 1303, 1296, 1347
1236, 1296, 1347, 1652
1290, 1344, 1347, 1645
1290, 1214, 1344, 1347
1568, 1347, 1344, 1645
1568, 1347, 1344, 1666
1344, 1631, 1347, 1369
1344, 1631, 1347, 1666
1347, 1631, 1652, 1785
1347, 1631, 1666, 1822
1347, 1631, 1785, 1822
1347, 1296, 1303, 1652
1347, 1303, 1631, 1369
1347, 1303, 1631, 1652
1347, 1645, 1785, 1822
437, 280, 383, 268
437, 280, 383, 293
383, 268, 275, 293
383, 280, 268, 293
1258, 1246, 1416, 1608
1258, 1232, 1246, 1416
1258, 977, 1232, 1246
1258, 977, 999, 1246
878, 902, 798, 1133
798, 872, 902, 1133
878, 902, 671, 798
878, 902, 671, 1133
798, 560, 872, 902
798, 560, 671, 902
589, 639, 705, 846
589, 639, 846, 852
589, 437, 639, 705
589, 636, 639, 852
852, 636, 639, 676
636, 672, 505, 639
636, 672, 639, 676
639, 397, 505, 672
332, 239, 375, 260
332, 260, 257, 375
375, 257, 260, 288
1313, 1055, 1406, 1184
1450, 1539, 1249, 1493
1648, 1496, 1720, 1814
1648, 1496, 1608, 1814
1608, 1496, 1814, 1837
1496, 1661, 1720, 1792
1496, 1720, 1792, 1837
1496, 1720, 1814, 1837
355, 284, 297, 401
355, 297, 401, 492
492, 318, 401, 297
492, 318, 401, 309
492, 309, 401, 500
492, 401, 500, 423
401, 284, 297, 306
401, 284, 302, 306
401, 297, 306, 309
401, 302, 306, 351
401, 306, 309, 351
401, 280, 302, 351
401, 351, 309, 423
401, 318, 297, 309
401, 500, 309, 423
1630, 1368, 1493, 1597
1630, 1493, 1597, 1712
1030, 886, 1078, 729
1030, 886, 1078, 1141
1078, 886, 729, 1141
466, 208, 226, 229
466, 226, 229, 234
466, 226, 234, 245
665, 46, 533, 681
665, 46, 608, 681
665, 608, 681, 882
1490, 1414, 1569, 1679
1414, 1569, 1679, 1700
1490, 1414, 1430, 1569
1490, 1509, 1569, 1679
1490, 1430, 1509, 1569
1509, 1569, 1679, 1803
1569, 1679, 1700, 1731
1569, 1679, 1731, 1796
1569, 1679, 1796, 1803
549, 614, 720, 946
549, 614, 945, 946
549, 614, 660, 945
549, 346, 614, 720
549, 346, 614, 660
346, 166, 614, 347
346, 516, 347, 614
945, 614, 946, 1047
945, 660, 1047, 614
614, 347, 516, 572
550, 716, 842, 987
842, 677, 716, 987
987, 677, 716, 792
762, 489, 738, 804
812, 688, 709, 1006
1608, 1416, 1649, 1804
1608, 1649, 1804, 1837
1608, 1246, 1416, 1649
1608, 1496, 1649, 1837
1608, 1246, 1496, 1649
1496, 1649, 1792, 1837
1649, 1416, 1804, 1848
1649, 1672, 1792, 1848
1649, 1792, 1837, 1848
1649, 1804, 1837, 1848
1649, 1732, 1416, 1672
1649, 1732, 1416, 1848
1649, 1732, 1672, 1848
795, 650, 731, 762
762, 489, 650, 731
762, 489, 731, 738
852, 837, 1077, 1023
1040, 852, 1067, 1077
1040, 1077, 1250, 1331
1040, 1067, 1077, 1331
1067, 1077, 1242, 1331
1331, 1077, 1242, 1308
1331, 1077, 1250, 1308
1508, 1500, 1298, 1413
1414, 1361, 1558, 1700
1361, 1558, 1659, 1700
1414, 1361, 1377, 1558
1361, 1377, 1558, 1659
1414, 1558, 1569, 1700
1569, 1558, 1700, 1731
1558, 1659, 1700, 1731
1346, 804, 1298, 1351
1346, 1298, 1351, 1509
1346, 1351, 1430, 1509
1346, 804, 1148, 1351
1346, 1148, 1351, 1430
1430, 1351, 1509, 1569
1573, 1610, 1724, 1847
1610, 1724, 1835, 1857
1610, 1724, 1847, 1857
1425, 1482, 1650, 1701
1425, 1444, 1482, 1650
1650, 1482, 1701, 1766
1425, 1202, 1482, 1701
1202, 1482, 1681, 1701
1202, 1465, 1482, 1681
1482, 1465, 1681, 1766
1482, 1681, 1701, 1766
660, 939, 614, 1047
550, 209, 436, 511
436, 209, 370, 511
1508, 1756, 1460, 1633
1508, 1646, 1756, 1460
1508, 1413, 1460, 1646
1413, 1460, 1646, 1655
1508, 1460, 1509, 1633
1508, 1298, 1460, 1509
1509, 1460, 1633, 1808
1508, 1500, 1413, 1460
1413, 1460, 1500, 1655
1508, 1500, 1298, 1460
1298, 1297, 1460, 1500
1298, 1351, 1460, 1509
1298, 1297, 1351, 1460
1460, 1655, 1676, 1808
1460, 1646, 1756, 1819
1460, 1756, 1633, 1808
1460, 1819, 1646, 1655
1460, 1819, 1655, 1756
1460, 1655, 1756, 1808
1477, 1327, 1762, 1828
1335, 1313, 1327, 1477
1327, 1762, 1771, 1909
1327, 1762, 1828, 1909
1327, 1771, 1855, 1909
882, 1113, 958, 968
882, 848, 958, 968
1413, 1215, 1655, 1658
1413, 1215, 1529, 1658
1078, 1141, 1215, 1413
1078, 729, 1141, 1215
1413, 1141, 1215, 1529
1413, 1215, 1500, 1655
1413, 1215, 1298, 1500
1298, 1215, 1297, 1500
1215, 1654, 1655, 1658
434, 148, 380, 139
434, 148, 380, 165
380, 139, 150, 165
380, 148, 139, 165
380, 163, 150, 165
1018, 869, 965, 1118
1236, 1118, 869, 1303
1214, 1141, 1118, 1344
1141, 1118, 1344, 1369
1018, 869, 1347, 1118
1018, 1118, 1214, 1347
1236, 869, 1347, 1118
1236, 1118, 1303, 1347
1214, 1118, 1344, 1347
1344, 1118, 1347, 1369
1347, 1118, 1303, 1369
1141, 886, 1118, 1369
886, 926, 1118, 965
886, 926, 1118, 1369
1118, 1303, 869, 1369
1163, 677, 1225, 1377
1377, 677, 1225, 1353
1163, 677, 1033, 1225
852, 676, 942, 1023
846, 852, 942, 1067
846, 639, 852, 942
852, 639, 676, 942
639, 672, 676, 942
639, 672, 867, 942
852, 942, 1023, 1077
852, 942, 1067, 1077
1067, 942, 1077, 1242
1077, 942, 1023, 1242
942, 672, 676, 1023
942, 672, 867, 1242
942, 672, 1023, 1242
1133, 872, 902, 1288
671, 1288, 902, 1175
902, 1050, 1175, 1288
872, 902, 1249, 1288
1288, 1050, 1493, 1175
1450, 1539, 1366, 1493
1450, 1340, 1366, 1493
1450, 1340, 1366, 1373
1373, 1307, 1340, 1366
1450, 1539, 1249, 1366
1450, 1249, 1366, 1373
1373, 1249, 1307, 1366
866, 1249, 1307, 1366
1263, 1421, 1163, 1414
1263, 1421, 1148, 1414
1263, 1421, 1148, 1163
1414, 1148, 1421, 1430
1414, 1163, 1377, 1421
1414, 1421, 1430, 1569
1414, 1377, 1421, 1558
1377, 1353, 1421, 1558
1414, 1421, 1558, 1569
1569, 1421, 1731, 1558
1558, 1287, 1353, 1421
1163, 1148, 1225, 1421
1163, 1225, 1377, 1421
1377, 1225, 1353, 1421
1225, 1287, 1353, 1421
405, 143, 346, 470
346, 143, 151, 470
346, 151, 166, 470
346, 470, 614, 166
1313, 1406, 1400, 1469
1469, 1406, 1184, 1400
1313, 1055, 1406, 1400
1406, 1055, 1184, 1400
804, 1047, 1130, 1148
804, 1130, 1298, 1351
804, 1130, 1148, 1351
1298, 1297, 1351, 1130
1179, 677, 1259, 1538
1179, 1259, 1340, 1538
1340, 1259, 1307, 1366
1259, 677, 792, 1054
550, 716, 745, 987
987, 716, 745, 792
716, 547, 745, 792
550, 511, 716, 745
716, 511, 547, 745
1163, 1193, 1033, 1148
1163, 1193, 1148, 1225
1163, 1193, 1033, 1225
570, 292, 600, 654
570, 292, 514, 600
570, 514, 600, 671
514, 292, 467, 600
600, 292, 467, 556
600, 292, 556, 654
600, 467, 556, 675
600, 556, 654, 771
600, 556, 675, 771
1148, 1047, 1130, 1186
1148, 1130, 1186, 1351
465, 236, 332, 400
332, 236, 257, 400
332, 257, 375, 400
375, 257, 288, 400
882, 608, 817, 848
882, 608, 681, 817
882, 817, 848, 968
882, 681, 817, 968
681, 817, 1057, 968
530, 10, 46, 439
704, 522, 538, 575
704, 522, 575, 866
575, 522, 663, 866
704, 522, 866, 872
704, 522, 538, 560
704, 522, 560, 872
538, 375, 522, 575
538, 375, 522, 560
560, 288, 375, 522
575, 400, 522, 663
575, 375, 400, 522
375, 288, 400, 522
660, 694, 939, 614
1246, 1416, 1502, 1649
1246, 1496, 1502, 1649
1649, 1416, 1502, 1672
571, 476, 531, 688
531, 208, 476, 205
476, 206, 385, 563
476, 385, 563, 632
476, 374, 206, 385
804, 340, 489, 660
489, 114, 340, 346
489, 340, 346, 660
346, 114, 123, 340
346, 136, 340, 104
346, 136, 340, 123
346, 104, 135, 340
660, 340, 346, 614
804, 340, 489, 738
804, 340, 660, 694
660, 340, 614, 694
340, 104, 110, 123
340, 110, 114, 123
340, 136, 104, 123
866, 522, 663, 769
663, 400, 522, 769
1148, 1033, 1122, 1193
1148, 1193, 1122, 1225
1430, 1148, 1300, 1351
1430, 1300, 1351, 1569
1430, 1148, 1300, 1421
1430, 1300, 1421, 1569
1148, 1225, 1300, 1421
1225, 1287, 1300, 1421
1421, 1287, 1300, 1531
1225, 1193, 1300, 1287
1148, 1186, 1300, 1351
1148, 1122, 1225, 1300
1225, 1122, 1193, 1300
1193, 1300, 1122, 1287
1148, 1122, 1186, 1300
1186, 1009, 1122, 1300
1122, 1009, 1287, 1300
339, 94, 71, 440
390, 440, 489, 650
650, 440, 489, 731
489, 440, 731, 738
489, 340, 440, 738
866, 872, 1019, 1249
866, 1019, 1249, 1366
1249, 1019, 1366, 1539
866, 522, 872, 1019
466, 234, 245, 382
466, 254, 245, 382
382, 234, 245, 252
382, 245, 252, 265
382, 245, 254, 265
550, 209, 405, 493
550, 493, 842, 716
716, 493, 792, 547
716, 493, 792, 677
550, 209, 493, 511
550, 493, 511, 716
716, 493, 511, 547
493, 547, 562, 495
493, 547, 562, 677
493, 792, 547, 677
465, 236, 436, 548
436, 236, 370, 548
465, 548, 575, 663
465, 436, 548, 663
436, 370, 511, 548
436, 511, 663, 548
511, 547, 548, 745
745, 547, 548, 792
465, 236, 400, 548
465, 548, 575, 400
575, 548, 400, 663
400, 236, 273, 548
745, 769, 548, 792
663, 400, 548, 769
769, 548, 792, 796
1509, 1547, 1569, 1803
1569, 1547, 1796, 1803
1509, 1351, 1547, 1569
1569, 1300, 1351, 1547
1547, 1634, 1796, 1803
531, 205, 208, 338
466, 208, 226, 338
531, 205, 338, 476
693, 466, 338, 581
338, 205, 206, 225
338, 205, 208, 226
338, 205, 225, 226
338, 225, 226, 235
405, 184, 196, 211
405, 192, 211, 196
405, 192, 211, 209
405, 209, 211, 493
511, 211, 209, 493
211, 184, 196, 210
211, 196, 209, 210
211, 192, 196, 209
872, 560, 706, 902
872, 706, 902, 1249
872, 522, 560, 706
872, 706, 1019, 1249
872, 522, 706, 1019
437, 293, 397, 431
569, 383, 431, 437
437, 293, 383, 431
437, 431, 639, 397
431, 293, 307, 397
431, 307, 397, 443
1215, 1285, 1369, 1654
1141, 1326, 1215, 1369
1215, 1326, 1285, 1369
1285, 1326, 1412, 1369
866, 1096, 1307, 1366
1307, 1096, 1259, 1366
1259, 792, 1054, 1096
866, 663, 1096, 769
769, 792, 796, 1096
866, 1019, 1096, 1366
1096, 792, 796, 1054
693, 338, 531, 618
693, 338, 581, 618
1511, 1542, 677, 1538
1538, 1259, 1542, 677
1509, 1601, 1803, 1808
1509, 1460, 1601, 1808
1509, 1351, 1460, 1601
1460, 1601, 1676, 1808
1509, 1547, 1601, 1803
1509, 1351, 1547, 1601
1547, 1601, 1634, 1803
1601, 1634, 1641, 1808
1601, 1634, 1803, 1808
1601, 1641, 1676, 1808
671, 752, 771, 1175
671, 752, 902, 1175
671, 560, 752, 902
902, 752, 1050, 1175
671, 600, 752, 771
600, 675, 752, 771
560, 706, 752, 902
752, 454, 675, 771
752, 454, 771, 1050
752, 771, 1050, 1175
1297, 1386, 1351, 1460
1297, 1386, 1130, 1351
1297, 1386, 1130, 1460
493, 184, 482, 495
493, 482, 495, 562
405, 211, 482, 184
405, 211, 482, 493
493, 211, 482, 184
482, 166, 184, 495
482, 166, 495, 562
1125, 1034, 1084, 1464
1569, 1667, 1614, 1796
1569, 1300, 1421, 1614
1421, 1300, 1531, 1614
1569, 1547, 1614, 1796
1569, 1300, 1547, 1614
1300, 1531, 1547, 1614
1547, 1614, 1634, 1531
1547, 1614, 1634, 1796
1614, 1634, 1531, 1796
1614, 1667, 1531, 1796
945, 920, 660, 804
945, 920, 804, 1047
945, 660, 1047, 920
660, 939, 920, 1047
804, 920, 1047, 1130
1047, 920, 1130, 1186
804, 660, 694, 920
660, 694, 939, 920
614, 694, 939, 920
920, 516, 578, 935
920, 516, 935, 1009
466, 226, 245, 430
466, 254, 245, 430
466, 254, 382, 430
466, 382, 430, 581
466, 226, 338, 430
338, 226, 235, 430
430, 226, 235, 245
430, 235, 245, 254
434, 139, 380, 442
380, 139, 150, 442
380, 150, 161, 442
442, 119, 139, 150
442, 119, 150, 161
442, 119, 161, 490
1469, 1184, 1389, 1457
1389, 1457, 1489, 1644
1469, 1389, 1457, 1610
1389, 1457, 1610, 1644
1610, 1457, 1644, 1835
1610, 1457, 1835, 1857
1469, 1184, 1400, 1457
1184, 1283, 1400, 1457
1283, 1323, 1025, 1457
1283, 1309, 1025, 1457
1457, 1489, 1644, 1653
1457, 1644, 1653, 1835
1457, 1821, 1835, 1857
1457, 1323, 1025, 1489
531, 338, 476, 622
531, 338, 618, 622
338, 486, 618, 622
618, 486, 580, 622
622, 486, 563, 695
622, 486, 580, 695
1482, 1281, 1465, 1766
1202, 1416, 1549, 1694
1202, 1416, 1463, 1549
1463, 1125, 1416, 1549
1125, 1034, 1464, 1549
1549, 1034, 1464, 1602
1549, 1416, 1732, 1765
1549, 1464, 1602, 1765
1549, 1464, 1694, 1765
1549, 1602, 1732, 1765
1549, 1726, 1416, 1694
1549, 1726, 1416, 1765
1549, 1726, 1694, 1765
1184, 1055, 1057, 1129
1184, 968, 1057, 1129
1184, 1055, 1129, 1400
1184, 968, 1129, 1283
968, 1025, 1129, 1283
1184, 1283, 1400, 1129
1283, 1309, 1025, 1129
1129, 1036, 1025, 1309
1259, 677, 1054, 1423
1259, 1096, 1423, 1054
1538, 1259, 1542, 1423
1259, 1542, 677, 1423
1423, 677, 1054, 1272
1496, 1270, 1486, 1661
614, 516, 572, 715
614, 694, 715, 920
694, 578, 715, 920
920, 516, 578, 715
920, 516, 715, 1009
715, 516, 572, 1009
466, 537, 338, 581
581, 537, 580, 618
581, 338, 537, 618
466, 537, 430, 581
466, 537, 338, 430
1500, 1460, 1580, 1655
1460, 1580, 1655, 1676
1500, 1215, 1580, 1655
1215, 1580, 1654, 1655
1580, 1654, 1655, 1843
1580, 1655, 1676, 1843
476, 206, 507, 563
476, 205, 507, 206
476, 205, 507, 338
338, 206, 486, 507
338, 205, 507, 206
476, 507, 563, 622
476, 338, 507, 622
338, 486, 507, 622
622, 486, 507, 563
507, 206, 486, 563
400, 732, 273, 548
769, 732, 548, 796
548, 555, 732, 273
548, 555, 732, 796
732, 555, 273, 796
1351, 1130, 1186, 1229
1351, 1186, 1229, 1300
1186, 1009, 1229, 1300
1300, 1229, 1287, 1009
1300, 1229, 1287, 1531
1351, 1229, 1300, 1547
1300, 1229, 1531, 1547
1351, 1130, 1229, 1386
1130, 920, 1186, 1229
1186, 920, 1009, 1229
1229, 1009, 1305, 1453
1229, 1009, 1453, 1531
1229, 1287, 1009, 1531
1125, 1084, 1187, 1464
1202, 1187, 1463, 1549
1463, 1125, 1187, 1549
1125, 1187, 1464, 1549
346, 135, 347, 524
346, 516, 347, 524
346, 516, 524, 614
346, 135, 340, 524
346, 340, 524, 614
614, 340, 524, 694
694, 340, 524, 578
614, 516, 524, 715
614, 524, 694, 715
694, 524, 578, 715
715, 516, 524, 578
524, 112, 131, 135
524, 112, 131, 516
524, 112, 516, 578
524, 131, 135, 347
524, 131, 347, 516
400, 236, 257, 271
400, 257, 271, 288
400, 271, 288, 522
271, 236, 257, 264
271, 257, 264, 285
271, 257, 285, 288
1202, 1330, 1681, 1694
1202, 1465, 1330, 1681
1202, 1465, 1330, 1482
1482, 1281, 1330, 1465
1202, 1330, 1549, 1694
1549, 1330, 1464, 1694
1202, 1187, 1330, 1549
1549, 1187, 1330, 1464
1187, 1354, 1330, 1464
1330, 1354, 1464, 1782
1330, 1354, 1465, 1782
1330, 1464, 1694, 1782
1330, 1465, 1681, 1782
1330, 1681, 1694, 1782
866, 522, 741, 769
400, 522, 741, 769
866, 522, 741, 1019
400, 548, 741, 769
866, 741, 769, 1096
769, 741, 796, 1096
866, 741, 1019, 1096
400, 732, 273, 741
769, 732, 741, 796
400, 732, 548, 741
769, 548, 741, 732
732, 273, 741, 796
902, 964, 1050, 1288
902, 964, 1249, 1288
902, 706, 964, 1249
1249, 964, 1019, 706
902, 752, 964, 1050
902, 706, 752, 964
752, 454, 964, 1050
964, 454, 930, 1050
1569, 1607, 1731, 1796
1569, 1667, 1607, 1796
1558, 1287, 1353, 1607
1558, 1662, 1607, 1731
1569, 1421, 1731, 1607
1558, 1287, 1421, 1607
1558, 1421, 1731, 1607
1421, 1287, 1531, 1607
1569, 1667, 1607, 1614
1569, 1421, 1607, 1614
1421, 1531, 1607, 1614
1614, 1667, 1531, 1607
1607, 1287, 1531, 1667
1607, 1662, 1667, 1796
1607, 1662, 1731, 1796
1607, 1353, 1287, 1662
1607, 1287, 1662, 1591
1607, 1591, 1287, 1667
1607, 1591, 1662, 1667
1547, 1448, 1531, 1634
1351, 1448, 1547, 1601
1547, 1448, 1601, 1634
1601, 1448, 1634, 1641
1351, 1229, 1448, 1547
1547, 1229, 1448, 1531
1351, 1386, 1448, 1229
1229, 1448, 1453, 1531
1229, 1305, 1448, 1453
1448, 1453, 1531, 1634
1448, 1453, 1634, 1641
340, 104, 135, 421
340, 135, 421, 524
340, 421, 524, 578
524, 112, 135, 421
524, 112, 421, 578
421, 104, 112, 135
1542, 677, 1423, 1615
1423, 677, 1272, 1615
1615, 677, 1272, 1512
1615, 677, 1512, 1548
1615, 1272, 1512, 1764
1615, 1512, 1548, 1764
1615, 1548, 1764, 1772
1615, 1764, 1772, 1809
1615, 1353, 677, 1548
1615, 1272, 1809, 1745
1615, 1745, 1272, 1764
1615, 1745, 1764, 1809
1496, 1576, 1661, 1792
1496, 1486, 1576, 1661
1486, 1436, 1576, 1661
1576, 1436, 1612, 1661
1576, 1612, 1661, 1725
1576, 1661, 1725, 1792
804, 738, 793, 1130
804, 340, 738, 793
804, 340, 694, 793
694, 340, 578, 793
738, 340, 440, 793
340, 440, 578, 793
804, 793, 920, 1130
804, 694, 793, 920
694, 578, 793, 920
920, 578, 793, 935
920, 793, 935, 1009
793, 578, 597, 955
793, 578, 935, 955
793, 597, 954, 955
793, 935, 955, 1009
400, 236, 273, 448
400, 236, 271, 448
400, 271, 448, 522
271, 236, 264, 448
1249, 1455, 1493, 1539
1249, 1019, 1455, 1539
1249, 964, 1455, 1493
511, 209, 370, 371
511, 370, 371, 548
511, 371, 547, 548
548, 236, 273, 371
548, 236, 370, 371
548, 273, 371, 555
548, 371, 547, 555
371, 209, 236, 370
371, 230, 233, 273
371, 230, 273, 555
371, 233, 236, 273
1496, 1621, 1649, 1792
1649, 1621, 1672, 1792
1496, 1502, 1621, 1649
1649, 1502, 1621, 1672
1496, 1576, 1621, 1792
1496, 1502, 1576, 1621
1576, 1621, 1725, 1792
1576, 1612, 1621, 1328
1576, 1612, 1621, 1725
1621, 1672, 1725, 1792
1621, 1612, 1328, 1725
581, 382, 430, 541
382, 254, 430, 541
581, 430, 537, 541
430, 254, 537, 541
1285, 1369, 1579, 1412
1285, 1369, 1579, 1654
1579, 1369, 1412, 1654
1579, 1412, 1654, 1540
522, 706, 972, 1019
522, 741, 972, 1019
1249, 964, 1019, 972
1019, 964, 706, 972
1249, 972, 1019, 1455
1249, 972, 964, 1455
1205, 1070, 1073, 1471
1205, 1070, 1436, 1471
1130, 1185, 1229, 1386
1130, 920, 1185, 1229
920, 1009, 1185, 1229
1229, 1009, 1185, 1305
920, 793, 1009, 1185
793, 954, 955, 1185
793, 955, 1009, 1185
1185, 955, 1009, 1305
1351, 1460, 1495, 1601
1460, 1495, 1601, 1676
1601, 1495, 1641, 1676
1351, 1386, 1460, 1495
1460, 1495, 1580, 1676
1351, 1448, 1495, 1601
1601, 1448, 1495, 1641
1351, 1386, 1448, 1495
1386, 1448, 1229, 1495
1229, 1305, 1448, 1495
1448, 1453, 1495, 1641
1448, 1305, 1453, 1495
1386, 1185, 1229, 1495
1229, 1185, 1305, 1495
1495, 1305, 1453, 1470
1495, 1453, 1470, 1641
1495, 1470, 1516, 1735
1495, 1470, 1641, 1735
1495, 1516, 1676, 1735
1495, 1641, 1676, 1735
340, 95, 104, 334
340, 334, 440, 578
334, 95, 93, 104
334, 93, 104, 403
1669, 1459, 1823, 1886
1327, 1380, 1459, 1669
1669, 1380, 1459, 1823
1459, 1734, 1842, 1850
1459, 1823, 1842, 1886
1459, 1842, 1855, 1886
1542, 1639, 1423, 1615
1423, 1639, 1272, 1615
493, 184, 396, 495
493, 396, 495, 547
493, 184, 211, 396
211, 184, 210, 396
396, 184, 207, 210
396, 184, 207, 495
396, 207, 464, 495
396, 464, 495, 547
440, 602, 793, 578
793, 602, 578, 597
440, 334, 578, 602
334, 403, 578, 602
602, 403, 578, 597
1457, 1653, 1684, 1835
1457, 1684, 1821, 1835
1457, 1489, 1684, 1528
1457, 1489, 1684, 1653
1684, 1528, 1653, 1833
1684, 1489, 1528, 1653
1684, 1833, 1835, 1653
1684, 1833, 1835, 1862
1684, 1862, 1821, 1833
1684, 1862, 1821, 1835
431, 307, 415, 443
415, 281, 299, 348
415, 281, 307, 319
415, 281, 319, 348
415, 307, 319, 443
415, 319, 348, 443
1380, 1773, 1459, 1823
1459, 1773, 1823, 1842
1459, 1773, 1842, 1850
1773, 1823, 1842, 1850
1457, 1309, 1528, 1572
1457, 1528, 1572, 1684
1457, 1572, 1684, 1821
1684, 1528, 1572, 1833
1684, 1572, 1821, 1833
1572, 1304, 1309, 1528
1572, 1304, 1528, 1833
1572, 1821, 1833, 1854
1572, 1304, 1854, 1833
340, 104, 421, 426
340, 421, 426, 578
421, 104, 112, 426
421, 112, 426, 578
340, 104, 334, 426
340, 334, 426, 578
334, 104, 403, 426
334, 403, 426, 578
426, 104, 112, 403
426, 441, 112, 403
426, 441, 112, 578
426, 441, 403, 578
1580, 1149, 1516, 1605
1580, 1516, 1605, 1676
1580, 1605, 1654, 1843
1580, 1605, 1676, 1843
1605, 1149, 1516, 1754
1605, 1149, 1540, 1729
1605, 1149, 1729, 1754
1605, 1516, 1676, 1754
1605, 1540, 1654, 1729
1605, 1654, 1729, 1843
1605, 1676, 1754, 1843
1605, 1729, 1754, 1843
587, 461, 74, 609
461, 74, 81, 92
461, 74, 81, 457
461, 74, 457, 609
461, 92, 111, 119
461, 111, 457, 621
461, 457, 609, 621
461, 99, 81, 92
461, 99, 92, 111
461, 99, 457, 81
461, 99, 457, 111
400, 273, 542, 741
400, 522, 542, 741
741, 273, 542, 664
400, 273, 448, 542
400, 448, 522, 542
522, 542, 706, 972
522, 542, 741, 972
741, 542, 664, 972
542, 273, 333, 664
542, 333, 543, 717
542, 333, 664, 717
1096, 796, 951, 1054
1019, 951, 741, 1096
1096, 741, 796, 951
741, 273, 664, 951
741, 273, 796, 951
951, 273, 664, 875
951, 273, 796, 912
951, 273, 875, 912
951, 796, 912, 1038
951, 796, 1038, 1054
951, 875, 912, 1038
951, 1272, 1038, 1054
706, 751, 964, 972
522, 751, 542, 706
706, 542, 751, 972
751, 689, 543, 930
1366, 1132, 1019, 1096
1019, 741, 972, 1132
741, 664, 972, 1132
1019, 951, 1096, 1132
1019, 951, 741, 1132
741, 664, 951, 1132
1283, 1348, 1309, 1457
1283, 1348, 1129, 1309
1283, 1129, 1457, 1348
1457, 1309, 1348, 1572
1457, 1348, 1380, 1572
1572, 1304, 1309, 1348
503, 23, 44, 45
503, 23, 44, 502
503, 23, 362, 502
503, 362, 502, 670
415, 299, 348, 510
415, 348, 443, 510
510, 348, 443, 583
1327, 1434, 1459, 1855
1327, 1262, 1459, 1434
1459, 1434, 1734, 1842
1459, 1434, 1842, 1855
1434, 1360, 1600, 1755
1434, 1600, 1755, 1868
1434, 1600, 1812, 1868
1434, 1734, 1755, 1868
1434, 1734, 1812, 1842
1434, 1734, 1812, 1868
1434, 1812, 1842, 1855
1434, 1600, 1671, 1812
1671, 1471, 1600, 1824
1671, 1600, 1812, 1824
1671, 1875, 1812, 1824
964, 1455, 1467, 1493
964, 972, 1455, 1467
440, 597, 641, 388
440, 331, 388, 641
388, 75, 48, 52
522, 288, 361, 285
522, 288, 361, 271
271, 264, 285, 361
271, 288, 361, 285
522, 271, 361, 448
271, 264, 361, 448
522, 285, 361, 542
522, 361, 448, 542
448, 273, 361, 542
542, 273, 333, 361
542, 285, 333, 361
361, 264, 285, 296
361, 264, 287, 296
361, 273, 295, 333
361, 285, 296, 333
361, 287, 295, 333
361, 287, 296, 333
361, 267, 264, 287
1019, 972, 1410, 1455
1019, 972, 1132, 1410
1455, 972, 1410, 1467
1330, 1452, 1354, 1465
1452, 1203, 1354, 1711
1452, 1354, 1465, 1711
1452, 1593, 1203, 1711
581, 508, 537, 580
581, 508, 537, 541
537, 254, 508, 541
541, 477, 254, 508
508, 254, 256, 477
508, 256, 477, 582
508, 256, 580, 521
508, 521, 256, 582
508, 521, 580, 582
581, 508, 580, 728
581, 508, 541, 728
508, 477, 582, 728
508, 580, 582, 728
728, 477, 529, 582
728, 529, 582, 820
728, 580, 582, 820
1579, 1412, 1540, 1267
1267, 809, 1418, 1540
1267, 809, 1412, 1369
1267, 1369, 809, 1540
1267, 1369, 1412, 1540
440, 597, 641, 645
641, 597, 388, 645
641, 388, 645, 640
645, 597, 640, 873
1129, 1091, 1309, 1348
1348, 1091, 1304, 1309
1091, 1036, 1304, 1309
964, 930, 1493, 1090
964, 751, 930, 1090
964, 751, 972, 1090
751, 543, 930, 1090
964, 1090, 1467, 1493
964, 972, 1090, 1467
1467, 1090, 1266, 1493
1090, 543, 930, 1017
1090, 930, 1017, 1266
858, 624, 640, 938
858, 624, 809, 938
972, 542, 664, 839
542, 543, 717, 839
542, 664, 717, 839
972, 542, 751, 839
542, 543, 751, 839
972, 839, 1132, 664
972, 751, 839, 1090
751, 543, 839, 1090
541, 477, 254, 584
541, 477, 508, 584
541, 508, 584, 728
508, 584, 477, 728
728, 477, 529, 584
584, 254, 286, 477
584, 286, 477, 529
1660, 1674, 1585, 1767
1660, 1789, 1585, 1767
1660, 1849, 1767, 1789
1281, 1127, 1167, 1465
1091, 1041, 1309, 1036
1041, 670, 906, 1036
1452, 1465, 1484, 1711
1452, 1593, 1203, 1484
1452, 1593, 1484, 1711
1484, 1465, 1711, 1777
1484, 1593, 1711, 1777
1484, 1392, 1203, 1593
951, 664, 875, 1075
951, 875, 1038, 1075
951, 664, 1075, 1132
1132, 941, 1075, 1209
951, 1358, 1075, 1132
1132, 1209, 1358, 1075
1075, 664, 875, 941
1075, 875, 941, 1038
1075, 941, 1038, 1209
503, 44, 472, 502
503, 45, 472, 44
472, 15, 44, 502
472, 344, 469, 680
472, 44, 344, 15
472, 44, 344, 35
472, 63, 344, 469
388, 539, 645, 640
645, 539, 597, 640
539, 460, 515, 640
539, 515, 597, 640
539, 38, 460, 515
1127, 1657, 1405, 1465
1127, 1097, 1167, 1405
1127, 1167, 1405, 1465
1167, 1405, 1465, 1484
1484, 1405, 1465, 1777
1405, 1097, 1506, 1587
1405, 1465, 1657, 1891
1405, 1465, 1777, 1891
1405, 1506, 1587, 1657
1405, 1587, 1657, 1816
1405, 1657, 1816, 1891
1405, 1777, 1816, 1891
1459, 1379, 1734, 1698
1698, 1850, 1734, 1761
972, 1068, 1132, 1410
972, 839, 1132, 1068
1132, 839, 664, 1068
839, 664, 717, 1068
1132, 1068, 1075, 664
1132, 1068, 1075, 941
1075, 1068, 664, 941
1068, 664, 717, 941
1068, 696, 717, 941
1267, 1325, 1418, 1540
1267, 1334, 1418, 1325
1267, 1325, 1334, 1540
1334, 1042, 1149, 1325
1334, 1149, 1325, 1540
1325, 1042, 1051, 1149
1325, 1051, 1139, 1564
1325, 1051, 1149, 1564
1325, 1139, 1418, 1540
1325, 1139, 1540, 1564
1325, 1685, 1149, 1540
1325, 1685, 1149, 1564
1325, 1746, 1540, 1564
1325, 1746, 1540, 1685
1325, 1746, 1564, 1685
510, 299, 337, 348
510, 337, 348, 583
510, 438, 299, 337
438, 298, 299, 337
584, 286, 337, 529
337, 286, 294, 298
337, 286, 294, 529
337, 294, 298, 313
337, 294, 313, 463
337, 294, 463, 529
337, 298, 299, 311
337, 298, 311, 313
337, 299, 311, 348
337, 311, 313, 323
337, 311, 323, 348
337, 313, 323, 459
337, 313, 459, 463
337, 323, 348, 459
337, 348, 459, 583
1090, 543, 816, 1017
1090, 543, 816, 839
839, 543, 717, 816
839, 717, 816, 1068
1068, 696, 717, 816
1068, 1017, 696, 816
816, 543, 611, 717
816, 543, 611, 1017
816, 611, 696, 717
816, 611, 696, 1017
874, 892, 928, 1293
874, 892, 1192, 1293
874, 855, 928, 1136
874, 855, 892, 928
692, 701, 702, 823
874, 910, 1123, 1136
1123, 910, 995, 1136
851, 995, 861, 910
851, 1014, 861, 910
995, 861, 910, 1014
1136, 910, 995, 1137
995, 910, 1014, 1137
1014, 910, 1053, 1137
1137, 910, 1053, 1247
874, 855, 910, 1136
984, 692, 823, 974
692, 701, 823, 974
928, 923, 1136, 1293
1136, 923, 1293, 1520
1293, 923, 1520, 1584
1338, 923, 1504, 1584
1136, 923, 1247, 1520
1136, 923, 1137, 1247
1000, 923, 962, 1338
1338, 923, 962, 1504
1520, 923, 1583, 1584
1520, 923, 1247, 1583
1583, 923, 1504, 1584
962, 923, 1180, 1504
1247, 923, 1180, 1583
1583, 923, 1180, 1504
928, 855, 923, 1136
1136, 923, 1137, 910
1137, 923, 910, 1247
1136, 855, 910, 923
702, 807, 823, 973
702, 701, 823, 973
984, 973, 823, 974
701, 823, 973, 974
1293, 915, 1584, 1613
1338, 1613, 915, 1584
1000, 877, 915, 1074
1000, 915, 1074, 1338
877, 1074, 915, 986
1338, 1613, 915, 1503
1338, 915, 1074, 1503
1074, 915, 986, 1503
986, 915, 1318, 1503
928, 892, 915, 1293
928, 915, 923, 1293
1293, 915, 923, 1584
928, 1000, 915, 923
1000, 915, 923, 1338
1338, 915, 923, 1584
1247, 932, 1248, 1053
1247, 910, 932, 1053
1247, 910, 923, 932
701, 973, 974, 1099
701, 1031, 1099, 974
974, 1212, 973, 1099
471, 840, 526, 779
956, 526, 840, 889
1002, 956, 840, 1027
779, 526, 840, 884
956, 526, 840, 884
779, 840, 884, 1027
956, 840, 884, 1027
1420, 1315, 1401, 1446
1420, 1401, 1575, 1606
1420, 1401, 1446, 1575
1315, 1401, 1510, 1446
1315, 1401, 1510, 1575
1446, 1401, 1510, 1575
851, 1014, 861, 922
861, 860, 1014, 922
851, 781, 861, 922
861, 781, 860, 922
1014, 895, 922, 1053
1053, 922, 950, 982
1053, 895, 922, 982
851, 1014, 910, 922
1014, 910, 922, 1053
851, 923, 910, 922
1053, 922, 932, 950
1053, 910, 922, 932
910, 932, 922, 923
1472, 1292, 1487, 1581
1292, 1716, 1487, 1581
1472, 1318, 1487, 1581
1503, 1487, 915, 1318
1487, 1581, 1613, 1716
411, 594, 788, 896
896, 594, 788, 876
896, 788, 876, 1079
960, 727, 788, 810
727, 594, 788, 810
594, 788, 876, 887
1079, 788, 876, 887
594, 788, 810, 887
701, 1031, 1099, 788
974, 1031, 1099, 788
1123, 921, 995, 1136
1123, 921, 1136, 1317
995, 861, 921, 1014
1136, 921, 995, 1137
995, 921, 1014, 1137
1123, 921, 995, 1060
1123, 1060, 1317, 921
995, 768, 921, 897
995, 897, 921, 1060
995, 860, 768, 921
995, 860, 861, 921
861, 860, 1014, 921
768, 860, 897, 921
1317, 1060, 921, 1357
1060, 897, 904, 921
1136, 921, 1317, 1480
1136, 1137, 1480, 921
1317, 921, 1357, 1480
1137, 1480, 921, 1387
860, 893, 651, 921
897, 860, 687, 921
860, 651, 921, 687
1357, 921, 1449, 1480
1014, 895, 921, 1137
1137, 895, 921, 1387
897, 931, 904, 921
897, 931, 687, 921
1480, 1364, 921, 1387
1387, 921, 1364, 895
1060, 921, 1178, 1357
1060, 904, 921, 1178
1357, 921, 1178, 1449
904, 921, 931, 1178
893, 813, 895, 921
687, 813, 921, 931
895, 921, 1083, 813
1014, 860, 921, 922
860, 893, 922, 921
1014, 895, 921, 922
893, 895, 921, 922
1575, 1408, 1581, 1606
1292, 1716, 1408, 1581
1575, 1401, 1408, 1606
1292, 1716, 1408, 1487
1408, 1581, 1606, 1716
1315, 1079, 1152, 1222
960, 810, 1080, 1152
1080, 810, 1152, 1170
1315, 1152, 1222, 1256
1222, 887, 1079, 1152
1315, 1099, 1152, 1401
960, 788, 810, 1152
1079, 788, 887, 1152
810, 788, 887, 1152
1315, 788, 1099, 1152
960, 788, 1099, 1152
781, 710, 736, 950
781, 534, 710, 736
736, 534, 710, 829
950, 710, 736, 924
950, 710, 924, 982
736, 829, 710, 924
534, 690, 710, 829
829, 690, 924, 710
534, 427, 690, 710
982, 669, 710, 924
605, 427, 669, 710
690, 427, 669, 710
781, 710, 922, 950
950, 710, 922, 982
373, 133, 142, 364
394, 178, 327, 364
327, 158, 178, 364
394, 178, 364, 395
395, 162, 178, 364
395, 162, 364, 449
535, 142, 146, 364
535, 146, 364, 449
449, 146, 162, 364
146, 154, 142, 364
146, 154, 162, 364
364, 133, 142, 158
364, 142, 158, 162
364, 158, 162, 178
364, 142, 154, 162
735, 763, 535, 891
967, 891, 983, 1142
763, 535, 723, 891
763, 723, 758, 891
967, 723, 891, 983
1142, 1093, 891, 983
960, 659, 727, 743
960, 659, 743, 1080
1257, 1142, 1197, 1390
1257, 983, 1197, 1142
1479, 1292, 1197, 1408
1257, 983, 1197, 1093
1142, 1093, 983, 1197
1142, 1093, 891, 1197
1257, 743, 1093, 1197
1480, 1415, 1704, 1748
1480, 1415, 1449, 1704
1480, 1364, 1387, 1415
1480, 1415, 1623, 1748
1480, 1387, 1415, 1623
1387, 1364, 1623, 1415
1449, 1415, 1519, 1704
1449, 1178, 1415, 1519
1519, 1415, 1595, 1758
1519, 1415, 1704, 1758
1364, 1623, 1402, 1415
895, 1415, 1207, 1364
1364, 1207, 1402, 1415
1178, 1372, 1415, 1519
1519, 1372, 1415, 1595
1402, 1372, 1207, 1415
1623, 1415, 1622, 1748
1372, 1415, 1595, 1622
1622, 1415, 1595, 1748
1480, 921, 1415, 1449
1480, 1364, 921, 1415
895, 1415, 921, 1364
1449, 921, 1178, 1415
895, 921, 1207, 1415
1415, 1595, 1748, 1758
1415, 1704, 1748, 1758
1178, 1337, 1372, 1415
1178, 1337, 921, 1415
1247, 1624, 1780, 1781
1247, 1583, 1624, 1781
1583, 1504, 1624, 1781
1247, 1180, 1583, 1624
1583, 1180, 1504, 1624
1247, 1387, 1624, 1780
1247, 1180, 1492, 1624
1180, 1227, 1504, 1624
1180, 1227, 1492, 1624
1227, 1504, 1624, 1727
1227, 1624, 1702, 1727
1702, 1624, 1712, 1727
1624, 1504, 1727, 1781
1624, 1780, 1781, 1906
860, 648, 651, 781
860, 893, 648, 651
561, 651, 687, 648
561, 475, 651, 648
893, 813, 648, 895
561, 365, 648, 687
561, 365, 475, 648
687, 365, 565, 648
475, 365, 565, 648
687, 648, 756, 813
687, 565, 648, 756
895, 648, 813, 1101
895, 648, 1207, 1101
605, 419, 669, 648
895, 648, 982, 1066
982, 648, 669, 1066
813, 623, 648, 756
565, 623, 648, 756
813, 648, 824, 1101
813, 623, 648, 824
895, 1172, 648, 1207
1207, 648, 1101, 1172
895, 1172, 648, 1066
1101, 648, 1061, 1172
1101, 648, 740, 824
623, 648, 740, 824
669, 648, 898, 1066
1066, 648, 898, 1172
1172, 648, 898, 1061
669, 648, 685, 898
1061, 685, 648, 898
860, 648, 781, 922
860, 893, 922, 648
893, 895, 648, 922
895, 648, 922, 982
651, 893, 648, 921
651, 921, 648, 687
893, 813, 648, 921
687, 648, 813, 921
982, 648, 669, 710
605, 648, 669, 710
781, 648, 710, 922
982, 648, 710, 922
1037, 916, 963, 1116
1037, 916, 1116, 1138
517, 219, 369, 536
369, 219, 422, 536
369, 359, 491, 536
182, 359, 491, 536
369, 571, 422, 536
369, 571, 491, 536
908, 647, 827, 894
827, 559, 647, 894
647, 559, 888, 894
827, 559, 894, 919
559, 888, 894, 919
895, 1124, 1083, 1207
931, 813, 940, 1124
813, 1083, 1101, 1124
1083, 1207, 1101, 1124
1207, 1101, 1124, 1372
931, 1048, 1124, 1178
931, 940, 1048, 1124
813, 824, 940, 1124
813, 824, 1101, 1124
1372, 1101, 1124, 1226
1101, 824, 1226, 1124
1178, 1124, 1271, 1372
1178, 1048, 1124, 1271
1372, 1124, 1226, 1271
940, 1082, 1048, 1124
940, 1082, 824, 1124
824, 1226, 1082, 1124
1048, 1082, 1124, 1271
1226, 1082, 1124, 1271
931, 921, 1124, 1178
931, 813, 921, 1124
895, 921, 1083, 1124
813, 921, 1083, 1124
895, 1124, 921, 1207
1207, 1124, 1372, 1415
1207, 921, 1124, 1415
1178, 1337, 1372, 1124
1178, 1337, 921, 1124
1372, 1337, 1124, 1415
921, 1124, 1337, 1415
1079, 827, 876, 927
876, 827, 883, 927
827, 719, 927, 883
1027, 739, 755, 884
1027, 739, 884, 908
1027, 739, 908, 1114
884, 513, 739, 755
1027, 739, 755, 979
1027, 739, 979, 1200
884, 647, 739, 908
884, 513, 647, 739
1027, 1224, 739, 1200
1027, 1224, 739, 1114
755, 452, 513, 739
755, 698, 739, 979
755, 452, 698, 739
1114, 739, 1177, 1224
1200, 739, 979, 1048
1200, 739, 1048, 1224
1224, 739, 1048, 1177
513, 399, 647, 739
513, 399, 452, 739
979, 698, 739, 854
979, 739, 854, 1048
647, 399, 697, 739
647, 697, 739, 888
452, 549, 698, 739
452, 399, 549, 739
399, 549, 697, 739
888, 697, 739, 901
697, 549, 739, 901
888, 739, 901, 1147
1048, 739, 1171, 854
1147, 1120, 739, 901
1177, 739, 1048, 1158
1177, 739, 1147, 1158
1147, 1120, 739, 1158
698, 720, 739, 854
698, 549, 720, 739
1048, 739, 1171, 945
854, 945, 739, 1171
1048, 739, 945, 1158
854, 720, 739, 946
549, 720, 739, 946
854, 945, 739, 946
549, 739, 945, 946
549, 739, 804, 901
901, 1120, 739, 804
1120, 739, 804, 1158
549, 739, 804, 945
1158, 739, 804, 945
908, 739, 1098, 1114
1114, 739, 1098, 1177
908, 647, 739, 894
647, 739, 888, 894
1177, 739, 894, 1147
908, 894, 1098, 739
1177, 739, 894, 1098
1403, 1181, 1260, 1382
1403, 1260, 1382, 1424
888, 971, 1030, 919
827, 894, 919, 971
888, 894, 919, 971
908, 894, 1098, 971
888, 739, 971, 1147
888, 739, 971, 894
1147, 739, 971, 894
1223, 1106, 1394, 1557
1394, 1106, 1429, 1557
1557, 1106, 1279, 1429
1557, 1106, 1279, 1523
1523, 1106, 1279, 1312
1523, 1106, 1312, 1407
888, 1078, 1106, 1147
1407, 1078, 1106, 1312
888, 1030, 1078, 1106
1312, 1030, 1078, 1106
888, 971, 1106, 1147
888, 971, 1030, 1106
919, 971, 1030, 1106
630, 182, 683, 491
630, 571, 683, 790
630, 491, 683, 571
790, 571, 683, 775
630, 182, 683, 536
182, 683, 491, 536
491, 683, 536, 571
567, 215, 413, 487
413, 215, 487, 219
567, 413, 487, 588
413, 219, 386, 487
413, 386, 487, 588
386, 366, 487, 219
386, 366, 487, 250
366, 487, 219, 250
588, 487, 564, 700
588, 386, 487, 564
1260, 1089, 1233, 1424
1181, 1089, 1260, 1382
1260, 1089, 1382, 1424
1022, 1164, 1301, 1491
1491, 1164, 1301, 1424
1022, 1028, 1164, 1301
594, 82, 377, 512
512, 82, 326, 377
326, 91, 377, 78
326, 91, 377, 82
326, 78, 377, 445
326, 377, 445, 673
445, 62, 78, 377
377, 62, 65, 78
377, 65, 78, 82
377, 91, 78, 82
844, 619, 736, 924
736, 829, 619, 924
829, 690, 924, 619
844, 619, 830, 924
924, 619, 669, 1103
844, 355, 619, 736
844, 355, 619, 830
669, 619, 1194, 1103
830, 355, 619, 857
355, 770, 857, 619
355, 488, 770, 619
669, 619, 1194, 878
1103, 619, 1194, 878
669, 598, 619, 878
488, 278, 570, 619
598, 570, 619, 878
770, 488, 599, 619
488, 570, 599, 619
924, 619, 710, 690
924, 619, 710, 669
690, 619, 710, 669
475, 188, 203, 418
475, 188, 418, 565
475, 203, 418, 419
419, 203, 227, 418
565, 188, 418, 623
623, 566, 418, 740
740, 418, 566, 685
566, 223, 406, 418
406, 188, 218, 418
406, 218, 223, 418
623, 188, 418, 550
623, 566, 418, 550
566, 406, 418, 550
406, 188, 418, 550
685, 418, 465, 566
566, 223, 418, 465
475, 418, 565, 648
475, 418, 419, 648
565, 418, 623, 648
623, 418, 648, 740
740, 418, 648, 685
419, 678, 418, 648
418, 188, 203, 218
418, 203, 218, 227
418, 218, 223, 227
827, 559, 719, 822
719, 613, 742, 822
719, 559, 613, 822
827, 559, 822, 919
559, 613, 722, 822
613, 754, 722, 822
559, 729, 822, 919
559, 722, 729, 822
722, 729, 754, 822
827, 927, 994, 822
827, 719, 927, 822
719, 883, 822, 927
827, 822, 971, 994
827, 822, 919, 971
994, 1279, 822, 1106
994, 822, 971, 1106
830, 857, 1015, 1039
1039, 857, 1015, 1128
924, 619, 830, 1015
924, 619, 1015, 1103
830, 619, 857, 1015
786, 355, 764, 937
588, 564, 700, 764
588, 355, 564, 764
355, 764, 846, 937
700, 564, 705, 764
355, 564, 705, 764
355, 705, 764, 846
588, 700, 764, 815
588, 355, 764, 815
786, 355, 764, 815
967, 1032, 1059, 1198
967, 661, 1032, 1059
1032, 661, 1059, 1062
1100, 909, 1059, 661
1100, 909, 1059, 1062
661, 909, 1059, 1062
1037, 899, 1138, 1181
1181, 1138, 1260, 899
700, 814, 845, 899
814, 845, 899, 1188
700, 705, 845, 899
1037, 899, 916, 1138
1181, 899, 1089, 1260
814, 899, 1089, 1188
1260, 899, 1089, 1233
1188, 899, 1089, 1233
700, 705, 764, 899
846, 705, 764, 899
1138, 764, 899, 916
700, 764, 815, 899
916, 764, 815, 899
1254, 1207, 1274, 1402
1254, 1066, 1207, 1274
1402, 1172, 1207, 1274
1207, 1066, 1172, 1274
1254, 1274, 1402, 1451
1402, 1274, 1643, 1451
1254, 1066, 1274, 1451
1101, 1274, 1061, 1172
1179, 1274, 1373, 1450
1450, 1249, 1274, 1373
919, 729, 993, 1030
919, 1106, 993, 1030
919, 971, 993, 1106
919, 729, 822, 993
919, 971, 993, 822
971, 993, 822, 1106
1227, 963, 1010, 1234
1227, 963, 1234, 1432
1227, 1234, 1432, 1592
1592, 1234, 1432, 1712
963, 990, 1010, 1234
963, 990, 1432, 1234
1010, 1039, 1160, 1234
1039, 1128, 1160, 1234
1010, 990, 1040, 1234
1010, 1040, 1160, 1234
990, 1040, 1404, 1234
1404, 1040, 1234, 1331
1181, 947, 1138, 1219
1138, 947, 1116, 1219
1181, 1138, 1260, 947
1181, 947, 1219, 1260
1116, 1432, 947, 1219
963, 937, 786, 947
963, 937, 1116, 947
1116, 990, 947, 1432
1116, 937, 947, 990
1219, 947, 1260, 1384
1219, 947, 1384, 1432
937, 846, 990, 947
990, 846, 947, 1067
990, 1067, 1404, 947
1404, 1067, 947, 1331
963, 786, 916, 947
963, 916, 947, 1116
1138, 916, 947, 1116
786, 815, 947, 916
786, 764, 937, 947
937, 764, 846, 947
1138, 764, 916, 947
786, 815, 947, 764
916, 764, 815, 947
1138, 1260, 899, 947
1138, 764, 899, 947
846, 764, 899, 947
1432, 990, 947, 1234
1432, 947, 1234, 1404
990, 1404, 947, 1234
767, 966, 1026, 1109
1169, 1108, 1026, 1284
1169, 1108, 1026, 1109
1109, 966, 1026, 1108
767, 882, 958, 1026
767, 966, 1026, 1069
966, 1026, 1069, 1108
767, 958, 1026, 1069
1108, 1026, 1069, 1113
958, 1026, 1069, 1113
1066, 1194, 1451, 1189
1066, 898, 1172, 1189
1172, 898, 1061, 1189
1066, 798, 1189, 1194
1066, 798, 898, 1189
1194, 798, 1133, 1189
1061, 866, 898, 1189
898, 798, 866, 1189
798, 872, 1133, 1189
798, 866, 872, 1189
1373, 866, 1189, 1249
866, 872, 1189, 1249
1133, 872, 1189, 1288
872, 1189, 1249, 1288
1066, 1172, 1189, 1274
1066, 1189, 1274, 1451
1172, 1274, 1061, 1189
1450, 1249, 1274, 1189
1373, 1189, 1249, 1274
1451, 1481, 1189, 1274
1103, 878, 1173, 1194
1194, 878, 1133, 1173
1103, 878, 619, 1173
1194, 1133, 1173, 1189
1301, 1201, 1424, 1550
1424, 1201, 1550, 1603
1424, 1201, 1425, 1603
1028, 981, 1095, 1201
1301, 1028, 1201, 1202
1301, 1201, 1202, 1550
1603, 1201, 1202, 1550
1603, 1201, 1202, 1425
1028, 1095, 1202, 1201
1425, 1201, 1202, 1482
1188, 1089, 1201, 1233
1424, 1089, 1201, 1233
1301, 1164, 1201, 1424
1301, 1028, 1164, 1201
1424, 1089, 1164, 1201
355, 770, 857, 747
355, 770, 599, 747
1128, 747, 802, 952
570, 747, 599, 802
599, 747, 766, 802
802, 747, 766, 952
770, 857, 619, 747
770, 599, 619, 747
570, 747, 599, 619
570, 747, 619, 802
1103, 619, 747, 1015
857, 747, 1015, 619
1103, 619, 747, 1173
747, 691, 766, 952
723, 368, 625, 637
723, 368, 637, 661
723, 625, 637, 819
625, 637, 674, 819
368, 379, 637, 661
661, 379, 603, 637
625, 368, 409, 637
625, 409, 637, 674
368, 379, 409, 637
819, 637, 674, 750
674, 593, 637, 750
1376, 1335, 1517, 1545
1648, 1517, 1581, 1762
1648, 1517, 1720, 1762
1545, 1477, 1517, 1581
1545, 1335, 1477, 1517
1477, 1517, 1581, 1762
1335, 1327, 1477, 1517
1477, 1327, 1517, 1762
1327, 1517, 1762, 1771
1517, 1720, 1762, 1771
723, 661, 890, 1032
1032, 661, 890, 1134
723, 637, 661, 890
723, 637, 819, 890
661, 603, 890, 637
819, 637, 750, 890
1279, 850, 1145, 1385
1279, 850, 1312, 1385
1145, 850, 1290, 1385
1385, 850, 1290, 1312
754, 713, 850, 729
1145, 850, 1214, 1290
1312, 850, 1030, 1141
1312, 1141, 1290, 850
1290, 850, 1344, 1214
1290, 850, 1344, 1141
1214, 1141, 850, 1344
1030, 886, 729, 850
1030, 886, 850, 1141
1018, 850, 965, 1118
1018, 850, 1118, 1214
1214, 1141, 850, 1118
1141, 850, 886, 1118
886, 850, 965, 1118
1279, 850, 1106, 1312
1312, 850, 1030, 1106
1279, 822, 850, 1145
1279, 822, 850, 1106
1030, 850, 993, 729
1238, 1251, 1284, 1475
1284, 1108, 1251, 1442
1284, 1026, 1108, 1251
882, 1113, 958, 1161
882, 1113, 968, 1161
882, 958, 1161, 1026
1108, 1026, 1113, 1161
958, 1161, 1026, 1113
1108, 1026, 1161, 1251
1128, 771, 802, 1076
857, 1076, 1015, 1128
857, 1076, 747, 1128
1128, 747, 802, 1076
802, 619, 747, 1076
857, 747, 1015, 1076
619, 747, 1076, 1173
1424, 1056, 1425, 1444
1260, 899, 1056, 1233
1188, 899, 1056, 1233
1188, 845, 899, 1056
845, 705, 899, 1056
1188, 1056, 1201, 1233
1424, 1056, 1201, 1233
1424, 1056, 1425, 1201
1425, 1201, 1444, 1056
355, 834, 857, 975
857, 834, 975, 1160
857, 975, 1128, 1160
834, 975, 1008, 1160
355, 747, 857, 975
857, 747, 975, 1128
1128, 747, 952, 975
747, 691, 952, 975
1432, 1515, 1234, 1712
1515, 1695, 1678, 1712
156, 434, 603, 610
747, 691, 879, 975
481, 376, 428, 628
767, 481, 527, 628
481, 376, 527, 628
376, 527, 612, 628
527, 707, 612, 628
355, 283, 456, 292
355, 283, 456, 297
355, 292, 456, 599
599, 292, 453, 456
599, 453, 456, 766
355, 297, 456, 492
492, 292, 297, 456
492, 292, 318, 456
355, 765, 456, 747
765, 691, 456, 747
355, 456, 599, 747
599, 456, 747, 766
747, 456, 691, 766
456, 453, 691, 766
456, 283, 292, 297
456, 453, 292, 318
456, 453, 318, 691
1061, 685, 791, 898
1101, 1110, 791, 1061
1101, 740, 1110, 791
1226, 740, 1110, 791
1226, 740, 1126, 791
740, 1126, 791, 1082
1226, 791, 1110, 1126
740, 566, 685, 791
1082, 1126, 791, 1154
740, 550, 566, 791
1110, 791, 1126, 1179
1061, 791, 898, 866
898, 791, 685, 866
566, 436, 550, 791
685, 566, 663, 791
685, 663, 791, 866
566, 436, 663, 791
1179, 791, 1340, 1373
740, 791, 987, 1082
1082, 791, 987, 1154
740, 550, 791, 987
1373, 791, 1307, 1340
1373, 866, 791, 1249
1373, 791, 1249, 1307
866, 791, 1249, 1307
550, 436, 511, 791
436, 511, 663, 791
1179, 677, 791, 1259
1179, 791, 1259, 1340
1340, 791, 1259, 1307
1259, 677, 791, 792
550, 745, 791, 987
987, 745, 791, 792
550, 511, 745, 791
745, 769, 791, 792
663, 511, 548, 791
511, 548, 745, 791
663, 548, 769, 791
745, 769, 548, 791
866, 663, 1096, 791
866, 791, 1096, 1307
1307, 791, 1096, 1259
1259, 791, 792, 1096
663, 1096, 769, 791
769, 791, 792, 1096
1101, 648, 791, 1061
1101, 648, 740, 791
1061, 685, 648, 791
740, 648, 685, 791
1061, 1110, 791, 1274
1110, 791, 1179, 1274
1179, 791, 1274, 1373
1061, 866, 791, 1189
1373, 866, 791, 1189
1061, 791, 1189, 1274
1373, 1189, 791, 1274
1126, 1241, 1154, 1179
1154, 1179, 1241, 1431
1154, 1241, 1431, 1511
1154, 1143, 1241, 1473
1143, 677, 1241, 1473
1154, 1241, 1473, 1511
1511, 677, 1241, 1473
1154, 987, 1143, 1241
1143, 677, 987, 1241
1179, 677, 1241, 1538
1179, 1241, 1431, 1538
1431, 1241, 1511, 1538
1511, 677, 1241, 1538
1126, 1241, 791, 1154
1126, 1241, 791, 1179
1179, 677, 791, 1241
1154, 791, 987, 1241
1155, 1028, 1052, 1306
885, 812, 1004, 1052
885, 1232, 1004, 1052
1232, 1052, 1246, 1416
812, 688, 1006, 1052
1630, 1368, 1445, 1493
1630, 1445, 1493, 1712
1445, 1493, 1712, 1768
570, 654, 802, 917
802, 654, 771, 917
878, 671, 917, 1133
878, 570, 671, 917
570, 600, 654, 917
570, 600, 671, 917
671, 600, 771, 917
600, 654, 771, 917
878, 570, 619, 917
570, 619, 802, 917
878, 917, 1133, 1173
878, 619, 917, 1173
802, 771, 917, 1076
802, 619, 917, 1076
1466, 917, 1076, 1173
619, 917, 1076, 1173
1466, 917, 1173, 1445
1173, 917, 1445, 1493
1466, 917, 1076, 1445
1076, 771, 917, 1445
437, 280, 397, 451
355, 451, 589, 636
355, 451, 492, 636
589, 437, 451, 639
437, 397, 451, 639
589, 451, 636, 639
636, 451, 505, 639
639, 397, 451, 505
355, 284, 401, 451
355, 401, 451, 492
492, 401, 423, 451
401, 284, 302, 451
401, 280, 302, 451
401, 280, 351, 451
401, 351, 451, 423
451, 280, 397, 505
451, 280, 423, 505
451, 290, 280, 302
451, 351, 280, 423
671, 771, 1156, 1175
1133, 902, 1156, 671
671, 1288, 1156, 1175
1133, 902, 1156, 1288
671, 902, 1156, 1288
1133, 671, 917, 1156
671, 771, 917, 1156
1133, 917, 1156, 1173
1173, 917, 1156, 1493
1445, 917, 1156, 1493
1108, 1069, 1183, 1199
1108, 1069, 1113, 1199
1113, 968, 1069, 1199
1108, 1113, 1161, 1199
1113, 968, 1161, 1199
1184, 968, 1161, 1199
1108, 1161, 1199, 1251
379, 125, 409, 520
409, 100, 520, 345
379, 125, 434, 520
379, 434, 520, 603
409, 345, 520, 593
379, 520, 603, 637
379, 409, 520, 637
409, 520, 593, 637
754, 667, 1018, 965
713, 708, 494, 667
713, 708, 667, 729
729, 708, 886, 667
886, 667, 926, 965
713, 633, 494, 667
754, 713, 850, 667
713, 850, 667, 729
754, 667, 1018, 850
1018, 667, 850, 965
729, 667, 850, 886
886, 667, 850, 965
1108, 1183, 1289, 1441
1108, 1289, 1441, 1442
1442, 1289, 1441, 1527
1389, 1441, 1644, 1527
1108, 1251, 1441, 1442
1442, 1251, 1441, 1527
1108, 1183, 1199, 1441
1108, 1199, 1251, 1441
1389, 1199, 1251, 1441
1199, 1024, 1183, 1441
1441, 1183, 1289, 1527
1441, 1322, 1527, 1644
376, 439, 601, 612
376, 428, 439, 601
376, 601, 612, 628
376, 428, 601, 628
601, 439, 612, 835
1125, 1264, 1052, 1416
1028, 1064, 1202, 1306
1306, 1064, 1202, 1416
1028, 1095, 1202, 1064
1202, 1064, 1416, 1463
1463, 1064, 1125, 1416
1202, 1064, 1187, 1463
1463, 1064, 1125, 1187
1202, 1064, 1330, 1482
1202, 1064, 1187, 1330
1095, 1202, 1064, 1201
1202, 1064, 1201, 1482
1028, 1052, 1064, 1306
1306, 1052, 1064, 1416
1125, 1052, 1064, 1416
492, 423, 500, 576
636, 505, 576, 676
492, 423, 451, 576
492, 451, 576, 636
576, 423, 500, 676
576, 423, 505, 676
434, 380, 442, 551
603, 434, 551, 610
434, 380, 551, 610
603, 434, 520, 551
636, 553, 451, 505
451, 505, 553, 423
636, 553, 505, 576
636, 553, 451, 576
451, 423, 553, 576
576, 505, 553, 423
1482, 1265, 1281, 1330
1095, 1265, 936, 1064
1482, 1064, 1265, 1330
1482, 1201, 1265, 1064
633, 384, 726, 718
633, 655, 384, 726
655, 384, 644, 726
633, 726, 667, 718
726, 384, 644, 718
593, 558, 345, 646
750, 593, 637, 646
593, 345, 520, 646
593, 520, 637, 646
1445, 771, 1332, 1368
1445, 1332, 1368, 1493
1445, 917, 1332, 771
1445, 1156, 1332, 1493
1445, 917, 1332, 1156
917, 1332, 771, 1156
1156, 771, 1175, 1332
1156, 1175, 1332, 1493
1332, 771, 1175, 1368
1332, 1175, 1368, 1493
946, 1033, 1047, 914
1148, 1033, 1047, 914
946, 614, 914, 1047
1047, 939, 614, 914
1148, 914, 1047, 1186
1148, 1033, 1122, 914
1033, 1122, 914, 1193
1193, 914, 1122, 1287
1148, 914, 1122, 1186
1186, 914, 1009, 1122
1122, 914, 1009, 1287
1047, 939, 914, 920
614, 939, 914, 920
1047, 914, 920, 1186
1186, 914, 920, 1009
614, 572, 715, 914
614, 715, 914, 920
920, 715, 914, 1009
715, 572, 914, 1009
848, 439, 480, 831
533, 46, 480, 681
608, 46, 480, 681
848, 480, 968, 831
608, 480, 817, 848
608, 480, 681, 817
848, 480, 968, 817
968, 817, 831, 480
817, 748, 480, 831
608, 530, 46, 480
480, 12, 439, 831
750, 593, 646, 686
1246, 1131, 1496, 1502
1496, 1131, 1502, 1576
1496, 1131, 1486, 1576
1486, 1131, 1436, 1576
1486, 1131, 1205, 1436
1205, 1070, 1131, 1436
1313, 1055, 1195, 1400
1400, 1195, 1283, 1457
1055, 1129, 1195, 1400
1400, 1195, 1283, 1129
1283, 1129, 1457, 1195
1313, 1195, 1327, 1380
1313, 1195, 1380, 1400
1400, 1195, 1380, 1457
1457, 1129, 1195, 1348
1457, 1195, 1348, 1380
999, 1131, 961, 1246
1055, 818, 1057, 1129
409, 455, 345, 593
593, 558, 345, 455
558, 74, 345, 455
558, 74, 455, 587
593, 558, 455, 646
558, 455, 587, 646
587, 455, 503, 686
593, 455, 646, 686
587, 455, 646, 686
593, 629, 455, 686
455, 60, 45, 74
1297, 832, 1460, 1500
1297, 832, 1130, 1460
738, 440, 731, 832
1500, 832, 1460, 1580
738, 793, 832, 1130
738, 440, 793, 832
1130, 832, 920, 793
793, 597, 832, 954
1130, 832, 920, 1185
920, 832, 793, 1185
793, 832, 954, 1185
440, 602, 832, 597
440, 602, 832, 793
793, 602, 832, 597
832, 873, 597, 954
538, 315, 560, 671
538, 315, 514, 671
514, 289, 315, 467
671, 315, 514, 600
514, 315, 467, 600
600, 315, 467, 675
560, 288, 315, 522
522, 285, 288, 315
560, 315, 522, 706
671, 315, 560, 752
671, 315, 600, 752
600, 315, 675, 752
560, 315, 706, 752
752, 315, 454, 675
706, 315, 752, 964
752, 315, 454, 964
964, 315, 454, 930
522, 285, 315, 542
522, 751, 315, 706
706, 315, 751, 964
964, 315, 751, 930
522, 751, 315, 542
542, 315, 543, 751
751, 689, 315, 543
751, 689, 315, 930
315, 285, 288, 305
315, 288, 291, 300
315, 288, 300, 305
315, 291, 300, 304
315, 305, 312, 316
315, 454, 467, 675
315, 304, 467, 289
315, 304, 467, 312
315, 304, 305, 300
315, 304, 305, 312
315, 312, 402, 467
315, 402, 312, 316
315, 402, 316, 454
315, 402, 467, 454
1297, 1215, 1476, 1500
1297, 1215, 1285, 1476
1215, 1285, 1476, 1654
1500, 1215, 1476, 1580
1215, 1476, 1580, 1654
1285, 1579, 1412, 1476
1285, 1579, 1476, 1654
1579, 1476, 1540, 1654
1580, 1149, 1476, 1605
1580, 1476, 1605, 1654
1605, 1149, 1476, 1540
1605, 1476, 1540, 1654
1579, 1267, 1412, 1476
1579, 1267, 1476, 1540
1267, 1334, 1476, 1540
1267, 858, 1334, 1476
1334, 1149, 1476, 1540
1297, 1252, 1285, 1476
1297, 832, 1476, 1500
1500, 832, 1476, 1580
1297, 832, 1252, 1476
442, 119, 490, 519
461, 111, 119, 519
461, 111, 519, 621
442, 490, 519, 551
519, 111, 119, 490
519, 111, 490, 657
519, 111, 621, 657
440, 597, 645, 1045
645, 597, 873, 1045
440, 597, 832, 1045
832, 873, 597, 1045
832, 873, 954, 1045
1129, 900, 1025, 1036
1129, 1036, 900, 1309
1129, 900, 1309, 1091
1091, 1041, 1309, 900
1041, 670, 900, 1036
1041, 1309, 900, 1036
503, 818, 686, 900
1129, 818, 1195, 900
1334, 1042, 1149, 1237
858, 1237, 1334, 1476
1334, 1149, 1237, 1476
1285, 1237, 1252, 1476
1252, 832, 1476, 1237
1252, 1045, 832, 1237
1237, 873, 1042, 1149
448, 387, 236, 264
448, 387, 236, 273
448, 361, 387, 264
448, 361, 387, 273
361, 273, 295, 387
361, 287, 295, 387
361, 387, 264, 267
361, 267, 287, 387
387, 267, 273, 277
387, 267, 277, 287
387, 273, 277, 295
387, 277, 287, 295
387, 236, 264, 273
387, 264, 267, 273
587, 472, 503, 656
472, 469, 656, 680
587, 503, 656, 686
503, 656, 686, 900
656, 469, 609, 680
656, 609, 680, 849
557, 483, 484, 626
557, 483, 626, 640
557, 484, 624, 626
557, 624, 626, 640
1267, 809, 959, 1418
645, 640, 873, 959
1267, 809, 858, 959
645, 640, 858, 959
858, 640, 938, 959
858, 809, 938, 959
1267, 1334, 1418, 959
1267, 858, 959, 1334
1334, 959, 1042, 1325
1334, 1418, 959, 1325
1325, 959, 1042, 1051
1325, 959, 1051, 1139
1325, 959, 1139, 1418
645, 873, 959, 1045
858, 959, 1237, 1334
1334, 959, 1042, 1237
1045, 873, 959, 1237
1237, 873, 959, 1042
959, 809, 938, 1139
959, 809, 1139, 1418
959, 991, 640, 873
959, 991, 873, 1042
959, 640, 1139, 938
959, 640, 1139, 1051
959, 991, 1051, 640
959, 991, 1051, 1042
530, 26, 439, 10
530, 26, 439, 12
530, 10, 26, 46
26, 10, 11, 12
26, 11, 12, 33
26, 33, 39, 46
26, 439, 10, 12
530, 12, 26, 480
530, 26, 46, 480
26, 12, 33, 480
26, 33, 46, 480
34, 5, 24, 384
331, 37, 48, 50
37, 433, 3, 484
37, 51, 31, 50
37, 624, 484, 557
331, 40, 48, 388
331, 40, 388, 641
641, 40, 388, 640
388, 40, 48, 52
388, 40, 539, 640
539, 40, 460, 640
557, 40, 483, 484
557, 40, 483, 640
40, 1, 2, 17
40, 1, 2, 483
40, 1, 17, 20
40, 1, 20, 483
40, 2, 3, 484
40, 2, 483, 484
40, 17, 20, 30
40, 20, 30, 460
40, 20, 460, 640
40, 20, 483, 640
331, 37, 40, 48
37, 3, 40, 48
37, 484, 3, 40
331, 509, 37, 40
37, 557, 40, 484
37, 509, 40, 557
408, 25, 41, 330
408, 43, 41, 65
408, 66, 41, 65
41, 22, 25, 330
41, 53, 376, 32
388, 70, 52, 54
388, 54, 645, 597
54, 30, 38, 460
54, 38, 70, 389
54, 38, 389, 515
388, 54, 645, 539
645, 54, 539, 597
54, 515, 539, 597
54, 38, 539, 460
54, 38, 539, 515
388, 40, 52, 54
54, 30, 40, 52
54, 30, 40, 460
388, 40, 54, 539
54, 40, 460, 539
357, 77, 55, 85
357, 55, 85, 339
357, 55, 339, 494
494, 59, 55, 339
339, 55, 59, 85
55, 59, 67, 85
55, 67, 77, 85
55, 24, 34, 384
55, 34, 59, 36
587, 57, 74, 609
57, 44, 45, 61
57, 45, 61, 74
57, 61, 74, 81
57, 344, 35, 63
57, 81, 469, 63
57, 81, 469, 457
57, 457, 74, 81
57, 457, 74, 469
57, 74, 469, 609
587, 472, 57, 503
503, 45, 472, 57
57, 35, 472, 44
57, 35, 472, 344
57, 344, 63, 472
57, 45, 472, 44
57, 63, 472, 469
587, 57, 74, 455
587, 57, 455, 503
503, 45, 57, 455
57, 45, 74, 455
587, 57, 609, 656
57, 469, 609, 656
587, 472, 57, 656
57, 469, 472, 656
340, 72, 90, 104
340, 95, 72, 104
340, 72, 90, 440
331, 48, 50, 72
340, 95, 72, 334
340, 72, 334, 440
334, 95, 72, 93
334, 93, 72, 403
440, 72, 597, 602
440, 72, 334, 602
334, 72, 403, 602
602, 72, 403, 597
440, 72, 388, 597
440, 72, 331, 388
331, 48, 72, 388
388, 75, 48, 72
388, 75, 52, 72
388, 70, 52, 72
72, 70, 93, 389
72, 93, 389, 403
72, 389, 403, 597
72, 52, 70, 75
72, 515, 389, 597
388, 54, 72, 597
388, 70, 54, 72
54, 70, 72, 389
54, 72, 515, 389
54, 72, 515, 597
72, 93, 95, 104
326, 73, 78, 86
326, 85, 73, 86
326, 73, 78, 445
326, 73, 445, 613
445, 62, 73, 78
326, 85, 73, 378
326, 73, 357, 613
326, 73, 378, 357
378, 73, 85, 357
357, 77, 73, 85
73, 16, 29, 42
73, 29, 42, 49
73, 62, 68, 78
73, 68, 78, 86
73, 77, 85, 86
73, 49, 62, 42
73, 49, 62, 68
357, 77, 55, 73
73, 29, 49, 55
55, 67, 73, 77
83, 50, 58, 79
83, 58, 71, 79
440, 72, 83, 90
440, 72, 83, 331
331, 50, 72, 83
409, 102, 345, 87
674, 87, 533, 750
674, 593, 87, 750
674, 87, 637, 409
674, 87, 637, 593
409, 87, 637, 593
87, 33, 45, 60
87, 74, 100, 345
87, 102, 345, 100
533, 46, 87, 480
87, 33, 46, 480
533, 87, 686, 750
750, 87, 593, 686
593, 629, 87, 686
409, 455, 87, 345
409, 455, 87, 593
87, 74, 345, 455
87, 60, 455, 45
87, 60, 455, 74
593, 629, 87, 455
87, 455, 629, 686
390, 94, 96, 108
390, 96, 108, 114
390, 96, 114, 489
96, 105, 110, 114
96, 90, 110, 104
96, 90, 110, 105
489, 96, 114, 340
96, 110, 114, 340
96, 104, 90, 340
96, 104, 110, 340
390, 94, 96, 440
390, 96, 440, 489
96, 71, 94, 440
489, 96, 340, 440
96, 90, 340, 440
96, 71, 79, 83
96, 79, 83, 90
96, 71, 83, 440
96, 83, 90, 440
399, 109, 106, 108
399, 109, 358, 106
358, 97, 106, 84
358, 97, 106, 109
399, 106, 358, 559
358, 84, 106, 378
358, 106, 357, 559
358, 106, 378, 357
378, 106, 84, 357
106, 97, 84, 109
399, 106, 108, 390
399, 106, 390, 559
106, 94, 108, 390
559, 106, 339, 357
357, 84, 106, 339
106, 71, 84, 339
106, 94, 339, 71
559, 106, 339, 390
106, 440, 94, 390
106, 94, 339, 440
106, 440, 339, 390
409, 124, 100, 125
434, 124, 125, 139
434, 124, 139, 442
442, 119, 124, 139
409, 124, 100, 520
409, 124, 125, 520
434, 124, 125, 520
520, 100, 124, 345
434, 124, 442, 551
434, 124, 520, 551
124, 92, 100, 115
124, 92, 100, 345
124, 92, 115, 119
442, 119, 124, 519
442, 124, 519, 551
368, 102, 130, 138
368, 130, 138, 147
368, 138, 147, 152
368, 138, 152, 497
138, 134, 147, 152
497, 138, 152, 156
138, 134, 152, 156
368, 102, 138, 379
368, 138, 379, 497
138, 102, 134, 379
497, 138, 156, 379
138, 134, 156, 379
141, 167, 168, 394
141, 127, 133, 373
141, 113, 373, 127
141, 158, 167, 327
141, 167, 327, 394
141, 133, 158, 364
141, 133, 364, 373
141, 158, 327, 364
141, 327, 364, 394
687, 159, 365, 554
687, 159, 365, 565
565, 159, 188, 365
365, 155, 159, 172
365, 157, 159, 172
365, 157, 159, 188
687, 159, 565, 756
554, 365, 452, 159
365, 452, 155, 159
452, 129, 159, 155
452, 129, 159, 350
687, 159, 554, 698
554, 159, 452, 698
565, 159, 188, 623
565, 159, 623, 756
687, 159, 756, 789
687, 159, 698, 789
756, 159, 623, 652
623, 159, 188, 652
756, 159, 652, 789
452, 159, 350, 549
452, 159, 549, 698
549, 335, 114, 159
549, 114, 159, 350
698, 159, 544, 789
789, 159, 544, 652
652, 159, 188, 544
698, 159, 544, 549
544, 157, 159, 188
549, 335, 159, 346
549, 159, 346, 544
544, 157, 159, 346
346, 335, 143, 159
346, 143, 159, 157
159, 335, 350, 108
159, 335, 350, 114
159, 129, 155, 350
159, 143, 157, 335
380, 150, 161, 169
380, 163, 150, 169
380, 163, 165, 169
169, 150, 161, 164
169, 161, 179, 164
169, 161, 179, 170
169, 150, 163, 165
182, 160, 175, 177
182, 175, 177, 359
359, 175, 177, 201
630, 175, 182, 491
182, 175, 359, 491
359, 175, 201, 491
630, 175, 491, 571
630, 156, 175, 182
182, 156, 160, 175
156, 134, 160, 175
156, 134, 165, 175
491, 175, 201, 504
491, 175, 504, 571
504, 175, 201, 208
630, 175, 571, 699
630, 156, 175, 699
156, 165, 175, 434
571, 175, 504, 531
504, 175, 208, 531
434, 165, 175, 380
571, 175, 476, 531
531, 208, 476, 175
476, 175, 206, 205
476, 175, 206, 374
476, 208, 175, 205
156, 175, 610, 699
156, 175, 434, 610
434, 175, 380, 610
175, 177, 194, 201
175, 194, 201, 208
175, 170, 179, 385
175, 206, 205, 374
175, 170, 169, 179
175, 385, 169, 374
175, 169, 179, 385
175, 169, 170, 385
405, 174, 176, 143
405, 174, 176, 181
405, 181, 176, 192
405, 176, 196, 184
405, 176, 192, 196
405, 143, 176, 470
470, 143, 151, 176
470, 151, 166, 176
176, 174, 143, 181
176, 196, 181, 184
176, 192, 181, 196
405, 176, 184, 482
470, 482, 166, 176
176, 166, 184, 482
395, 191, 162, 185
395, 191, 193, 185
395, 185, 193, 517
517, 185, 193, 200
395, 162, 185, 449
449, 152, 162, 185
185, 152, 162, 177
185, 186, 193, 200
185, 186, 199, 200
185, 191, 162, 186
185, 191, 193, 186
517, 185, 200, 369
185, 199, 200, 369
449, 152, 182, 185
185, 152, 177, 182
185, 177, 195, 359
185, 199, 359, 195
185, 199, 359, 369
185, 177, 182, 359
395, 185, 517, 536
395, 185, 449, 536
517, 185, 369, 536
449, 182, 185, 536
185, 359, 369, 536
185, 182, 359, 536
666, 216, 474, 703
474, 173, 198, 216
703, 216, 474, 561
474, 198, 216, 561
703, 216, 651, 781
703, 216, 561, 651
561, 198, 651, 216
781, 216, 534, 592
651, 198, 216, 475
475, 198, 214, 216
592, 213, 216, 381
592, 216, 381, 534
381, 213, 216, 224
475, 214, 216, 419
605, 216, 419, 525
525, 216, 227, 419
419, 214, 216, 227
605, 216, 427, 525
525, 216, 227, 427
427, 216, 227, 247
216, 173, 212, 213
216, 212, 213, 220
781, 216, 534, 710
534, 216, 427, 710
605, 216, 427, 710
781, 216, 648, 651
651, 475, 216, 648
475, 216, 419, 648
605, 216, 419, 648
781, 216, 648, 710
605, 216, 648, 710
412, 217, 202, 213
592, 217, 213, 462
217, 213, 224, 462
217, 224, 232, 342
615, 342, 217, 462
217, 224, 342, 462
217, 215, 232, 413
217, 232, 342, 413
615, 342, 217, 355
217, 215, 355, 413
217, 342, 355, 413
511, 221, 493, 547
511, 211, 209, 221
511, 211, 221, 493
211, 209, 210, 221
511, 209, 221, 371
511, 221, 371, 547
371, 209, 221, 236
371, 221, 230, 233
371, 221, 233, 236
371, 221, 555, 230
371, 221, 555, 547
221, 207, 230, 464
221, 555, 230, 547
221, 230, 547, 464
493, 221, 396, 547
493, 211, 221, 396
211, 210, 221, 396
221, 207, 210, 396
221, 207, 396, 464
221, 396, 464, 547
338, 206, 225, 243
338, 206, 243, 486
338, 225, 235, 243
338, 243, 486, 618
618, 243, 486, 580
338, 235, 243, 430
430, 235, 243, 254
338, 243, 537, 618
618, 243, 537, 580
338, 243, 430, 537
430, 243, 254, 537
243, 206, 225, 228
243, 206, 228, 486
243, 225, 228, 237
243, 228, 237, 486
243, 237, 256, 521
243, 237, 486, 521
243, 486, 521, 580
243, 256, 580, 521
537, 243, 254, 508
537, 243, 508, 580
243, 254, 256, 508
243, 256, 580, 508
381, 224, 246, 249
534, 246, 355, 381
381, 246, 249, 355
534, 216, 246, 381
381, 216, 224, 246
534, 216, 246, 427
427, 216, 246, 247
216, 242, 246, 247
383, 275, 276, 293
569, 499, 276, 581
499, 252, 276, 382
499, 382, 276, 581
382, 252, 265, 276
382, 254, 265, 276
569, 276, 383, 431
383, 276, 293, 431
431, 276, 293, 307
276, 254, 274, 286
276, 265, 279, 281
276, 274, 286, 298
276, 279, 281, 299
276, 252, 275, 270
276, 265, 274, 254
276, 265, 274, 279
276, 274, 299, 279
276, 274, 299, 298
581, 276, 382, 541
382, 254, 276, 541
431, 276, 307, 415
276, 281, 299, 415
276, 281, 307, 415
276, 299, 415, 510
276, 438, 298, 299
276, 438, 510, 299
276, 254, 286, 584
276, 254, 541, 584
276, 286, 298, 337
276, 438, 298, 337
276, 438, 510, 337
276, 286, 337, 584
282, 260, 288, 291
282, 304, 289, 291
538, 282, 375, 560
560, 282, 288, 375
282, 260, 288, 375
538, 282, 315, 560
560, 282, 288, 315
538, 282, 315, 514
514, 282, 289, 315
282, 288, 291, 315
282, 304, 289, 315
282, 304, 291, 315
542, 285, 308, 333
542, 308, 333, 543
308, 285, 296, 333
308, 316, 343, 349
308, 316, 343, 454
308, 317, 333, 432
308, 317, 349, 432
308, 333, 432, 543
308, 343, 349, 432
308, 343, 432, 543
308, 343, 454, 543
542, 285, 308, 315
542, 308, 315, 543
308, 285, 305, 315
308, 305, 315, 316
308, 315, 316, 454
308, 315, 454, 543
408, 25, 325, 330
408, 43, 65, 325
325, 16, 62, 42
408, 41, 325, 25
408, 41, 325, 43
41, 325, 25, 43
355, 248, 284, 336
355, 248, 336, 386
386, 248, 262, 336
386, 250, 262, 336
355, 386, 589, 336
386, 589, 336, 564
336, 250, 262, 272
336, 250, 268, 272
336, 268, 272, 280
564, 336, 437, 589
336, 268, 437, 280
564, 383, 336, 437
336, 268, 437, 383
355, 284, 336, 451
355, 336, 451, 589
336, 284, 302, 451
336, 290, 451, 280
336, 290, 451, 302
589, 336, 437, 451
336, 280, 437, 451
368, 142, 352, 103
473, 46, 88, 352
473, 88, 89, 352
352, 46, 88, 103
352, 88, 89, 103
481, 46, 69, 354
481, 47, 46, 354
354, 53, 66, 82
354, 66, 393, 82
354, 393, 82, 89
354, 28, 32, 376
354, 53, 376, 32
481, 47, 354, 428
354, 47, 428, 28
481, 354, 376, 428
354, 28, 376, 428
481, 69, 527, 354
481, 354, 376, 527
354, 41, 53, 66
354, 53, 376, 41
354, 41, 376, 527
392, 7, 18, 330
392, 7, 330, 523
392, 16, 18, 25
392, 16, 367, 501
392, 18, 25, 330
392, 7, 16, 18
392, 7, 16, 367
408, 325, 330, 392
325, 16, 25, 392
325, 330, 25, 392
655, 407, 384, 644
655, 501, 407, 644
407, 6, 16, 29
407, 29, 384, 6
407, 29, 384, 24
407, 24, 29, 55
407, 24, 55, 384
407, 16, 29, 73
407, 29, 55, 73
392, 407, 16, 501
368, 121, 410, 102
368, 121, 410, 103
410, 46, 102, 103
410, 121, 102, 103
625, 368, 409, 410
368, 102, 409, 410
625, 409, 410, 674
473, 533, 46, 410
473, 533, 410, 665
410, 46, 87, 102
674, 87, 409, 410
410, 87, 102, 409
674, 87, 410, 533
410, 46, 87, 533
634, 352, 410, 625
625, 352, 368, 410
368, 103, 352, 410
634, 352, 410, 473
473, 46, 352, 410
410, 46, 103, 352
503, 23, 45, 468
503, 23, 362, 468
503, 362, 468, 670
533, 468, 480, 681
480, 12, 33, 468
533, 468, 681, 686
681, 468, 686, 818
503, 818, 468, 686
503, 45, 455, 468
503, 455, 468, 686
468, 12, 33, 362
468, 12, 362, 670
468, 23, 33, 45
468, 23, 33, 362
503, 468, 900, 670
503, 468, 900, 818
818, 468, 900, 670
87, 33, 45, 468
533, 87, 468, 480
87, 33, 468, 480
533, 87, 468, 686
87, 45, 455, 468
87, 455, 468, 686
479, 22, 330, 356
479, 330, 356, 627
479, 826, 627, 782
479, 356, 376, 612
479, 32, 22, 376
479, 22, 376, 356
479, 376, 527, 612
479, 707, 527, 612
408, 41, 330, 479
41, 22, 330, 479
41, 32, 479, 22
41, 32, 479, 376
408, 527, 41, 479
41, 376, 479, 527
558, 74, 345, 518
558, 74, 518, 587
587, 461, 74, 518
587, 461, 518, 609
461, 74, 92, 518
461, 92, 119, 518
461, 518, 609, 621
558, 345, 518, 646
558, 518, 587, 646
520, 345, 518, 646
518, 74, 92, 345
461, 119, 518, 519
461, 518, 519, 621
520, 124, 345, 518
124, 92, 119, 518
124, 92, 345, 518
551, 518, 519, 124
124, 119, 518, 519
594, 540, 82, 377
652, 653, 550, 574
652, 574, 720, 842
652, 550, 574, 842
720, 574, 842, 946
652, 405, 574, 720
652, 653, 405, 574
550, 653, 405, 574
720, 346, 405, 574
946, 574, 842, 1033
842, 574, 677, 1033
720, 574, 614, 946
720, 346, 574, 614
614, 166, 347, 574
614, 347, 574, 572
842, 574, 716, 677
405, 346, 470, 574
346, 470, 614, 574
614, 470, 166, 574
550, 493, 842, 574
550, 405, 493, 574
842, 493, 574, 716
716, 574, 493, 677
493, 562, 574, 677
470, 482, 166, 574
405, 482, 493, 574
493, 482, 562, 574
482, 166, 562, 574
574, 166, 562, 572
574, 562, 572, 677
574, 347, 166, 572
946, 574, 914, 1033
946, 574, 614, 914
614, 572, 574, 914
574, 572, 914, 1009
405, 176, 574, 470
405, 176, 574, 482
470, 482, 176, 574
767, 481, 577, 608
481, 46, 577, 608
767, 577, 848, 958
767, 577, 608, 848
481, 46, 428, 577
428, 46, 439, 577
608, 530, 46, 577
530, 46, 439, 577
767, 481, 577, 628
767, 628, 958, 577
481, 428, 577, 628
848, 601, 439, 577
428, 439, 577, 601
428, 577, 601, 628
608, 480, 577, 848
848, 439, 480, 577
608, 530, 480, 577
503, 472, 502, 585
472, 15, 344, 585
472, 15, 502, 585
472, 344, 585, 680
503, 472, 585, 656
472, 585, 656, 680
503, 585, 656, 900
656, 585, 680, 849
656, 849, 585, 907
585, 15, 344, 506
585, 15, 502, 506
585, 506, 803, 863
585, 803, 863, 907
584, 337, 529, 620
337, 459, 463, 620
337, 459, 583, 620
337, 463, 529, 620
620, 459, 463, 712
620, 463, 529, 712
620, 712, 787, 1016
620, 733, 583, 787
276, 620, 337, 584
355, 649, 834, 852
834, 649, 852, 1008
492, 318, 500, 649
355, 636, 649, 852
355, 492, 636, 649
636, 837, 649, 676
355, 765, 649, 747
765, 691, 649, 747
355, 649, 834, 975
834, 649, 975, 1008
355, 649, 747, 975
747, 691, 879, 649
747, 649, 879, 975
975, 691, 879, 649
355, 765, 456, 649
765, 691, 456, 649
355, 456, 492, 649
492, 318, 456, 649
456, 318, 649, 691
492, 500, 576, 649
492, 576, 636, 649
636, 576, 649, 676
649, 500, 576, 676
734, 594, 668, 876
734, 512, 594, 668
734, 512, 607, 668
594, 668, 876, 887
1079, 668, 876, 887
734, 607, 668, 719
734, 668, 719, 876
607, 326, 512, 668
607, 326, 668, 719
876, 883, 668, 719
719, 326, 668, 742
326, 668, 673, 742
1079, 668, 876, 927
1079, 668, 887, 927
876, 883, 668, 927
594, 377, 512, 668
512, 326, 377, 668
326, 377, 668, 673
719, 883, 668, 822
719, 668, 742, 822
520, 646, 682, 518
682, 609, 518, 621
551, 682, 518, 519
682, 621, 518, 519
510, 443, 583, 711
1127, 443, 711, 733
1127, 711, 1097, 1167
1127, 443, 1167, 711
1167, 711, 1016, 1097
1220, 711, 1097, 1182
510, 337, 583, 711
711, 443, 583, 733
711, 733, 787, 1097
711, 787, 1016, 1097
1167, 620, 711, 1016
337, 583, 620, 711
620, 711, 787, 1016
620, 733, 583, 711
620, 733, 711, 787
750, 744, 637, 890
520, 646, 682, 744
968, 749, 831, 1025
681, 817, 1057, 749
1057, 817, 749, 968
968, 817, 831, 749
817, 748, 749, 831
1057, 749, 968, 1129
968, 749, 1025, 1129
749, 12, 670, 953
749, 670, 953, 1036
681, 817, 480, 749
817, 748, 480, 749
681, 749, 818, 1057
1057, 749, 818, 1129
1129, 900, 1025, 749
749, 670, 900, 1036
749, 900, 1025, 1036
1129, 749, 818, 900
749, 670, 818, 900
749, 12, 468, 670
681, 468, 480, 749
749, 12, 468, 480
681, 468, 749, 818
749, 670, 818, 468
503, 502, 670, 838
1041, 670, 838, 906
503, 670, 838, 900
1041, 670, 838, 900
1041, 997, 838, 900
838, 502, 506, 730
838, 502, 670, 730
838, 670, 730, 906
503, 502, 585, 838
503, 585, 838, 900
900, 838, 997, 585
838, 502, 506, 585
838, 506, 585, 863
838, 863, 997, 585
1145, 853, 969, 1310
969, 853, 869, 1018
754, 853, 869, 1018
1145, 853, 969, 1214
969, 853, 1018, 1214
754, 729, 853, 822
1030, 853, 993, 1106
729, 853, 993, 822
1106, 822, 853, 993
754, 729, 853, 850
754, 850, 853, 1018
1145, 850, 853, 1214
1018, 850, 853, 1214
1030, 853, 850, 1106
1145, 822, 850, 853
1106, 822, 850, 853
1030, 850, 993, 853
729, 853, 993, 850
581, 580, 618, 856
618, 580, 622, 856
622, 580, 695, 856
1125, 856, 1084, 1187
1125, 856, 1064, 1187
856, 1034, 695, 1084
958, 880, 1113, 1069
1069, 821, 880, 1183
848, 439, 831, 880
958, 880, 1113, 968
1113, 880, 968, 1069
958, 848, 880, 968
848, 831, 880, 968
968, 831, 880, 1024
1069, 880, 1183, 1199
1069, 968, 880, 1199
968, 880, 1024, 1199
1199, 880, 1024, 1183
848, 601, 439, 880
601, 439, 835, 880
958, 577, 1069, 880
958, 577, 848, 880
848, 601, 577, 880
1313, 913, 1055, 1195
1055, 913, 1129, 1195
1055, 913, 1129, 818
1129, 818, 1195, 913
913, 686, 818, 900
913, 818, 1195, 900
962, 988, 1074, 1339
962, 988, 1037, 1339
1074, 1403, 988, 1339
1339, 988, 1037, 1403
1037, 988, 1181, 1403
1074, 988, 1022, 1491
1074, 1403, 988, 1491
1403, 988, 1424, 1491
1403, 988, 1181, 1382
1403, 988, 1382, 1424
1181, 988, 1089, 1382
1022, 988, 1164, 1491
1491, 988, 1164, 1424
1037, 899, 988, 1181
1181, 899, 988, 1089
814, 988, 899, 1089
1040, 852, 1008, 1011
852, 636, 1011, 837
1040, 1011, 1077, 1250
1040, 852, 1011, 1077
852, 837, 1077, 1011
1077, 1011, 1023, 1242
1077, 1011, 1242, 1308
1077, 1011, 1250, 1308
1077, 837, 1011, 1023
1008, 649, 852, 1011
852, 636, 1011, 649
636, 1011, 649, 837
649, 837, 905, 1011
1128, 952, 1012, 1117
1160, 1008, 1012, 1040
1160, 1012, 1128, 1276
1128, 1012, 1117, 1276
1160, 1012, 1040, 1276
1040, 1012, 1250, 1276
1276, 1012, 1117, 1277
1276, 1012, 1250, 1277
1160, 975, 1012, 1128
1128, 952, 975, 1012
1160, 975, 1008, 1012
975, 691, 952, 1012
1008, 649, 975, 1012
975, 649, 691, 1012
649, 691, 905, 1012
1040, 1011, 1012, 1250
1040, 1008, 1011, 1012
1008, 649, 1011, 1012
649, 905, 1011, 1012
1091, 1036, 1086, 1304
1091, 1041, 1036, 1086
1041, 906, 1036, 1086
1091, 1041, 900, 1086
1041, 997, 900, 1086
900, 585, 997, 1086
1086, 863, 997, 585
1041, 838, 906, 1086
1041, 997, 838, 1086
1086, 863, 997, 838
1033, 677, 1088, 1225
1225, 1088, 1353, 677
1225, 1088, 1353, 1287
1033, 1088, 1193, 1225
1225, 1088, 1193, 1287
1033, 914, 1088, 1193
1193, 914, 1088, 1287
1088, 677, 1287, 1353
1033, 574, 677, 1088
574, 677, 1088, 1287
1033, 574, 914, 1088
874, 1094, 1115, 1192
1192, 1094, 1115, 1420
874, 984, 1094, 974
960, 973, 1094, 1099
974, 1212, 1094, 1099
1094, 973, 1099, 1212
960, 1094, 1099, 1152
968, 831, 1024, 1105
968, 831, 1025, 1105
1105, 1323, 1025, 1489
1184, 968, 1105, 1283
968, 1025, 1105, 1283
1105, 1283, 1323, 1025
1184, 1105, 1389, 1457
1389, 1105, 1457, 1489
1105, 1323, 1457, 1489
1184, 1105, 1283, 1457
1105, 1283, 1323, 1457
1184, 1105, 1199, 1389
1389, 1024, 1105, 1199
1184, 968, 1105, 1199
968, 1024, 1105, 1199
1190, 585, 863, 907
1576, 1206, 1328, 1612
1576, 1206, 1436, 1612
1502, 1206, 1131, 1576
1576, 1131, 1206, 1436
1131, 1070, 1206, 1436
1246, 961, 1131, 1206
1131, 1070, 961, 1206
961, 1328, 1013, 1206
1348, 1091, 1211, 1304
1348, 1211, 1304, 1379
1211, 1343, 1399, 1638
1211, 1343, 1638, 1761
1211, 1638, 1703, 1761
1091, 1086, 1211, 1304
1086, 1211, 1304, 1333
1086, 585, 863, 1211
1190, 863, 907, 1211
1190, 585, 863, 1211
1190, 585, 907, 1211
1425, 1218, 1444, 1482
1425, 1201, 1444, 1218
1425, 1218, 1201, 1482
1095, 1064, 1218, 1201
1095, 1265, 936, 1218
1482, 1201, 1265, 1218
1095, 1265, 1064, 1218
1201, 1064, 1218, 1265
972, 1255, 1410, 1467
972, 1090, 1255, 1467
1467, 1090, 1255, 1266
1090, 1017, 1255, 1266
972, 839, 1090, 1255
1467, 1266, 1525, 1255
1467, 1255, 1410, 1525
972, 1068, 1255, 1410
972, 839, 1068, 1255
1068, 1017, 696, 1255
1068, 1374, 696, 1255
1090, 816, 1017, 1255
1090, 816, 839, 1255
839, 816, 1068, 1255
1068, 1017, 816, 1255
1255, 696, 1017, 1235
1255, 1017, 1266, 1440
1255, 696, 1374, 1235
1249, 1261, 1288, 1493
1288, 1261, 1050, 1493
1249, 1261, 964, 1493
1249, 1261, 964, 1288
1288, 1261, 964, 1050
964, 1261, 930, 1050
964, 1261, 930, 1493
1090, 930, 1493, 1261
1090, 1261, 930, 1266
1090, 1261, 1266, 1493
1261, 1050, 1493, 1175
1261, 930, 1266, 1493
1327, 1262, 1270, 1268
1270, 1205, 1268, 1486
1486, 1471, 1205, 1268
1205, 1073, 1268, 1471
1327, 1262, 1268, 1434
1268, 1471, 1600, 1671
1268, 1434, 1600, 1671
1167, 1016, 1097, 1275
1167, 1016, 1104, 1275
1484, 1392, 1275, 1593
1167, 1275, 1405, 1097
1275, 1016, 1097, 1342
1275, 1203, 1104, 1392
1275, 1587, 1097, 1342
1132, 1209, 1302, 941
1132, 1209, 1302, 1533
1132, 941, 1068, 1302
1132, 1068, 1302, 1410
1068, 696, 941, 1302
1068, 1374, 696, 1302
1302, 696, 941, 1174
1302, 696, 1174, 1235
1302, 696, 1374, 1235
1302, 1209, 941, 1533
1302, 1374, 1574, 1526
1302, 1533, 1574, 1526
1410, 1255, 1302, 1525
1525, 1374, 1255, 1302
1410, 1068, 1255, 1302
1068, 1374, 1255, 1302
1096, 951, 1054, 1320
951, 1272, 1038, 1320
951, 1272, 1054, 1320
1096, 951, 1132, 1320
951, 1358, 1132, 1320
951, 1075, 1320, 1038
951, 1075, 1320, 1358
1358, 1075, 1320, 1038
1310, 1324, 1458, 1742
1458, 1221, 1324, 1494
1494, 1221, 1289, 1324
1494, 1289, 1324, 1797
1310, 1236, 1324, 1140
1324, 826, 1140, 1388
1324, 826, 1289, 1388
1324, 1140, 1388, 1652
1324, 1289, 1388, 1811
1324, 1289, 1797, 1894
1324, 1289, 1811, 1894
1324, 1388, 1652, 1811
987, 1329, 677, 1241
987, 1329, 791, 1241
791, 677, 1241, 1329
1293, 1363, 1613, 1680
1420, 1680, 1363, 1606
1192, 1293, 1363, 1620
1293, 1363, 1620, 1680
1192, 1363, 1420, 1620
1420, 1680, 1363, 1620
1192, 892, 1293, 1363
1363, 1606, 1680, 1716
1363, 1613, 1680, 1716
1293, 915, 1363, 1613
1293, 892, 915, 1363
1420, 1363, 1401, 1606
1363, 1487, 1613, 1716
1363, 1408, 1606, 1716
1363, 1401, 1408, 1606
1363, 1408, 1487, 1716
1094, 1408, 1363, 1401
1623, 1402, 1686, 1365
1402, 1686, 1365, 1643
1402, 1372, 1207, 1365
1207, 1101, 1365, 1372
1623, 1365, 1622, 1686
1622, 1365, 1686, 1749
1402, 1172, 1207, 1365
1207, 1172, 1365, 1101
1451, 1365, 1643, 1760
1372, 1061, 1101, 1365
1372, 1061, 1226, 1365
1372, 1365, 1439, 1622
1622, 1365, 1439, 1749
1372, 1226, 1365, 1439
1226, 1061, 1110, 1365
1226, 1110, 1126, 1365
1226, 1154, 1365, 1439
1226, 1126, 1154, 1365
1110, 1126, 1179, 1365
1126, 1154, 1179, 1365
1154, 1179, 1365, 1431
1439, 1365, 1511, 1749
1439, 1154, 1365, 1511
1154, 1365, 1431, 1511
1450, 1511, 1365, 1493
1511, 1365, 1493, 1749
1179, 1365, 1431, 1538
1179, 1365, 1450, 1538
1431, 1365, 1511, 1538
1450, 1511, 1365, 1538
1623, 1365, 1402, 1415
1402, 1372, 1365, 1415
1623, 1365, 1415, 1622
1372, 1365, 1415, 1622
1402, 1274, 1643, 1365
1402, 1172, 1274, 1365
1101, 1274, 1172, 1365
1451, 1274, 1643, 1365
1101, 1061, 1365, 1274
1061, 1365, 1110, 1274
1110, 1179, 1274, 1365
1179, 1274, 1365, 1450
1365, 1493, 1686, 1749
1365, 1493, 1890, 1895
1365, 1643, 1686, 1760
1365, 1760, 1890, 1895
1365, 1878, 1760, 1890
1451, 1481, 1274, 1365
1450, 1189, 1274, 1365
1451, 1481, 1189, 1365
1274, 1189, 1365, 1481
1460, 1130, 1375, 1386
1580, 1149, 1375, 1516
1580, 1375, 1676, 1516
1130, 1185, 1375, 1386
1185, 954, 955, 1375
1185, 955, 1305, 1375
1460, 1375, 1386, 1495
1460, 1495, 1580, 1375
1580, 1495, 1375, 1676
1386, 1185, 1375, 1495
1185, 1305, 1375, 1495
1495, 1305, 1375, 1470
1495, 1375, 1470, 1516
1495, 1375, 1676, 1516
1460, 832, 1130, 1375
1460, 832, 1375, 1580
1130, 832, 1185, 1375
1185, 832, 954, 1375
1580, 1149, 1375, 1476
1580, 832, 1375, 1476
832, 954, 1045, 1375
1045, 954, 873, 1375
1375, 873, 954, 1157
1375, 873, 1149, 1157
1375, 954, 955, 1157
1375, 955, 1157, 1470
1375, 955, 1305, 1470
1375, 1149, 1157, 1470
1375, 1149, 1470, 1516
832, 1237, 1375, 1476
1476, 1149, 1237, 1375
832, 1045, 1375, 1237
1045, 1375, 873, 1237
1375, 873, 1149, 1237
1389, 1393, 1644, 1489
1389, 1024, 1199, 1393
1389, 1441, 1644, 1393
1389, 1199, 1393, 1441
1199, 1024, 1393, 1441
1441, 1183, 1393, 1527
1441, 1024, 1183, 1393
1441, 1322, 1393, 1527
1441, 1322, 1393, 1644
1389, 1105, 1393, 1489
1389, 1024, 1105, 1393
1105, 1024, 1322, 1393
1105, 1322, 1393, 1489
1160, 1427, 1040, 1276
1040, 1250, 1276, 1427
1040, 1250, 1331, 1427
1331, 1242, 1308, 1427
1331, 1250, 1308, 1427
1160, 1427, 1040, 1234
1160, 1427, 1234, 1276
1404, 1234, 1331, 1427
1040, 1234, 1331, 1427
1404, 1515, 1234, 1427
1515, 1427, 1712, 1678
1427, 1242, 1609, 1675
1427, 1678, 1696, 1712
1427, 1571, 1250, 1678
1427, 1609, 1678, 1675
1427, 1609, 1678, 1696
1318, 1577, 1708, 1438
1318, 1422, 1438, 1708
1318, 1216, 1422, 1438
1422, 1438, 1491, 1708
1422, 1216, 1438, 1491
1216, 1438, 1491, 1513
1491, 1513, 1708, 1438
1518, 1416, 1438, 1635
1608, 1438, 1416, 1635
1608, 1438, 1416, 1804
1608, 1438, 1635, 1804
1438, 1416, 1635, 1708
1438, 1577, 1635, 1708
1438, 1513, 1708, 1416
1438, 1416, 1635, 1804
1507, 1304, 1827, 1833
1507, 1343, 1761, 1834
1379, 1211, 1304, 1507
1379, 1211, 1507, 1698
1698, 1211, 1507, 1761
1507, 1211, 1304, 1333
1507, 1211, 1333, 1343
1507, 1211, 1343, 1761
1132, 1209, 1514, 1533
1660, 1674, 1514, 1585
1660, 1674, 1514, 1767
1132, 1209, 1358, 1514
1358, 1075, 1514, 1038
1358, 1075, 1514, 1209
1075, 1514, 1038, 1209
1514, 1533, 1674, 1767
1132, 1358, 1320, 1514
1358, 1038, 1320, 1514
1249, 1521, 1288, 1493
1249, 1521, 1189, 1493
1133, 1189, 1288, 1521
1249, 1521, 1189, 1288
1133, 1173, 1189, 1521
1133, 1156, 1288, 1521
1133, 1156, 1173, 1521
1173, 1156, 1493, 1521
1543, 1295, 1499, 1616
1543, 1706, 1714, 1892
1543, 1714, 1778, 1892
1543, 1778, 1817, 1892
1390, 1545, 1546, 1581
1390, 1376, 1545, 1546
1376, 1517, 1545, 1546
1545, 1517, 1546, 1581
1648, 1546, 1517, 1581
1340, 1493, 1538, 1551
1538, 1493, 1551, 1738
1340, 1366, 1493, 1551
1366, 1493, 1539, 1551
1340, 1259, 1538, 1551
1340, 1259, 1366, 1551
1366, 1019, 1539, 1551
1366, 1096, 1259, 1551
1538, 1542, 1551, 1738
1542, 1551, 1738, 1809
1538, 1423, 1259, 1551
1259, 1096, 1423, 1551
1096, 1423, 1054, 1551
1538, 1423, 1542, 1551
1423, 1054, 1272, 1551
1542, 1551, 1615, 1809
1615, 1272, 1809, 1551
1019, 1455, 1539, 1551
1455, 1493, 1539, 1551
1542, 1639, 1423, 1551
1423, 1639, 1272, 1551
1542, 1639, 1551, 1615
1615, 1639, 1272, 1551
1551, 1272, 1585, 1745
1551, 1526, 1533, 1665
1551, 1533, 1665, 1739
1551, 1585, 1745, 1789
1551, 1665, 1739, 1873
1551, 1739, 1767, 1883
1551, 1739, 1873, 1883
1551, 1745, 1789, 1849
1551, 1745, 1809, 1849
1551, 1767, 1849, 1883
1551, 1272, 1809, 1745
1551, 1533, 1767, 1739
1551, 1722, 1526, 1665
1366, 1132, 1019, 1551
1366, 1132, 1096, 1551
1455, 1467, 1493, 1551
1019, 1410, 1455, 1551
1019, 1132, 1410, 1551
1455, 1410, 1467, 1551
1551, 1660, 1789, 1585
1551, 1660, 1849, 1767
1551, 1660, 1849, 1789
1551, 1410, 1467, 1525
1551, 1533, 1574, 1526
1551, 1132, 1302, 1533
1551, 1132, 1302, 1410
1551, 1302, 1410, 1525
1551, 1533, 1574, 1302
1096, 1054, 1320, 1551
1551, 1054, 1272, 1320
1551, 1272, 1320, 1585
1096, 1132, 1320, 1551
1551, 1533, 1767, 1514
1551, 1132, 1514, 1533
1551, 1660, 1514, 1585
1551, 1660, 1514, 1767
1551, 1320, 1514, 1585
1551, 1132, 1320, 1514
1568, 1553, 1666, 1818
1568, 1529, 1553, 1818
1529, 1553, 1658, 1818
1568, 1344, 1553, 1666
1568, 1344, 1529, 1553
1529, 1344, 1141, 1553
1141, 1344, 1369, 1553
1344, 1369, 1553, 1666
1529, 1215, 1553, 1658
1529, 1141, 1215, 1553
1141, 1215, 1369, 1553
1215, 1369, 1553, 1654
1215, 1553, 1654, 1658
1553, 1369, 1654, 1770
1553, 1369, 1666, 1750
1553, 1369, 1750, 1770
1553, 1654, 1658, 1818
1467, 1266, 1493, 1556
1467, 1266, 1525, 1556
1556, 1266, 1440, 1493
1556, 1440, 1493, 1673
1556, 1493, 1673, 1790
1525, 1255, 1556, 1266
1525, 1255, 1556, 1440
1556, 1255, 1266, 1440
1551, 1493, 1556, 1790
1551, 1467, 1493, 1556
1551, 1467, 1525, 1556
1477, 1563, 1573, 1828
1573, 1563, 1828, 1847
1477, 1313, 1563, 1573
1573, 1313, 1469, 1563
1573, 1563, 1610, 1847
1573, 1469, 1563, 1610
1610, 1563, 1847, 1857
1477, 1313, 1327, 1563
1313, 1400, 1469, 1563
1669, 1563, 1823, 1886
1469, 1457, 1563, 1610
1610, 1457, 1563, 1857
1469, 1400, 1457, 1563
1457, 1563, 1821, 1857
1313, 1327, 1380, 1563
1313, 1380, 1400, 1563
1327, 1380, 1563, 1669
1669, 1380, 1563, 1823
1400, 1380, 1457, 1563
1380, 1563, 1823, 1854
1457, 1563, 1572, 1821
1457, 1380, 1563, 1572
1380, 1563, 1572, 1854
1572, 1563, 1821, 1854
1484, 1566, 1593, 1777
1167, 1566, 1405, 1484
1484, 1405, 1566, 1777
1405, 1566, 1587, 1816
1405, 1566, 1777, 1816
1405, 1097, 1566, 1587
1566, 1392, 1593, 1769
1566, 1587, 1741, 1816
1566, 1593, 1769, 1777
1566, 1769, 1777, 1816
1167, 1566, 1275, 1484
1484, 1275, 1593, 1566
1167, 1275, 1405, 1566
1405, 1275, 1097, 1566
1275, 1342, 1392, 1566
1275, 1587, 1097, 1566
1275, 1587, 1342, 1566
1275, 1593, 1392, 1566
1511, 677, 1473, 1582
1511, 1473, 1582, 1659
1473, 677, 1377, 1582
1473, 1377, 1582, 1659
1377, 677, 1353, 1582
1377, 1353, 1558, 1582
1377, 1558, 1582, 1659
1558, 1582, 1659, 1731
1558, 1662, 1582, 1731
1558, 1582, 1607, 1353
1558, 1582, 1607, 1662
1607, 1582, 1353, 1662
1615, 1548, 1582, 1772
1615, 1353, 677, 1582
1615, 1353, 1548, 1582
1582, 1353, 1548, 1662
1582, 1548, 1662, 1772
1522, 1544, 1589, 1645
1522, 1310, 1544, 1589
1310, 1544, 1589, 1742
1522, 1290, 1589, 1645
1522, 1290, 1310, 1589
1310, 1443, 1589, 1290
1310, 1443, 1589, 1236
1290, 1443, 1589, 1236
1236, 1140, 1589, 1652
1290, 1347, 1589, 1645
1290, 1236, 1347, 1589
1236, 1347, 1589, 1652
1347, 1589, 1652, 1785
1347, 1645, 1785, 1589
1589, 1811, 1652, 1742
1589, 1645, 1785, 1822
1310, 1324, 1589, 1742
1310, 1236, 1324, 1589
1236, 1324, 1140, 1589
1589, 1140, 1324, 1652
1589, 1811, 1324, 1652
1589, 1811, 1324, 1742
1459, 1434, 1598, 1734
1434, 1360, 1598, 1755
1434, 1598, 1734, 1755
1459, 1379, 1734, 1598
1379, 1734, 1598, 1698
1698, 1598, 1734, 1761
1598, 1311, 1360, 1755
1598, 1703, 1761, 1885
1598, 1734, 1755, 1885
1598, 1734, 1761, 1885
1379, 1311, 1211, 1598
1379, 1211, 1598, 1698
1698, 1211, 1598, 1761
1598, 1211, 1703, 1761
1574, 1374, 1526, 1604
1525, 1374, 1255, 1604
1525, 1440, 1255, 1604
1525, 1374, 1302, 1604
1302, 1374, 1574, 1604
1551, 1574, 1526, 1604
1551, 1302, 1525, 1604
1551, 1574, 1302, 1604
1525, 1440, 1556, 1604
1556, 1604, 1723, 1790
1551, 1556, 1604, 1790
1551, 1525, 1556, 1604
1604, 1255, 1440, 1556
1380, 1618, 1823, 1854
1459, 1618, 1734, 1850
1380, 1773, 1618, 1823
1380, 1773, 1459, 1618
1459, 1618, 1773, 1850
1773, 1618, 1823, 1850
1380, 1572, 1618, 1854
1572, 1304, 1854, 1618
1380, 1348, 1459, 1618
1380, 1348, 1572, 1618
1572, 1304, 1348, 1618
1459, 1348, 1379, 1618
1348, 1304, 1379, 1618
1459, 1698, 1618, 1734
1459, 1698, 1379, 1618
1698, 1618, 1734, 1850
1698, 1850, 1618, 1761
1618, 1823, 1850, 1854
1618, 1304, 1854, 1833
1379, 1304, 1507, 1618
1379, 1507, 1618, 1698
1698, 1507, 1618, 1761
1618, 1304, 1507, 1833
1486, 1436, 1619, 1661
1486, 1471, 1205, 1619
1486, 1205, 1619, 1436
1205, 1619, 1436, 1471
1619, 1436, 1471, 1763
1619, 1471, 1763, 1824
1619, 1612, 1436, 1661
1619, 1612, 1436, 1763
1619, 1612, 1661, 1763
1619, 1875, 1824, 1908
1619, 1471, 1671, 1824
1486, 1471, 1268, 1619
1619, 1268, 1471, 1671
1227, 1559, 1699, 1625
1559, 1504, 1625, 1788
1559, 1699, 1504, 1625
1227, 1219, 1559, 1625
1559, 1219, 1403, 1625
1227, 1432, 1625, 1699
1227, 1219, 1432, 1625
1432, 1858, 1625, 1699
1432, 1858, 1625, 1712
1403, 1219, 1498, 1625
1219, 1260, 1625, 1498
1219, 1260, 1625, 1384
1219, 1384, 1432, 1625
1432, 1384, 1625, 1712
1260, 1625, 1384, 1498
1384, 1625, 1783, 1712
1384, 1625, 1783, 1753
1625, 1710, 1788, 1881
1625, 1783, 1712, 1753
1625, 1699, 1712, 1858
1626, 1644, 1835, 1840
1626, 1786, 1800, 1899
1626, 1389, 1527, 1644
1469, 1724, 1610, 1626
1626, 1610, 1644, 1835
1626, 1610, 1724, 1835
1469, 1626, 1389, 1610
1626, 1389, 1610, 1644
1626, 1251, 1719, 1527
1626, 1441, 1389, 1527
1626, 1441, 1251, 1527
1626, 1441, 1251, 1389
1590, 1632, 1718, 1815
1590, 1475, 1632, 1718
1590, 1284, 1475, 1632
1475, 1632, 1718, 1786
1590, 1599, 1632, 1815
1590, 1284, 1599, 1632
1599, 1632, 1797, 1815
1284, 1494, 1599, 1632
1599, 1494, 1632, 1797
1494, 1289, 1632, 1797
1632, 1289, 1797, 1894
1632, 1718, 1786, 1815
1284, 1442, 1494, 1632
1494, 1289, 1442, 1632
1632, 1527, 1442, 1719
1632, 1442, 1719, 1289
1284, 1251, 1475, 1632
1632, 1527, 1251, 1719
1284, 1251, 1442, 1632
1632, 1527, 1251, 1442
1475, 1626, 1632, 1786
1632, 1626, 1719, 1899
1632, 1626, 1786, 1899
1475, 1251, 1626, 1632
1632, 1251, 1719, 1626
1511, 1636, 1659, 1846
1511, 1636, 1738, 1846
1511, 1538, 1636, 1738
1511, 1542, 677, 1636
1511, 1542, 1538, 1636
1538, 1636, 1542, 1738
1542, 1636, 1738, 1809
1542, 677, 1615, 1636
1542, 1615, 1636, 1809
1615, 1636, 1772, 1809
1636, 1659, 1846, 1863
1511, 677, 1582, 1636
1511, 1582, 1636, 1659
1615, 677, 1582, 1636
1615, 1582, 1636, 1772
1636, 1582, 1659, 1863
1559, 1491, 1640, 1788
1559, 1403, 1491, 1640
1491, 1640, 1788, 1839
1403, 1424, 1491, 1640
1640, 1498, 1752, 1826
1403, 1424, 1498, 1640
1491, 1603, 1640, 1839
1640, 1603, 1826, 1839
1491, 1424, 1603, 1640
1640, 1498, 1603, 1826
1640, 1424, 1498, 1603
1559, 1625, 1640, 1788
1559, 1403, 1625, 1640
1640, 1625, 1710, 1788
1403, 1498, 1625, 1640
1640, 1498, 1710, 1625
1327, 1647, 1661, 1771
1327, 1647, 1771, 1855
1327, 1270, 1647, 1661
1270, 1486, 1647, 1661
1327, 1434, 1647, 1855
1647, 1434, 1812, 1855
1647, 1824, 1671, 1875
1647, 1671, 1875, 1812
1647, 1434, 1671, 1812
1327, 1268, 1270, 1647
1270, 1268, 1486, 1647
1327, 1268, 1434, 1647
1647, 1268, 1434, 1671
1486, 1619, 1647, 1661
1647, 1619, 1661, 1908
1647, 1824, 1619, 1875
1647, 1619, 1875, 1908
1647, 1824, 1619, 1671
1486, 1268, 1619, 1647
1647, 1268, 1619, 1671
1664, 1493, 1733, 1768
1664, 1712, 1768, 1866
1664, 1733, 1768, 1866
1664, 1445, 1493, 1768
1664, 1445, 1712, 1768
1664, 1173, 1445, 1493
1664, 1521, 1733, 1493
1664, 1521, 1733, 1189
1664, 1521, 1173, 1493
1664, 1521, 1173, 1189
1503, 1613, 1677, 1876
1503, 1747, 1677, 1708
1503, 1677, 1708, 1876
1677, 1581, 1613, 1896
1677, 1708, 1747, 1876
1503, 1747, 1318, 1677
1677, 1318, 1581, 1747
1503, 915, 1677, 1613
1677, 1487, 1581, 1613
1503, 1487, 1318, 1677
1677, 1318, 1487, 1581
1503, 1487, 915, 1677
1677, 915, 1487, 1613
1688, 1712, 1717, 1859
1688, 1712, 1859, 1882
1688, 1712, 1866, 1882
1688, 1717, 1733, 1859
1688, 1733, 1859, 1882
1688, 1733, 1866, 1882
1688, 1664, 1712, 1866
1688, 1664, 1717, 1733
1688, 1664, 1733, 1866
1446, 1690, 1715, 1888
1446, 1690, 1801, 1888
1446, 1510, 1690, 1801
1446, 1394, 1510, 1690
1446, 1557, 1690, 1715
1446, 1394, 1557, 1690
1557, 1690, 1715, 1900
1557, 1690, 1836, 1900
1690, 1544, 1836, 1867
1394, 1544, 1690, 1691
1394, 1557, 1690, 1691
1557, 1690, 1691, 1836
1690, 1544, 1691, 1836
1510, 1590, 1690, 1801
1690, 1544, 1590, 1867
1690, 1590, 1801, 1867
1705, 1665, 1722, 1873
1705, 1723, 1722, 1790
1551, 1705, 1790, 1904
1551, 1705, 1873, 1904
1551, 1526, 1705, 1722
1551, 1722, 1665, 1705
1551, 1665, 1705, 1873
1705, 1526, 1604, 1722
1705, 1723, 1604, 1722
1705, 1723, 1604, 1790
1551, 1526, 1705, 1604
1551, 1705, 1604, 1790
1624, 1712, 1728, 1906
1624, 1728, 1780, 1906
1624, 1712, 1728, 1872
1728, 1712, 1717, 1859
1728, 1717, 1859, 1898
1599, 1742, 1751, 1797
1599, 1458, 1742, 1751
1599, 1494, 1751, 1797
1599, 1458, 1494, 1751
1458, 1324, 1742, 1751
1458, 1324, 1494, 1751
1494, 1324, 1751, 1797
1324, 1742, 1751, 1811
1324, 1751, 1797, 1894
1324, 1751, 1811, 1894
1477, 1774, 1327, 1828
1327, 1774, 1828, 1909
1327, 1774, 1855, 1909
1327, 1459, 1774, 1855
1327, 1459, 1669, 1774
1669, 1459, 1774, 1886
1459, 1774, 1855, 1886
1477, 1774, 1563, 1828
1477, 1774, 1327, 1563
1327, 1563, 1669, 1774
1669, 1563, 1774, 1886
641, 640, 645, 753
753, 640, 645, 858
641, 40, 640, 753
753, 40, 557, 640
753, 557, 624, 640
753, 624, 640, 858
729, 708, 886, 777
708, 886, 667, 777
886, 667, 777, 926
753, 805, 858, 624
805, 624, 809, 858
494, 59, 56, 339
339, 56, 59, 71
390, 56, 631, 650
795, 56, 631, 650
795, 56, 631, 729
390, 56, 339, 631
494, 56, 339, 631
494, 631, 708, 56
729, 631, 708, 56
633, 56, 384, 718
795, 56, 650, 731
390, 56, 440, 650
390, 56, 339, 440
339, 56, 71, 440
650, 56, 440, 731
440, 56, 331, 641
494, 708, 56, 667
494, 56, 633, 667
633, 56, 667, 718
56, 3, 5, 27
56, 3, 5, 433
56, 3, 27, 31
56, 5, 27, 36
56, 5, 384, 433
56, 27, 31, 36
56, 50, 51, 58
34, 5, 36, 56
34, 5, 56, 384
34, 59, 36, 56
331, 37, 50, 56
37, 3, 31, 56
37, 433, 3, 56
37, 433, 56, 484
37, 51, 31, 56
37, 51, 50, 56
331, 509, 37, 56
37, 509, 56, 557
331, 40, 56, 641
331, 509, 40, 56
56, 40, 509, 557
494, 59, 55, 56
494, 55, 56, 633
633, 55, 56, 384
55, 34, 56, 384
55, 34, 56, 59
440, 56, 71, 83
440, 56, 83, 331
331, 50, 56, 83
56, 50, 58, 83
56, 58, 71, 83
56, 484, 37, 624
56, 484, 433, 624
56, 37, 624, 557
56, 40, 557, 753
56, 40, 641, 753
56, 557, 624, 753
56, 708, 777, 667
56, 708, 777, 729
56, 718, 777, 667
56, 718, 777, 926
56, 805, 753, 624
440, 641, 645, 799
645, 799, 858, 959
641, 645, 753, 799
753, 645, 799, 858
56, 440, 641, 799
56, 641, 753, 799
1285, 868, 1326, 1412
1326, 1412, 868, 1369
1267, 809, 1412, 868
1267, 809, 858, 868
753, 805, 858, 868
805, 624, 868, 809
805, 809, 858, 868
56, 753, 805, 868
56, 624, 805, 868
56, 777, 868, 926
56, 753, 799, 868
799, 753, 858, 868
868, 56, 624, 809
868, 56, 809, 926
729, 881, 886, 1141
1141, 881, 886, 1369
886, 881, 926, 1369
729, 881, 1141, 1215
1141, 1326, 881, 1369
1141, 1326, 881, 1215
1215, 1326, 881, 1285
729, 777, 881, 886
886, 777, 881, 926
56, 729, 777, 881
56, 777, 868, 881
868, 881, 926, 1369
868, 777, 881, 926
868, 1326, 881, 1369
731, 440, 832, 903
440, 645, 903, 1045
440, 832, 903, 1045
645, 903, 959, 1045
56, 440, 731, 903
440, 645, 799, 903
645, 799, 903, 959
56, 440, 799, 903
56, 799, 881, 903
799, 881, 903, 959
888, 901, 970, 1147
1147, 901, 970, 1158
888, 970, 1078, 1147
888, 795, 901, 970
901, 762, 795, 970
1147, 970, 1078, 1413
901, 804, 970, 1158
901, 762, 804, 970
888, 729, 970, 1078
888, 729, 795, 970
1147, 970, 1158, 1298
1147, 970, 1298, 1413
1158, 804, 970, 1298
762, 738, 804, 970
795, 731, 762, 970
762, 731, 738, 970
1078, 970, 1215, 1413
1078, 729, 970, 1215
1413, 970, 1215, 1298
1298, 970, 1215, 1297
804, 970, 1130, 1298
804, 738, 970, 1130
1298, 970, 1130, 1297
970, 1215, 1285, 1297
970, 1252, 1285, 1297
970, 731, 738, 832
970, 738, 832, 1130
970, 832, 1130, 1297
970, 832, 1252, 1297
56, 729, 795, 970
56, 731, 795, 970
729, 881, 970, 1215
970, 881, 1215, 1285
56, 729, 881, 970
970, 731, 832, 903
970, 903, 1252, 832
56, 731, 903, 970
56, 881, 903, 970
1285, 992, 1412, 1476
1267, 992, 1412, 1476
1267, 858, 992, 1476
1252, 832, 992, 1045
1285, 1237, 992, 1252
1285, 1237, 992, 1476
858, 992, 1237, 1476
1252, 1045, 992, 1237
858, 959, 992, 1237
992, 959, 1045, 1237
799, 858, 959, 992
56, 992, 799, 868
799, 858, 868, 992
868, 858, 992, 1267
868, 992, 1267, 1412
868, 992, 1326, 1285
868, 1285, 992, 1412
56, 992, 881, 799
799, 881, 959, 992
56, 992, 868, 881
868, 992, 1326, 881
881, 992, 1326, 1285
881, 903, 959, 992
903, 959, 992, 1045
903, 1252, 832, 992
903, 832, 992, 1045
881, 970, 992, 1285
881, 903, 970, 992
903, 1252, 970, 992
970, 992, 1252, 1285
411, 82, 116, 137
137, 82, 113, 116
137, 113, 116, 140
137, 113, 140, 141
137, 116, 132, 411
692, 435, 701, 702
692, 411, 435, 701
692, 435, 526, 411
149, 435, 168, 140
149, 435, 140, 137
149, 435, 137, 132
137, 132, 411, 435
137, 140, 141, 435
435, 140, 141, 168
794, 446, 579, 692
794, 446, 471, 579
794, 446, 526, 692
794, 446, 471, 526
471, 145, 446, 526
446, 126, 145, 526
446, 126, 411, 526
149, 435, 132, 446
435, 132, 411, 446
435, 446, 579, 692
435, 526, 411, 446
435, 526, 446, 692
446, 126, 132, 145
446, 126, 132, 411
446, 132, 145, 149
446, 145, 149, 471
471, 171, 450, 173
471, 173, 450, 474
149, 435, 446, 450
435, 446, 450, 579
446, 450, 471, 579
446, 149, 450, 471
450, 171, 149, 173
450, 171, 149, 471
435, 458, 692, 579
149, 435, 450, 458
435, 458, 579, 450
450, 149, 458, 173
605, 251, 419, 525
525, 227, 251, 419
605, 251, 427, 525
525, 227, 251, 427
427, 227, 247, 251
605, 419, 669, 251
605, 251, 427, 669
669, 251, 685, 704
669, 251, 538, 598
669, 251, 538, 704
685, 251, 575, 704
704, 251, 538, 575
685, 251, 465, 575
465, 223, 251, 332
332, 223, 239, 251
538, 251, 375, 575
332, 239, 375, 251
375, 239, 251, 260
465, 251, 400, 575
465, 251, 332, 400
575, 251, 375, 400
332, 251, 375, 400
419, 669, 251, 648
669, 251, 648, 685
419, 678, 251, 648
419, 227, 251, 418
685, 251, 418, 465
465, 223, 251, 418
685, 251, 418, 648
419, 678, 251, 418
648, 251, 418, 678
418, 223, 227, 251
251, 223, 227, 239
251, 239, 260, 263
427, 246, 247, 251
538, 259, 251, 282
282, 251, 259, 263
282, 251, 260, 263
538, 251, 282, 375
282, 251, 260, 375
251, 246, 247, 258
251, 247, 258, 259
251, 360, 246, 249
251, 360, 246, 258
251, 249, 278, 360
360, 246, 249, 258
360, 278, 249, 258
372, 289, 292, 514
598, 372, 514, 538
598, 372, 514, 570
372, 292, 514, 570
598, 372, 570, 619
372, 259, 282, 289
372, 259, 538, 282
372, 282, 289, 514
372, 282, 514, 538
251, 258, 259, 372
251, 372, 538, 598
251, 259, 538, 372
372, 258, 259, 289
372, 258, 278, 292
372, 258, 289, 292
372, 278, 292, 570
372, 278, 570, 619
251, 414, 278, 360
251, 414, 360, 258
360, 258, 278, 414
251, 414, 258, 372
372, 278, 414, 619
372, 258, 278, 414
736, 498, 534, 829
534, 498, 690, 829
534, 427, 498, 690
736, 355, 498, 534
498, 249, 355, 488
736, 498, 619, 829
829, 498, 619, 690
736, 355, 498, 619
498, 355, 488, 619
534, 246, 427, 498
534, 246, 355, 498
498, 246, 249, 355
251, 246, 249, 498
251, 249, 278, 498
251, 414, 498, 278
414, 278, 498, 619
498, 249, 278, 488
498, 278, 488, 619
690, 427, 532, 669
690, 532, 619, 669
669, 532, 598, 619
251, 427, 532, 669
251, 532, 598, 669
251, 246, 532, 427
251, 372, 532, 598
372, 532, 598, 619
251, 414, 372, 532
372, 414, 532, 619
251, 246, 532, 498
251, 414, 532, 498
414, 498, 532, 619
498, 427, 532, 690
498, 532, 619, 690
498, 246, 532, 427
422, 229, 231, 353
422, 229, 353, 504
504, 208, 229, 353
571, 353, 688, 812
564, 353, 437, 705
705, 353, 437, 569
571, 353, 504, 531
504, 208, 353, 531
571, 353, 688, 531
812, 353, 688, 531
564, 383, 353, 437
569, 353, 383, 437
383, 268, 275, 353
466, 208, 229, 353
466, 229, 234, 353
693, 466, 353, 581
569, 499, 353, 581
466, 234, 353, 382
499, 252, 353, 382
466, 353, 382, 581
499, 382, 353, 581
382, 234, 252, 353
693, 338, 353, 531
531, 208, 338, 353
693, 466, 338, 353
466, 208, 338, 353
353, 229, 231, 234
353, 231, 234, 252
353, 231, 238, 252
353, 238, 250, 255
353, 238, 252, 255
353, 250, 255, 268
353, 255, 268, 275
353, 270, 252, 255
353, 270, 252, 275
353, 270, 255, 275
569, 276, 353, 383
383, 275, 276, 353
569, 499, 276, 353
499, 252, 276, 353
276, 252, 275, 353
386, 250, 336, 353
386, 336, 353, 564
336, 250, 268, 353
564, 383, 336, 353
336, 383, 268, 353
353, 219, 231, 238
353, 219, 231, 422
353, 219, 238, 250
353, 386, 487, 564
353, 487, 564, 700
353, 564, 700, 705
353, 571, 775, 812
353, 250, 487, 219
353, 250, 487, 386
517, 617, 219, 536
422, 219, 536, 617
353, 219, 422, 617
353, 219, 487, 617
353, 487, 617, 700
638, 504, 422, 571
638, 422, 536, 571
638, 571, 683, 775
638, 536, 571, 683
353, 571, 638, 775
353, 504, 638, 422
353, 504, 638, 571
353, 422, 617, 638
617, 422, 536, 638
737, 569, 581, 801
737, 693, 936, 581
981, 737, 1095, 1201
737, 936, 1095, 1218
737, 1095, 1201, 1218
353, 569, 581, 737
353, 693, 737, 581
700, 776, 814, 845
814, 776, 845, 1188
700, 705, 776, 845
845, 569, 705, 776
814, 776, 1089, 1188
1028, 776, 981, 1201
1188, 776, 1089, 1201
1028, 776, 1164, 1201
1089, 776, 1164, 1201
1188, 776, 845, 1056
1188, 776, 1056, 1201
776, 1218, 1056, 1201
353, 569, 705, 776
353, 700, 705, 776
353, 617, 700, 776
617, 814, 700, 776
353, 569, 737, 776
737, 569, 776, 845
737, 776, 845, 1056
737, 776, 981, 1201
737, 776, 1218, 1056
737, 776, 1218, 1201
353, 638, 785, 775
353, 693, 785, 737
737, 785, 1095, 981
373, 127, 404, 113
373, 127, 404, 118
373, 118, 120, 404
411, 82, 404, 594
701, 404, 411, 788
411, 404, 594, 788
727, 404, 594, 788
404, 82, 101, 113
404, 393, 82, 101
727, 404, 659, 743
659, 404, 634, 743
141, 113, 373, 404
411, 82, 137, 404
137, 82, 113, 404
141, 113, 137, 404
594, 416, 810, 836
810, 416, 659, 778
810, 416, 778, 836
594, 416, 714, 836
836, 416, 714, 778
594, 416, 586, 714
778, 416, 714, 767
473, 69, 416, 481
586, 65, 408, 416
408, 66, 65, 416
416, 65, 66, 82
416, 66, 393, 82
594, 377, 416, 586
586, 65, 377, 416
416, 65, 82, 377
714, 416, 527, 767
481, 69, 527, 416
408, 66, 41, 416
408, 527, 41, 416
354, 66, 393, 416
354, 69, 527, 416
354, 41, 66, 416
354, 41, 416, 527
714, 416, 479, 586
586, 408, 416, 479
714, 416, 479, 527
408, 527, 416, 479
594, 540, 82, 416
594, 540, 377, 416
540, 82, 377, 416
404, 82, 416, 594
404, 416, 594, 727
404, 416, 659, 727
404, 393, 82, 416
404, 393, 101, 416
416, 69, 89, 354
416, 69, 89, 473
416, 594, 727, 810
416, 659, 727, 810
416, 393, 89, 354
659, 473, 496, 634
634, 352, 473, 496
659, 404, 496, 634
404, 416, 496, 659
404, 496, 101, 416
416, 89, 473, 496
496, 89, 352, 473
705, 437, 569, 616
705, 437, 616, 639
569, 431, 437, 616
569, 276, 431, 616
616, 276, 415, 431
616, 276, 415, 510
616, 415, 431, 443
616, 415, 443, 510
569, 581, 635, 801
569, 276, 581, 635
581, 541, 635, 276
616, 276, 510, 635
616, 276, 569, 635
616, 443, 510, 635
616, 569, 635, 801
443, 828, 616, 635
616, 635, 801, 828
373, 120, 142, 429
735, 763, 429, 535
763, 429, 535, 625
763, 429, 625, 758
758, 429, 625, 634
535, 142, 368, 429
535, 368, 429, 625
701, 429, 973, 1099
960, 429, 973, 1099
701, 429, 788, 1099
960, 429, 788, 1099
429, 103, 120, 142
373, 142, 364, 429
535, 142, 364, 429
735, 763, 429, 891
763, 429, 758, 891
758, 429, 634, 743
960, 429, 743, 973
758, 429, 743, 891
634, 352, 429, 625
625, 352, 368, 429
368, 142, 352, 429
429, 103, 120, 352
429, 103, 142, 352
404, 101, 120, 429
404, 120, 373, 429
404, 429, 634, 743
404, 429, 727, 743
416, 429, 89, 101
429, 101, 120, 352
429, 727, 743, 960
429, 727, 788, 960
429, 89, 101, 352
404, 429, 496, 634
404, 496, 101, 429
416, 429, 101, 496
416, 429, 496, 89
429, 352, 496, 634
429, 89, 352, 496
702, 435, 528, 701
701, 411, 435, 528
137, 141, 435, 528
137, 411, 435, 528
701, 404, 411, 528
701, 404, 528, 788
528, 727, 404, 788
528, 141, 373, 404
528, 137, 404, 411
528, 137, 141, 404
701, 528, 788, 429
404, 373, 429, 528
404, 528, 727, 429
429, 528, 727, 788
141, 364, 373, 552
429, 364, 373, 552
429, 373, 528, 552
528, 141, 373, 552
604, 394, 395, 642
604, 364, 394, 395
604, 364, 395, 449
604, 364, 449, 535
429, 364, 535, 604
429, 535, 604, 735
429, 552, 604, 364
702, 774, 807, 973
702, 701, 774, 973
774, 1093, 743, 891
429, 735, 774, 891
429, 743, 774, 891
429, 743, 774, 973
429, 701, 774, 973
429, 702, 528, 774
429, 528, 774, 701
528, 774, 701, 702
429, 604, 735, 774
552, 774, 604, 429
571, 485, 688, 699
699, 485, 688, 709
485, 170, 161, 385
571, 476, 485, 688
485, 374, 385, 476
699, 610, 709, 485
709, 380, 485, 610
380, 161, 169, 485
380, 165, 485, 169
485, 170, 161, 169
485, 170, 169, 385
571, 175, 485, 699
380, 165, 485, 175
485, 175, 385, 374
571, 175, 476, 485
485, 374, 175, 476
699, 175, 485, 610
380, 175, 485, 610
485, 165, 169, 175
485, 169, 385, 175
485, 385, 476, 632
485, 161, 385, 632
661, 156, 591, 699
661, 591, 699, 909
661, 156, 591, 603
909, 591, 699, 977
699, 709, 977, 591
909, 591, 977, 999
977, 591, 999, 1246
380, 161, 442, 591
442, 161, 490, 591
156, 591, 610, 699
156, 591, 603, 610
699, 610, 709, 591
709, 380, 591, 610
380, 442, 551, 591
442, 490, 551, 591
603, 551, 591, 610
380, 551, 591, 610
999, 961, 591, 1246
591, 961, 1013, 1206
485, 161, 380, 591
485, 161, 591, 632
485, 380, 709, 591
591, 161, 490, 632
485, 688, 780, 709
632, 780, 485, 591
485, 780, 591, 709
642, 395, 517, 662
1472, 1577, 662, 1318
986, 662, 1216, 1318
986, 662, 1022, 1216
986, 1063, 662, 1022
1216, 662, 1022, 1063
535, 449, 596, 662
535, 596, 662, 723
967, 596, 662, 723
1063, 662, 790, 1003
630, 662, 790, 1003
449, 182, 596, 662
596, 182, 630, 662
967, 596, 661, 662
596, 630, 661, 662
630, 661, 662, 1003
1100, 661, 662, 1003
874, 662, 892, 1192
811, 841, 662, 892
843, 841, 662, 892
811, 662, 807, 823
811, 892, 662, 823
984, 973, 662, 823
807, 662, 823, 973
984, 973, 662, 974
843, 877, 662, 915
877, 662, 915, 986
986, 662, 915, 1318
843, 662, 892, 915
974, 662, 973, 1212
1472, 1292, 662, 1487
1472, 662, 1318, 1487
1318, 662, 915, 1487
1479, 1292, 662, 1408
1292, 1487, 662, 1408
735, 535, 662, 891
535, 662, 723, 891
967, 662, 723, 891
1479, 1292, 662, 1197
662, 891, 1093, 1197
517, 760, 662, 784
395, 517, 536, 662
395, 449, 536, 662
449, 182, 536, 662
630, 536, 182, 662
517, 784, 536, 662
630, 662, 683, 790
630, 536, 662, 683
784, 536, 662, 683
967, 662, 1059, 1198
967, 661, 662, 1059
1100, 661, 662, 1059
1100, 1352, 662, 1059
874, 984, 1094, 662
874, 662, 1094, 1192
984, 1094, 662, 974
974, 662, 1094, 1212
1420, 662, 1094, 1401
1192, 662, 892, 1363
892, 662, 915, 1363
1420, 662, 1363, 1401
1363, 662, 1408, 1487
1094, 662, 1363, 1401
1094, 1408, 662, 1363
1318, 662, 1438, 1577
1318, 662, 1216, 1438
604, 395, 642, 662
604, 535, 662, 735
604, 395, 449, 662
604, 449, 535, 662
807, 662, 774, 973
735, 662, 774, 891
774, 1093, 662, 891
973, 662, 743, 774
774, 1093, 662, 743
604, 662, 735, 774
604, 807, 662, 774
662, 1292, 1472, 1581
662, 1472, 1577, 1581
1216, 1022, 1217, 1513
1216, 1063, 1022, 1217
1063, 885, 1022, 1217
1063, 885, 1003, 1217
1022, 885, 1155, 1217
1003, 909, 1004, 1217
1022, 1217, 1306, 1513
1217, 1306, 1416, 1513
1022, 1155, 1217, 1306
1217, 909, 1004, 1258
1003, 1232, 885, 1217
1003, 1232, 1004, 1217
1217, 1232, 1258, 1416
1217, 1004, 1232, 1258
1217, 885, 1052, 1155
1217, 1052, 1306, 1416
1217, 1052, 1155, 1306
1217, 1052, 1232, 1416
1217, 885, 1232, 1052
1216, 1217, 1438, 1513
1217, 1416, 1438, 1513
1217, 1416, 1438, 1518
662, 1003, 1063, 1217
662, 1100, 1217, 1003
662, 1063, 1216, 1217
1100, 1003, 1230, 909
1100, 1062, 909, 1230
1062, 909, 999, 1230
909, 999, 1230, 1258
1100, 1062, 1059, 1230
1100, 1352, 1059, 1230
662, 1100, 1352, 1230
1100, 1217, 1003, 1230
1003, 1230, 909, 1217
1217, 909, 1230, 1258
662, 1100, 1217, 1230
1240, 967, 1142, 1198
1240, 1142, 1376, 1390
1240, 1142, 1198, 1376
1240, 891, 967, 1142
1292, 1197, 1240, 1390
1240, 1142, 1197, 1390
1240, 891, 1142, 1197
1240, 1376, 1390, 1546
662, 891, 967, 1240
662, 891, 1197, 1240
662, 967, 1198, 1240
662, 1197, 1240, 1292
662, 1240, 1292, 1581
1240, 1292, 1390, 1581
1240, 1390, 1546, 1581
983, 1032, 1198, 1245
983, 1198, 1245, 1376
983, 1032, 1134, 1245
983, 1134, 1245, 1376
1032, 1062, 1134, 1245
1198, 1032, 1059, 1245
1032, 1059, 1062, 1245
662, 1245, 1059, 1198
1245, 1059, 1062, 1230
662, 1059, 1336, 1352
1352, 1059, 1230, 1336
1240, 1198, 1336, 1376
662, 1198, 1240, 1336
1198, 1245, 1336, 1376
662, 1245, 1059, 1336
662, 1245, 1198, 1336
1245, 1059, 1336, 1230
1518, 1409, 1438, 1635
1409, 1438, 1577, 1635
662, 1409, 1438, 1577
662, 1409, 1577, 1581
662, 1216, 1409, 1438
1216, 1409, 1217, 1438
1217, 1409, 1438, 1518
662, 1216, 1409, 1217
662, 1352, 1230, 1409
1217, 1258, 1409, 1230
662, 1230, 1409, 1217
662, 1352, 1336, 1409
1409, 1352, 1230, 1336
662, 1240, 1336, 1409
1409, 1577, 1581, 1635
659, 634, 864, 658
659, 473, 634, 658
658, 473, 481, 665
658, 481, 608, 767
658, 481, 608, 665
658, 608, 767, 882
658, 608, 665, 882
658, 527, 481, 767
634, 410, 473, 658
658, 410, 473, 665
659, 416, 658, 778
778, 416, 658, 767
658, 416, 473, 481
658, 527, 416, 767
658, 527, 416, 481
659, 496, 658, 473
416, 496, 658, 473
416, 496, 658, 659
659, 634, 864, 773
758, 625, 634, 773
773, 625, 674, 819
758, 634, 743, 773
659, 773, 634, 743
659, 773, 743, 864
758, 773, 891, 743
634, 410, 625, 773
773, 410, 625, 674
658, 410, 634, 773
658, 634, 864, 773
1170, 1169, 800, 1238
1238, 1169, 800, 1284
819, 674, 750, 800
674, 533, 750, 800
1119, 1058, 750, 800
1146, 1058, 800, 1055
1146, 1184, 800, 1055
665, 681, 800, 882
665, 533, 681, 800
1184, 800, 1055, 1057
882, 681, 800, 968
1184, 800, 968, 1057
681, 800, 968, 1057
1169, 800, 1026, 1284
767, 800, 882, 1026
1238, 800, 1251, 1284
1284, 800, 1026, 1251
882, 800, 968, 1161
1184, 800, 968, 1161
533, 686, 750, 800
533, 681, 686, 800
1055, 800, 818, 1057
681, 800, 818, 1057
681, 686, 800, 818
674, 410, 533, 800
410, 533, 665, 800
750, 1058, 800, 913
1058, 1055, 800, 913
750, 686, 800, 913
1055, 800, 818, 913
800, 686, 818, 913
658, 410, 665, 800
658, 665, 800, 882
658, 767, 800, 882
658, 410, 773, 800
773, 410, 674, 800
773, 674, 800, 819
944, 1043, 723, 983
758, 625, 723, 944
944, 625, 723, 819
944, 983, 1093, 1257
758, 723, 891, 944
944, 723, 891, 983
944, 891, 983, 1093
1286, 944, 743, 1257
944, 743, 1093, 1257
944, 743, 891, 1093
773, 625, 758, 944
773, 625, 819, 944
773, 891, 743, 944
773, 891, 758, 944
773, 800, 819, 944
1286, 998, 1257, 1269
659, 743, 864, 998
658, 864, 659, 998
658, 864, 773, 998
773, 743, 864, 998
800, 998, 658, 773
773, 743, 944, 998
800, 998, 773, 944
944, 1286, 743, 998
944, 1286, 998, 1257
810, 659, 1021, 1170
810, 836, 887, 1021
1170, 1021, 1238, 1256
810, 659, 778, 1021
810, 778, 836, 1021
1170, 1169, 1021, 1238
887, 714, 836, 1021
836, 714, 778, 1021
1256, 1021, 1238, 1284
1238, 1169, 1021, 1284
1021, 778, 1109, 714
1021, 1109, 1169, 1284
1021, 778, 1109, 767
810, 1021, 1152, 1170
1170, 1021, 1152, 1256
810, 887, 1021, 1152
1256, 887, 1021, 1152
887, 714, 1001, 1021
1021, 714, 1001, 1109
1021, 1109, 1169, 1026
1021, 767, 1026, 1109
658, 659, 778, 1021
658, 767, 778, 1021
658, 767, 800, 1021
800, 767, 1021, 1026
800, 1169, 1021, 1026
800, 1169, 1170, 1021
658, 659, 998, 1021
800, 998, 1021, 658
983, 1043, 1032, 1081
723, 1043, 1032, 1081
1257, 1253, 983, 1081
1257, 1253, 1269, 1081
983, 1032, 1081, 1134
983, 1253, 1081, 1335
1269, 1253, 1081, 1335
983, 1081, 1134, 1335
723, 890, 1032, 1081
723, 819, 890, 1081
1032, 890, 1081, 1134
1081, 890, 1119, 1335
819, 750, 890, 1081
1081, 750, 890, 1119
800, 750, 819, 1081
800, 1119, 750, 1081
800, 819, 944, 1081
944, 723, 819, 1081
944, 983, 1081, 1257
944, 1043, 723, 1081
944, 1043, 983, 1081
800, 998, 944, 1081
944, 998, 1081, 1257
998, 1081, 1257, 1269
1119, 1058, 750, 1150
1146, 1313, 1055, 1150
1146, 1058, 1055, 1150
1335, 1150, 1327, 1313
750, 1058, 913, 1150
1313, 913, 1055, 1150
1058, 1055, 913, 1150
800, 1058, 1119, 1150
800, 1058, 1146, 1150
800, 1119, 1081, 1150
800, 998, 1081, 1150
1081, 1119, 1150, 1335
882, 1151, 1026, 1161
1151, 1161, 1026, 1251
1184, 1151, 1161, 1199
1151, 1161, 1199, 1251
800, 1151, 1161, 1184
800, 882, 1151, 1026
800, 882, 1151, 1161
800, 1151, 1238, 1251
800, 1026, 1151, 1251
1080, 659, 1170, 1204
1080, 659, 743, 1204
998, 659, 743, 1204
800, 1021, 1170, 1204
800, 998, 1204, 1021
998, 659, 1021, 1204
1021, 659, 1170, 1204
800, 998, 1151, 1204
1561, 1228, 1786, 1794
1561, 1228, 1594, 1794
1594, 1228, 1670, 1800
1594, 1228, 1794, 1800
1594, 1228, 1554, 1670
1238, 1228, 1475, 1561
1561, 1228, 1475, 1786
1554, 1228, 1477, 1670
1554, 1228, 1269, 1477
1269, 1228, 1335, 1477
1477, 1228, 1573, 1670
1573, 1228, 1670, 1724
1335, 1228, 1313, 1477
1477, 1228, 1313, 1573
1573, 1228, 1313, 1469
1313, 1184, 1228, 1469
1469, 1184, 1228, 1389
1146, 1313, 1055, 1228
1146, 1184, 1055, 1228
1313, 1055, 1228, 1184
1573, 1228, 1610, 1724
1573, 1228, 1610, 1469
1469, 1228, 1610, 1724
1228, 1670, 1724, 1800
1228, 1786, 1794, 1800
1238, 1228, 1251, 1475
1184, 1199, 1228, 1389
1389, 1199, 1228, 1251
1475, 1228, 1626, 1786
1469, 1724, 1228, 1626
1626, 1228, 1724, 1800
1626, 1228, 1786, 1800
1469, 1626, 1228, 1389
1475, 1228, 1251, 1626
1626, 1228, 1251, 1389
800, 1146, 1184, 1228
998, 1081, 1228, 1269
1081, 1228, 1269, 1335
800, 1146, 1150, 1228
800, 998, 1150, 1228
998, 1150, 1081, 1228
1081, 1150, 1228, 1335
1150, 1228, 1313, 1335
1150, 1146, 1313, 1228
800, 1151, 1184, 1228
800, 998, 1228, 1151
1151, 1184, 1199, 1228
1151, 1199, 1228, 1251
1151, 1228, 1238, 1251
998, 1269, 1286, 1314
800, 1151, 1238, 1314
800, 1151, 1314, 1204
998, 1151, 1314, 1204
1238, 1228, 1314, 1561
1561, 1228, 1314, 1594
1594, 1228, 1314, 1554
1554, 1228, 1269, 1314
998, 1228, 1269, 1314
998, 1228, 1151, 1314
1151, 1314, 1228, 1238
794, 447, 579, 692
794, 447, 471, 579
794, 768, 447, 471
703, 447, 768, 471
666, 447, 474, 703
703, 447, 471, 474
851, 447, 703, 781
412, 173, 202, 447
412, 173, 213, 447
394, 168, 173, 447
394, 173, 190, 447
781, 592, 950, 447
1000, 877, 447, 1074
1000, 447, 962, 1074
950, 447, 844, 1065
1065, 844, 989, 447
877, 1074, 447, 986
592, 950, 447, 736
950, 447, 736, 844
394, 190, 447, 517
394, 447, 517, 642
517, 190, 200, 447
844, 989, 447, 833
1074, 447, 986, 1022
986, 1063, 447, 1022
567, 413, 447, 215
592, 355, 447, 736
844, 355, 447, 736
592, 447, 462, 355
615, 355, 447, 462
844, 355, 447, 833
797, 355, 447, 833
567, 413, 447, 355
413, 215, 355, 447
567, 355, 447, 588
1063, 447, 885, 1022
1063, 447, 790, 885
1022, 447, 885, 1028
811, 841, 447, 892
843, 841, 447, 892
874, 855, 892, 447
928, 855, 892, 447
984, 692, 447, 823
692, 447, 702, 823
702, 447, 807, 823
811, 447, 807, 823
811, 892, 447, 823
874, 447, 855, 910
874, 984, 447, 974
984, 692, 447, 974
928, 1000, 447, 923
1000, 447, 923, 962
928, 447, 855, 923
851, 923, 447, 910
855, 447, 910, 923
928, 1000, 447, 915
843, 877, 447, 915
1000, 877, 447, 915
928, 447, 892, 915
843, 447, 892, 915
447, 173, 190, 202
447, 190, 200, 215
950, 447, 932, 1065
851, 447, 781, 922
781, 447, 922, 950
851, 923, 447, 922
950, 447, 922, 932
923, 447, 922, 932
517, 760, 447, 784
588, 355, 447, 815
517, 784, 447, 536
447, 683, 536, 784
1424, 447, 1089, 1382
1022, 447, 1028, 1164
1424, 447, 1164, 1089
1037, 447, 899, 916
447, 815, 899, 916
141, 168, 394, 447
141, 364, 394, 447
666, 216, 447, 703
666, 216, 447, 474
474, 173, 216, 447
703, 216, 447, 781
781, 216, 447, 592
592, 213, 216, 447
447, 173, 213, 216
412, 217, 202, 447
412, 217, 213, 447
592, 217, 213, 447
217, 190, 202, 447
217, 190, 215, 447
592, 217, 447, 462
615, 217, 447, 462
615, 217, 355, 447
217, 215, 355, 447
746, 797, 355, 447
746, 355, 447, 815
962, 447, 988, 1074
1074, 447, 988, 1022
1424, 447, 988, 1382
814, 988, 447, 1089
447, 988, 1089, 1382
1022, 447, 988, 1164
1424, 447, 1164, 988
1037, 447, 899, 988
814, 988, 447, 899
692, 435, 447, 702
435, 141, 168, 447
579, 447, 450, 471
471, 450, 474, 447
474, 450, 173, 447
692, 458, 447, 579
435, 168, 458, 447
435, 458, 692, 447
450, 458, 173, 447
450, 458, 579, 447
458, 168, 173, 447
447, 200, 215, 219
447, 200, 219, 517
447, 487, 588, 700
447, 588, 700, 815
447, 683, 775, 790
447, 700, 814, 899
447, 700, 815, 899
447, 775, 790, 885
447, 215, 487, 219
447, 215, 567, 487
447, 567, 487, 588
447, 517, 617, 219
447, 517, 617, 536
447, 487, 617, 700
447, 617, 814, 700
447, 219, 487, 617
447, 536, 638, 683
447, 638, 683, 775
353, 447, 617, 638
447, 536, 617, 638
447, 776, 814, 1089
447, 776, 981, 1028
447, 776, 1028, 1164
447, 776, 1089, 1164
353, 447, 776, 617
447, 617, 814, 776
353, 447, 737, 776
447, 737, 776, 981
353, 447, 638, 785
447, 638, 785, 775
353, 447, 785, 737
447, 785, 981, 737
702, 435, 447, 528
528, 141, 435, 447
429, 702, 447, 528
447, 141, 364, 552
429, 552, 447, 528
447, 141, 528, 552
447, 364, 394, 604
447, 394, 604, 642
447, 552, 604, 364
429, 702, 447, 774
447, 702, 774, 807
552, 774, 429, 447
447, 604, 807, 774
552, 774, 447, 604
874, 984, 447, 662
811, 447, 662, 807
811, 841, 447, 662
843, 841, 447, 662
843, 877, 447, 662
877, 447, 662, 986
642, 447, 517, 662
986, 1063, 447, 662
1063, 447, 662, 790
874, 447, 662, 892
984, 823, 447, 662
892, 447, 662, 823
517, 760, 447, 662
447, 662, 760, 784
790, 447, 662, 683
447, 683, 662, 784
447, 604, 642, 662
447, 604, 807, 662
833, 786, 862, 963
797, 355, 833, 862
833, 355, 786, 862
963, 786, 862, 916
786, 355, 815, 862
786, 815, 862, 916
746, 797, 355, 862
746, 355, 815, 862
447, 746, 797, 862
447, 797, 833, 862
1180, 911, 989, 1065
962, 911, 1037, 1180
962, 911, 923, 1180
1180, 911, 923, 1065
1065, 911, 932, 923
962, 911, 988, 1037
447, 911, 923, 962
447, 911, 989, 1065
447, 911, 932, 923
447, 911, 932, 1065
447, 911, 988, 962
447, 911, 988, 1037
447, 746, 933, 815
447, 815, 933, 916
447, 933, 916, 1037
447, 746, 933, 862
862, 746, 933, 815
862, 815, 933, 916
447, 911, 933, 1037
862, 911, 447, 933
1180, 989, 1029, 1227
1180, 1029, 1037, 1227
989, 833, 1029, 1227
1037, 963, 1029, 1227
833, 1010, 1029, 1227
833, 1010, 1029, 963
1227, 1010, 1029, 963
1037, 916, 963, 1029
447, 833, 989, 1029
447, 833, 862, 1029
862, 833, 963, 1029
862, 916, 963, 1029
447, 911, 989, 1029
862, 911, 1029, 447
911, 989, 1029, 1180
911, 1029, 1037, 1180
862, 933, 916, 1029
862, 911, 933, 1029
911, 933, 1029, 1037
933, 916, 1029, 1037
639, 397, 672, 725
639, 672, 725, 867
437, 431, 639, 725
639, 431, 397, 725
431, 397, 443, 725
725, 397, 443, 672
725, 443, 672, 867
437, 725, 616, 639
437, 725, 431, 616
616, 431, 443, 725
725, 443, 867, 943
725, 733, 443, 943
845, 569, 705, 871
845, 705, 871, 1056
845, 569, 737, 871
737, 569, 801, 871
845, 737, 871, 1056
705, 569, 616, 871
705, 616, 639, 871
569, 616, 801, 871
616, 801, 828, 871
725, 616, 639, 871
276, 337, 510, 643
276, 620, 584, 643
276, 620, 337, 643
510, 337, 643, 711
584, 620, 643, 711
337, 620, 643, 711
635, 276, 510, 643
635, 443, 510, 643
643, 443, 510, 711
443, 828, 635, 643
581, 541, 679, 728
679, 541, 584, 728
276, 541, 584, 679
737, 581, 679, 801
801, 581, 635, 679
581, 541, 635, 679
635, 541, 276, 679
635, 679, 801, 828
643, 276, 584, 679
643, 276, 635, 679
643, 635, 679, 828
728, 529, 820, 934
728, 529, 584, 934
1167, 934, 1016, 1104
584, 529, 620, 934
1167, 620, 934, 1016
620, 529, 820, 934
620, 820, 934, 1104
620, 934, 1016, 1104
584, 711, 620, 934
1167, 711, 934, 620
643, 584, 711, 934
643, 711, 934, 1167
643, 584, 679, 934
679, 584, 728, 934
1187, 996, 1464, 1084
1187, 996, 1464, 1354
1281, 996, 1330, 1465
1187, 1354, 996, 1330
1330, 1452, 996, 1354
1330, 1452, 996, 1465
1452, 996, 1203, 1354
581, 580, 728, 996
728, 580, 820, 996
1281, 1167, 996, 1465
1452, 996, 1203, 1484
1452, 996, 1465, 1484
1167, 996, 1465, 1484
1484, 996, 1392, 1203
936, 1330, 996, 1064
1187, 996, 1064, 1330
996, 1464, 1084, 1354
936, 856, 581, 996
581, 580, 856, 996
1187, 856, 996, 1084
1187, 856, 996, 1064
1167, 996, 1104, 1275
1167, 996, 1275, 1484
1484, 996, 1392, 1275
1275, 1203, 996, 1104
1275, 1203, 996, 1392
737, 581, 936, 996
443, 828, 996, 1159
643, 443, 828, 996
679, 581, 728, 996
679, 581, 737, 996
643, 934, 996, 1167
679, 728, 934, 996
934, 728, 820, 996
934, 996, 1104, 1167
936, 1330, 1035, 1064
1281, 1035, 1265, 1330
936, 1265, 1035, 1064
1330, 1035, 1064, 1265
936, 1265, 1035, 1218
1281, 1035, 1159, 1265
1218, 1035, 1159, 1265
737, 801, 871, 1035
801, 828, 871, 1035
828, 871, 1159, 1035
643, 1035, 679, 828
679, 737, 801, 1035
679, 801, 828, 1035
934, 1035, 643, 679
643, 828, 996, 1035
679, 737, 996, 1035
934, 1035, 996, 643
934, 1035, 679, 996
996, 828, 1035, 1159
996, 1035, 1159, 1281
996, 1035, 1281, 1330
996, 936, 1330, 1035
874, 808, 1162, 1123
874, 808, 1162, 1115
1162, 808, 1115, 1123
794, 768, 471, 808
851, 995, 808, 861
851, 703, 808, 861
995, 768, 808, 861
703, 768, 808, 861
1123, 808, 995, 1060
995, 768, 808, 897
995, 808, 897, 1060
768, 471, 779, 808
768, 779, 808, 897
1060, 808, 897, 904
897, 779, 808, 904
794, 526, 692, 808
794, 471, 526, 808
1060, 808, 904, 1027
779, 808, 904, 1027
874, 808, 910, 1123
1123, 808, 910, 995
851, 995, 808, 910
471, 840, 779, 808
471, 840, 526, 808
1002, 808, 840, 1027
779, 808, 840, 1027
874, 808, 1094, 1115
874, 974, 808, 1094
794, 447, 692, 808
851, 447, 703, 808
794, 768, 447, 808
703, 447, 768, 808
874, 447, 808, 910
851, 447, 808, 910
874, 447, 974, 808
692, 447, 808, 974
692, 526, 701, 870
701, 526, 411, 870
411, 526, 734, 870
526, 734, 870, 889
411, 734, 870, 896
889, 734, 870, 896
526, 840, 870, 889
701, 411, 788, 870
411, 788, 870, 896
701, 1031, 788, 870
974, 788, 870, 1031
808, 526, 692, 870
808, 526, 840, 870
808, 957, 1002, 840
808, 840, 870, 957
692, 701, 976, 974
701, 976, 1031, 974
808, 974, 976, 1094
808, 976, 692, 974
808, 976, 1115, 1094
808, 976, 692, 870
870, 701, 976, 692
870, 976, 1031, 701
870, 976, 1031, 974
870, 976, 1094, 974
957, 976, 870, 808
1123, 1046, 1115, 1213
1123, 1046, 1060, 1213
1115, 1046, 1391, 1420
1115, 1046, 1213, 1391
1046, 956, 1391, 1213
1046, 1027, 1060, 1213
1002, 956, 1027, 1046
1046, 956, 1027, 1213
1002, 956, 840, 1046
1046, 840, 889, 956
1115, 1046, 1094, 1420
808, 1027, 1046, 1060
808, 1046, 1060, 1123
808, 1046, 1115, 1123
808, 1002, 1027, 1046
870, 840, 889, 1046
808, 957, 1002, 1046
870, 957, 1046, 840
957, 840, 1002, 1046
808, 976, 1115, 1046
870, 976, 1046, 1094
957, 976, 808, 1046
957, 976, 1046, 870
976, 1115, 1046, 1094
709, 688, 724, 1006
688, 476, 531, 724
531, 476, 622, 724
476, 563, 622, 724
622, 563, 695, 724
485, 476, 632, 724
485, 476, 688, 724
591, 632, 724, 1013
591, 724, 961, 1013
724, 476, 563, 632
632, 780, 724, 485
485, 688, 780, 724
632, 780, 591, 724
724, 688, 780, 709
724, 563, 632, 684
724, 563, 684, 695
724, 632, 684, 1013
1155, 865, 885, 1028
775, 812, 865, 885
1028, 865, 981, 1095
812, 531, 688, 865
693, 936, 581, 865
693, 531, 618, 865
693, 581, 618, 865
865, 531, 618, 622
1155, 865, 1028, 1052
1155, 865, 885, 1052
885, 812, 865, 1052
812, 688, 865, 1052
1028, 865, 1064, 1095
1095, 865, 936, 1064
1028, 865, 1052, 1064
865, 1052, 1064, 1125
865, 856, 936, 581
865, 581, 618, 856
865, 622, 695, 856
865, 618, 622, 856
865, 856, 1064, 1125
353, 531, 693, 865
353, 775, 812, 865
353, 531, 812, 865
737, 865, 936, 1095
737, 693, 936, 865
981, 785, 1095, 865
353, 775, 785, 865
353, 693, 785, 865
737, 693, 785, 865
737, 785, 1095, 865
447, 775, 865, 885
447, 865, 885, 1028
447, 865, 981, 1028
447, 775, 785, 865
447, 785, 981, 865
865, 996, 936, 1064
865, 856, 936, 996
865, 996, 856, 1064
724, 531, 622, 865
724, 531, 688, 865
724, 622, 695, 865
724, 684, 865, 695
724, 865, 1144, 684
1246, 980, 1052, 1416
688, 980, 1006, 1052
1125, 1264, 980, 1052
1052, 980, 1264, 1416
1125, 980, 1084, 856
980, 1144, 684, 1034
980, 1144, 1034, 724
724, 688, 980, 1006
980, 1144, 865, 684
980, 1144, 724, 865
724, 688, 865, 980
865, 688, 980, 1052
865, 695, 856, 980
865, 856, 980, 1125
865, 980, 1052, 1125
865, 684, 695, 980
980, 856, 1034, 695
980, 856, 1034, 1084
980, 1084, 1034, 1125
980, 684, 695, 1034
1004, 699, 812, 1005
1004, 699, 977, 1005
1004, 977, 1005, 1232
699, 709, 812, 1005
699, 709, 977, 1005
977, 1005, 1232, 1246
812, 709, 1005, 1006
1004, 812, 1005, 1052
1004, 1005, 1052, 1232
1232, 1005, 1052, 1246
812, 1005, 1006, 1052
977, 709, 591, 1005
977, 591, 1005, 1246
1246, 591, 961, 1005
591, 780, 709, 1005
709, 724, 1005, 1006
1005, 724, 961, 1013
591, 724, 961, 1005
591, 780, 724, 1005
724, 780, 709, 1005
724, 1144, 1005, 1013
724, 1005, 1034, 1144
724, 980, 1005, 1006
724, 980, 1005, 1034
980, 1005, 1006, 1052
980, 1005, 1052, 1246
1502, 1280, 1672, 1621
1502, 1280, 1576, 1621
1576, 1280, 1328, 1621
1246, 1131, 1280, 1502
1280, 1013, 1034, 1328
1280, 961, 1328, 1013
1502, 1206, 1280, 1576
1576, 1206, 1280, 1328
1246, 1206, 1131, 1280
1502, 1131, 1280, 1206
1246, 1206, 961, 1280
1280, 961, 1328, 1206
1246, 961, 1005, 1280
1005, 961, 1013, 1280
980, 1005, 1246, 1280
980, 1034, 1005, 1280
1005, 1144, 1280, 1013
1005, 1034, 1144, 1280
1280, 1144, 1013, 1034
1246, 1378, 1416, 1502
1502, 1378, 1416, 1672
1125, 1034, 1378, 1549
1125, 1378, 1416, 1549
1549, 1034, 1378, 1602
1549, 1378, 1416, 1732
1549, 1378, 1602, 1732
1378, 1034, 1328, 1725
1378, 1034, 1602, 1759
1378, 1034, 1725, 1759
1378, 1416, 1672, 1732
1378, 1602, 1732, 1759
1378, 1672, 1725, 1759
1378, 1672, 1732, 1759
1378, 1328, 1621, 1725
1378, 1621, 1672, 1725
1125, 1264, 1378, 1416
980, 1034, 1125, 1378
980, 1246, 1378, 1416
980, 1264, 1378, 1125
980, 1264, 1378, 1416
1246, 1280, 1378, 1502
1502, 1280, 1672, 1378
1378, 1034, 1280, 1328
1378, 1280, 1328, 1621
1378, 1280, 1672, 1621
980, 1246, 1280, 1378
980, 1034, 1280, 1378
594, 425, 714, 887
594, 425, 586, 714
742, 425, 613, 673
673, 425, 445, 613
559, 613, 722, 425
559, 357, 425, 613
714, 425, 767, 1109
767, 425, 966, 1109
586, 65, 408, 425
1310, 425, 969, 1140
969, 425, 869, 918
969, 425, 918, 1140
1109, 425, 1108, 1221
1109, 425, 966, 1108
1108, 425, 1183, 1289
1108, 425, 1221, 1289
613, 754, 425, 722
754, 425, 869, 965
722, 425, 713, 754
559, 425, 494, 722
559, 357, 425, 494
722, 425, 494, 713
767, 425, 966, 1069
966, 425, 1069, 1108
1108, 425, 1069, 1183
767, 425, 958, 1069
1069, 821, 425, 1183
713, 633, 425, 494
633, 655, 384, 425
655, 501, 425, 644
594, 377, 425, 586
586, 65, 377, 425
673, 377, 425, 445
445, 62, 377, 425
377, 62, 65, 425
887, 425, 714, 1001
714, 425, 1001, 1109
742, 425, 613, 822
613, 754, 425, 822
883, 425, 822, 927
714, 425, 527, 767
425, 612, 782, 821
425, 612, 821, 835
425, 826, 918, 1140
425, 869, 926, 965
425, 42, 16, 62
425, 718, 825, 926
767, 628, 958, 425
767, 425, 527, 628
527, 707, 425, 628
425, 612, 628, 707
754, 425, 667, 965
754, 425, 667, 713
713, 633, 425, 667
425, 667, 926, 965
425, 667, 825, 718
425, 667, 825, 926
425, 601, 612, 835
633, 655, 425, 726
655, 425, 644, 726
425, 644, 718, 726
633, 726, 425, 667
425, 667, 718, 726
357, 55, 425, 494
494, 55, 425, 633
633, 55, 384, 425
613, 73, 425, 445
445, 62, 73, 425
613, 73, 357, 425
73, 42, 425, 16
73, 42, 425, 62
357, 55, 73, 425
408, 65, 325, 425
325, 62, 65, 425
325, 16, 62, 425
408, 392, 330, 425
392, 330, 425, 523
392, 425, 501, 523
408, 392, 325, 425
325, 16, 392, 425
655, 407, 384, 425
655, 501, 407, 425
407, 55, 384, 425
407, 16, 73, 425
407, 55, 73, 425
392, 407, 16, 425
392, 407, 425, 501
714, 425, 479, 586
586, 408, 425, 479
408, 330, 425, 479
479, 330, 425, 627
479, 425, 612, 782
479, 826, 425, 627
479, 826, 425, 782
714, 425, 479, 527
479, 707, 425, 612
479, 707, 425, 527
958, 425, 577, 1069
958, 628, 425, 577
594, 425, 668, 887
742, 425, 668, 673
887, 425, 668, 927
883, 425, 668, 927
594, 377, 425, 668
673, 377, 425, 668
883, 425, 668, 822
742, 425, 668, 822
969, 425, 853, 869
754, 425, 853, 869
754, 425, 822, 853
927, 425, 822, 853
1069, 821, 425, 880
425, 821, 835, 880
425, 601, 835, 880
1069, 577, 425, 880
425, 577, 601, 880
1310, 425, 1140, 1324
1310, 425, 1324, 1458
1458, 425, 1221, 1324
425, 826, 1140, 1324
425, 1289, 826, 1324
425, 1289, 1221, 1324
1310, 1044, 1544, 1458
1310, 969, 1044, 853
425, 1044, 1310, 1458
425, 969, 1044, 853
425, 969, 1044, 1310
1222, 887, 1079, 1087
1222, 1087, 1152, 1256
1222, 887, 1087, 1152
1256, 887, 1087, 1152
1079, 887, 927, 1087
1256, 887, 1021, 1087
887, 1001, 1087, 1021
425, 1087, 887, 927
1223, 827, 994, 1092
1429, 1145, 1092, 1279
1429, 1145, 1092, 1522
1394, 1310, 1429, 1092
1429, 1092, 1522, 1310
1522, 1092, 1145, 1310
1079, 827, 927, 1092
827, 927, 994, 1092
1223, 1092, 1106, 1394
1223, 994, 1092, 1106
1394, 1092, 1106, 1429
994, 1279, 1092, 1106
1429, 1092, 1106, 1279
994, 1279, 822, 1092
1279, 822, 1092, 1145
994, 927, 822, 1092
1145, 853, 1092, 1310
1145, 822, 853, 1092
927, 853, 822, 1092
1044, 853, 1092, 1310
1087, 927, 1079, 1092
1284, 1109, 1112, 1221
1284, 1112, 1221, 1494
1458, 1112, 1221, 1494
1109, 425, 1112, 1221
1458, 425, 1112, 1221
1109, 1001, 1112, 425
425, 1044, 1112, 1458
1256, 1021, 1176, 1284
1021, 1109, 1176, 1284
1021, 1001, 1109, 1176
887, 1176, 425, 1001
927, 425, 853, 1176
425, 853, 1044, 1176
425, 1087, 887, 1176
425, 1087, 927, 1176
1087, 887, 1176, 1001
1087, 1001, 1021, 1176
1087, 1021, 1176, 1256
1044, 853, 1092, 1176
1044, 1087, 1176, 1092
1087, 927, 1092, 1176
1092, 853, 927, 1176
425, 1001, 1176, 1112
425, 1044, 1112, 1176
1044, 1087, 1112, 1176
1112, 1109, 1176, 1284
1112, 1001, 1109, 1176
1222, 1256, 1394, 1291
1510, 1256, 1394, 1291
1510, 1256, 1291, 1590
1256, 1284, 1291, 1590
1291, 1544, 1590, 1599
1291, 1284, 1590, 1599
1394, 1291, 1310, 1544
1291, 1458, 1544, 1599
1291, 1284, 1494, 1599
1291, 1458, 1494, 1599
1510, 1291, 1394, 1690
1394, 1291, 1544, 1690
1510, 1291, 1590, 1690
1690, 1291, 1544, 1590
1044, 1544, 1291, 1310
1044, 1544, 1291, 1458
1087, 1222, 1256, 1291
1087, 1079, 1291, 1222
1044, 1092, 1291, 1310
1044, 1087, 1092, 1291
1087, 1079, 1291, 1092
1092, 1222, 1291, 1394
1092, 1291, 1310, 1394
1092, 1079, 1291, 1222
1044, 1112, 1291, 1458
1044, 1087, 1291, 1112
1112, 1284, 1291, 1494
1112, 1291, 1458, 1494
1087, 1176, 1256, 1291
1087, 1112, 1176, 1291
1112, 1176, 1284, 1291
1176, 1256, 1284, 1291
661, 759, 1062, 1134
661, 759, 909, 1062
1062, 759, 909, 999
1258, 759, 1246, 1608
1258, 759, 999, 1246
1608, 759, 1246, 1496
1327, 1262, 1270, 759
1496, 759, 1270, 1486
1270, 1205, 759, 1486
1205, 759, 1070, 1073
1327, 1262, 1459, 759
1327, 759, 1380, 1459
1380, 759, 1348, 1459
1262, 1459, 759, 1434
1434, 759, 1600, 1360
1129, 759, 1091, 1348
1459, 759, 1348, 1379
661, 759, 890, 1134
661, 603, 890, 759
1335, 759, 890, 1119
1119, 750, 759, 890
1335, 890, 1327, 759
603, 890, 637, 759
603, 520, 637, 759
603, 520, 551, 759
750, 637, 759, 646
637, 646, 759, 520
750, 646, 686, 759
587, 646, 686, 759
999, 1131, 759, 1246
1246, 759, 1131, 1496
1496, 759, 1131, 1486
1486, 759, 1131, 1205
1205, 759, 1070, 1131
1313, 1195, 1327, 759
1327, 1195, 759, 1380
1129, 759, 1195, 1348
1380, 759, 1195, 1348
999, 1131, 759, 961
1131, 1070, 759, 961
551, 490, 519, 759
759, 490, 519, 657
759, 519, 621, 657
1129, 759, 900, 1091
1129, 900, 1195, 759
587, 609, 656, 759
587, 656, 686, 759
759, 609, 656, 849
686, 656, 759, 900
656, 849, 759, 907
520, 124, 551, 759
587, 518, 609, 759
587, 518, 646, 759
520, 124, 518, 759
551, 124, 518, 759
759, 585, 656, 900
656, 585, 759, 907
682, 609, 621, 759
551, 682, 519, 759
682, 621, 519, 759
520, 518, 682, 759
551, 518, 682, 759
646, 682, 518, 759
682, 609, 518, 759
750, 637, 759, 744
750, 744, 759, 890
637, 744, 759, 890
520, 646, 759, 744
520, 759, 682, 744
646, 682, 744, 759
750, 686, 759, 913
1313, 759, 913, 1195
913, 686, 759, 900
913, 900, 1195, 759
1091, 759, 900, 1086
759, 585, 900, 1086
961, 759, 1070, 1206
1348, 759, 1091, 1211
1348, 759, 1211, 1379
1379, 1311, 759, 1211
759, 907, 1211, 1278
759, 1211, 1278, 1311
759, 585, 907, 1211
1091, 759, 1086, 1211
759, 585, 1086, 1211
1270, 1262, 759, 1268
1270, 1205, 759, 1268
1205, 759, 1073, 1268
1268, 759, 1073, 1360
1268, 759, 1600, 1360
1262, 759, 1268, 1434
1268, 759, 1600, 1434
1459, 759, 1434, 1598
1434, 759, 1360, 1598
1459, 759, 1379, 1598
1379, 1311, 759, 1598
759, 1311, 1360, 1598
661, 591, 759, 909
661, 591, 603, 759
909, 591, 759, 999
603, 551, 591, 759
551, 490, 591, 759
999, 961, 591, 759
591, 759, 961, 1206
591, 490, 632, 759
1335, 759, 1119, 1150
1119, 750, 759, 1150
1335, 1150, 1327, 759
1313, 1150, 1327, 759
1313, 759, 913, 1150
750, 759, 913, 1150
1062, 999, 1121, 1230
1258, 999, 1121, 1230
1245, 1062, 1121, 1134
1245, 1062, 1121, 1230
759, 999, 1062, 1121
759, 999, 1121, 1258
759, 1062, 1121, 1134
1376, 1134, 1196, 1335
1376, 1196, 1335, 1517
1335, 1196, 1327, 1517
1335, 890, 1327, 1196
1081, 1196, 1134, 1335
1081, 1196, 890, 1134
1081, 1196, 890, 1335
759, 890, 1196, 1134
759, 890, 1327, 1196
759, 1196, 1270, 1327
759, 1121, 1196, 1134
1648, 1381, 1496, 1720
1496, 1381, 1661, 1720
1327, 1381, 1661, 1771
1496, 1270, 1381, 1661
1327, 1270, 1381, 1661
1648, 1381, 1517, 1720
1327, 1381, 1517, 1771
1517, 1381, 1720, 1771
1381, 1661, 1720, 1771
759, 1270, 1381, 1496
759, 1196, 1270, 1381
1121, 1381, 759, 1196
1196, 1327, 1381, 1517
1196, 1270, 1327, 1381
1518, 1396, 1416, 1635
1648, 1396, 1608, 1635
1258, 1396, 1416, 1608
1608, 1396, 1416, 1635
1648, 1396, 1496, 1608
1376, 1396, 1517, 1546
1217, 1258, 1396, 1416
1217, 1396, 1416, 1518
662, 1396, 1240, 1581
1240, 1376, 1396, 1546
1240, 1396, 1546, 1581
1245, 1134, 1376, 1396
1240, 1336, 1376, 1396
1230, 1336, 1245, 1396
1245, 1336, 1376, 1396
1396, 1581, 1635, 1648
1396, 1546, 1648, 1581
662, 1396, 1581, 1409
1217, 1396, 1409, 1518
1217, 1258, 1409, 1396
1230, 1258, 1409, 1396
662, 1396, 1409, 1240
1230, 1336, 1396, 1409
1240, 1336, 1396, 1409
1396, 1409, 1518, 1635
1396, 1409, 1581, 1635
759, 1258, 1396, 1608
759, 1396, 1496, 1608
759, 1121, 1258, 1396
1121, 1134, 1245, 1396
1121, 1230, 1245, 1396
1121, 1230, 1258, 1396
1121, 1196, 1134, 1396
1196, 1134, 1376, 1396
1196, 1376, 1396, 1517
759, 1381, 1396, 1496
1121, 1381, 1396, 759
1121, 1381, 1196, 1396
1196, 1381, 1396, 1517
1381, 1396, 1496, 1648
1213, 956, 1391, 1153
1420, 1153, 1391, 1446
1420, 1315, 1153, 1446
956, 889, 908, 1153
1391, 1153, 1395, 1446
1446, 1153, 1223, 1395
1213, 956, 1114, 1153
956, 908, 1114, 1153
1315, 1079, 1153, 1222
889, 827, 896, 1153
889, 827, 908, 1153
896, 827, 1079, 1153
1315, 1153, 1394, 1446
1446, 1153, 1223, 1394
1315, 1153, 1222, 1394
1223, 827, 994, 1153
1420, 1315, 1153, 1401
1315, 1099, 1153, 1401
896, 788, 1079, 1153
1315, 788, 1099, 1153
974, 788, 1099, 1153
1315, 1152, 1153, 1079
1315, 1152, 1153, 788
1079, 1152, 1153, 788
908, 1098, 1114, 1153
908, 894, 1153, 827
827, 971, 994, 1153
908, 971, 1098, 1153
908, 894, 1153, 971
827, 894, 1153, 971
974, 1094, 1099, 1153
1420, 1094, 1153, 1401
1094, 1099, 1153, 1401
889, 870, 896, 1153
896, 788, 870, 1153
974, 788, 870, 1153
974, 870, 1094, 1153
1046, 1153, 1391, 1420
1046, 956, 1391, 1153
1046, 889, 956, 1153
1046, 1094, 1153, 1420
870, 889, 1046, 1153
870, 1046, 1094, 1153
1222, 1079, 1092, 1153
1223, 827, 1092, 1153
1079, 827, 1092, 1153
1223, 1092, 1153, 1394
1222, 1092, 1153, 1394
1407, 1078, 1239, 1501
1147, 1078, 1239, 1501
1177, 894, 1147, 1239
1177, 894, 1098, 1239
1147, 894, 971, 1239
1098, 971, 894, 1239
1407, 1078, 1106, 1239
1147, 1078, 1106, 1239
994, 971, 1106, 1239
1147, 971, 1106, 1239
1153, 971, 994, 1239
1153, 971, 1098, 1239
1391, 1244, 1395, 1628
1395, 1244, 1628, 1707
1395, 1244, 1557, 1707
1395, 1223, 1244, 1557
1557, 1244, 1523, 1707
1523, 1244, 1407, 1707
1223, 1106, 1244, 1557
1223, 994, 1106, 1244
1557, 1106, 1244, 1523
1523, 1106, 1244, 1407
1153, 994, 1223, 1244
1153, 1223, 1244, 1395
1153, 1244, 1391, 1395
994, 1106, 1239, 1244
1407, 1106, 1239, 1244
1153, 994, 1239, 1244
1153, 1098, 1244, 1239
1224, 1177, 1299, 1419
1224, 1299, 1419, 1530
1177, 1299, 1345, 1419
1177, 1299, 1345, 1147
1419, 1299, 1345, 1147
1530, 1299, 1642, 1501
1530, 1299, 1419, 1501
1419, 1147, 1299, 1501
1114, 1299, 1098, 1177
1177, 1147, 1239, 1299
1147, 1239, 1299, 1501
1177, 1098, 1239, 1299
1153, 1098, 1244, 1299
1239, 1098, 1244, 1299
1213, 1200, 1316, 1391
1213, 1114, 1200, 1316
1391, 1316, 1536, 1628
1391, 1200, 1316, 1536
1536, 1316, 1628, 1743
1200, 1114, 1224, 1316
1200, 1224, 1316, 1536
1114, 1177, 1316, 1224
1536, 1316, 1535, 1743
1536, 1224, 1316, 1535
1224, 1316, 1530, 1535
1153, 1114, 1213, 1316
1153, 1213, 1316, 1391
1153, 1098, 1316, 1114
1153, 1244, 1316, 1391
1244, 1316, 1391, 1628
1153, 1098, 1316, 1299
1299, 1224, 1316, 1530
1299, 1098, 1316, 1114
1299, 1114, 1177, 1316
1299, 1177, 1316, 1224
1535, 1447, 1642, 1743
1535, 1447, 1530, 1642
1407, 1447, 1707, 1887
1407, 1447, 1795, 1887
1407, 1447, 1501, 1795
1501, 1447, 1642, 1795
1447, 1628, 1707, 1743
1239, 1407, 1447, 1501
1239, 1244, 1407, 1447
1244, 1407, 1447, 1707
1244, 1447, 1628, 1707
1239, 1299, 1447, 1501
1153, 1447, 1244, 1299
1239, 1244, 1299, 1447
1299, 1642, 1447, 1501
1299, 1642, 1447, 1530
1153, 1447, 1316, 1244
1244, 1316, 1447, 1628
1153, 1447, 1299, 1316
1299, 1316, 1447, 1530
1316, 1447, 1530, 1535
1316, 1447, 1535, 1743
1316, 1447, 1628, 1743
950, 844, 1049, 1065
1053, 950, 982, 1049
1053, 982, 1049, 1248
950, 844, 924, 1049
950, 924, 982, 1049
844, 924, 1049, 1102
1065, 833, 1049, 844
1065, 833, 1049, 1102
844, 833, 1049, 1102
1053, 932, 950, 1049
950, 932, 1049, 1065
1247, 932, 1248, 1049
1053, 932, 1248, 1049
1247, 1180, 1208, 1492
1180, 1065, 1208, 1227
1180, 1208, 1227, 1492
1065, 1102, 1208, 1227
1247, 923, 1180, 1208
1180, 923, 1065, 1208
1247, 923, 932, 1208
1065, 923, 932, 1208
1049, 932, 1065, 1208
1049, 932, 1208, 1247
1049, 1065, 1102, 1208
1247, 1273, 1417, 1248
1049, 1247, 1248, 1273
1049, 982, 1273, 1248
1049, 1208, 1247, 1273
846, 639, 705, 1007
846, 942, 1007, 1067
1067, 942, 1007, 1242
846, 639, 942, 1007
639, 867, 942, 1007
1067, 1166, 1331, 1242
846, 705, 899, 1166
1260, 947, 1166, 1384
846, 947, 1067, 1166
1260, 899, 947, 1166
846, 899, 947, 1166
1260, 899, 1056, 1166
705, 899, 1056, 1166
705, 871, 1166, 1056
1007, 705, 846, 1166
1007, 846, 1067, 1166
1007, 1067, 1166, 1242
1007, 871, 705, 1166
942, 1356, 867, 1242
1356, 867, 1242, 1468
1356, 867, 1397, 1468
942, 1356, 867, 1007
942, 1356, 1007, 1242
1007, 1166, 1242, 1356
1432, 1384, 1485, 1712
1384, 1783, 1485, 1712
1384, 1783, 1485, 1753
1384, 1485, 1505, 1753
1505, 1485, 1713, 1753
1432, 1404, 1234, 1485
1432, 947, 1384, 1485
1432, 1404, 947, 1485
1404, 947, 1331, 1485
1067, 1485, 947, 1331
1432, 1515, 1485, 1712
1432, 1234, 1485, 1515
1404, 1515, 1234, 1485
1485, 1242, 1468, 1651
1485, 1242, 1609, 1651
1485, 1609, 1651, 1696
1485, 1651, 1696, 1874
1485, 1651, 1799, 1874
1485, 1696, 1712, 1783
1485, 1696, 1783, 1874
1485, 1713, 1753, 1783
1485, 1713, 1783, 1874
1485, 1713, 1799, 1874
1404, 1427, 1331, 1485
1331, 1242, 1427, 1485
1404, 1515, 1427, 1485
1515, 1427, 1485, 1712
1485, 1242, 1427, 1609
1485, 1427, 1609, 1696
1485, 1427, 1696, 1712
1166, 947, 1384, 1485
1166, 1384, 1485, 1505
1166, 1067, 1485, 947
1166, 1067, 1485, 1331
1166, 1331, 1242, 1485
1485, 1242, 1356, 1468
1166, 1242, 1356, 1485
1555, 1468, 1616, 1651
1555, 1616, 1651, 1799
1555, 1616, 1799, 1817
1555, 1713, 1778, 1817
1555, 1713, 1799, 1817
1543, 1555, 1616, 1817
1543, 1555, 1778, 1817
1007, 1166, 1356, 1555
1505, 1485, 1555, 1713
1485, 1468, 1555, 1651
1485, 1555, 1651, 1799
1485, 1555, 1713, 1799
1166, 1485, 1505, 1555
1485, 1356, 1468, 1555
1166, 1356, 1485, 1555
1166, 1505, 1555, 1570
1555, 1505, 1570, 1713
1555, 1543, 1570, 1778
1555, 1570, 1713, 1778
1555, 1570, 1616, 1543
1210, 867, 943, 1397
1210, 943, 1295, 1397
1210, 1020, 943, 1295
1356, 867, 1210, 1397
1007, 867, 1210, 1356
1166, 1355, 1007, 1555
1007, 1355, 1356, 1555
1166, 1355, 1555, 1570
1210, 1007, 1355, 1356
1411, 1397, 1616, 1295
1411, 1397, 1616, 1468
1411, 1295, 1543, 1616
1411, 1356, 1397, 1468
1411, 1468, 1555, 1616
1411, 1356, 1468, 1555
1570, 1616, 1411, 1543
1555, 1570, 1616, 1411
1210, 1295, 1397, 1411
1210, 1356, 1397, 1411
1210, 1355, 1356, 1411
1355, 1356, 1411, 1555
1355, 1411, 1555, 1570
1102, 833, 1085, 1227
1102, 830, 924, 1085
1102, 830, 833, 1085
833, 1010, 1085, 1227
833, 830, 1010, 1085
830, 1010, 1039, 1085
924, 830, 1015, 1085
924, 1015, 1085, 1103
830, 1015, 1039, 1085
1227, 1010, 1085, 1234
1085, 1010, 1039, 1234
1227, 1085, 1234, 1592
1049, 924, 1085, 1102
1049, 1103, 924, 1085
1049, 1085, 1102, 1208
1085, 1102, 1208, 1227
1248, 982, 1254, 1165
982, 669, 924, 1165
982, 1254, 1066, 1165
1254, 1066, 1497, 1165
982, 669, 1066, 1165
924, 669, 1103, 1165
669, 1066, 1103, 1165
1497, 1165, 1451, 1066
1066, 1103, 1165, 1194
1066, 1194, 1451, 1165
1497, 1165, 1451, 1189
1451, 1194, 1165, 1189
1103, 1165, 1173, 1194
1194, 1165, 1173, 1189
1049, 924, 982, 1165
1049, 1103, 924, 1165
1049, 982, 1273, 1165
1085, 1049, 1103, 1165
1103, 747, 1015, 1294
1103, 747, 1173, 1294
1466, 1173, 1076, 1294
1015, 747, 1076, 1294
1294, 747, 1076, 1173
1466, 1173, 1294, 1445
1294, 1445, 1664, 1712
1294, 1173, 1445, 1664
1294, 1664, 1688, 1712
1085, 1015, 1103, 1294
1085, 1103, 1165, 1294
1165, 1103, 1173, 1294
1049, 1208, 1273, 1319
1085, 1049, 1319, 1208
1085, 1049, 1319, 1165
1165, 1049, 1273, 1319
1294, 1319, 1085, 1165
1483, 1688, 1565, 1717
1483, 1688, 1664, 1717
1085, 1294, 1483, 1565
1294, 1319, 1483, 1085
1294, 1319, 1165, 1483
1387, 1780, 1488, 1744
1247, 1417, 1387, 1488
1387, 1488, 1417, 1744
1417, 1488, 1709, 1744
1248, 1417, 1254, 1488
1417, 1488, 1497, 1709
1417, 1254, 1488, 1497
1247, 1387, 1624, 1488
1387, 1624, 1488, 1780
1247, 1488, 1492, 1624
1488, 1898, 1709, 1717
1488, 1173, 1189, 1664
1624, 1488, 1728, 1780
1488, 1898, 1709, 1728
1488, 1898, 1717, 1728
1208, 1247, 1488, 1492
1208, 1247, 1273, 1488
1273, 982, 1488, 1248
1273, 1417, 1247, 1488
1273, 1417, 1248, 1488
1165, 1173, 1189, 1488
1165, 1189, 1488, 1497
1165, 1254, 1488, 1497
1165, 1248, 982, 1488
1165, 1248, 1254, 1488
1165, 982, 1488, 1273
1165, 1173, 1294, 1488
1294, 1173, 1488, 1664
1165, 1273, 1319, 1488
1165, 1208, 1319, 1488
1319, 1208, 1273, 1488
1483, 1488, 1664, 1717
1165, 1294, 1488, 1483
1294, 1483, 1488, 1664
725, 639, 867, 925
725, 867, 925, 943
725, 639, 871, 925
871, 705, 925, 639
925, 639, 867, 1007
925, 705, 639, 1007
925, 705, 871, 1007
925, 871, 1166, 1056
925, 871, 1007, 1166
925, 867, 943, 1210
925, 867, 1007, 1210
925, 1007, 1166, 1355
925, 1007, 1210, 1355
443, 828, 929, 616
725, 443, 616, 929
725, 733, 443, 929
725, 733, 929, 943
725, 616, 871, 929
871, 616, 828, 929
929, 733, 943, 1020
929, 1020, 1210, 943
929, 1020, 1210, 1295
925, 725, 871, 929
925, 725, 929, 943
925, 929, 943, 1210
1201, 1056, 1218, 1111
737, 1056, 1218, 1111
443, 828, 1159, 1111
1111, 1159, 1201, 1218
871, 737, 1056, 1111
871, 1159, 828, 1111
737, 1035, 1111, 1218
1111, 1035, 1159, 1218
871, 737, 1035, 1111
871, 1159, 1035, 1111
929, 828, 871, 1111
960, 1080, 1152, 1191
1080, 1152, 1170, 1191
960, 743, 1080, 1191
960, 743, 973, 1191
1093, 743, 1191, 1197
960, 973, 1094, 1191
1094, 1212, 973, 1191
960, 1094, 1152, 1191
973, 1212, 662, 1191
1479, 662, 1191, 1408
973, 662, 743, 1191
662, 1093, 743, 1191
1479, 662, 1191, 1197
662, 1093, 1191, 1197
1094, 1212, 662, 1191
1094, 662, 1191, 1408
1286, 743, 998, 1191
1080, 1170, 1191, 1204
1080, 743, 1191, 1204
998, 743, 1191, 1204
1170, 1238, 1349, 1534
1534, 1238, 1349, 1561
800, 1170, 1238, 1349
800, 1170, 1204, 1349
1238, 1314, 1349, 1561
800, 1238, 1314, 1349
998, 1286, 1314, 1349
800, 1204, 1314, 1349
998, 1349, 1204, 1314
1191, 998, 1204, 1349
1191, 998, 1286, 1349
1191, 1170, 1204, 1349
1292, 1692, 1461, 1581
1292, 1692, 1461, 1524
1292, 1524, 1390, 1461
1461, 1257, 1524, 1390
1461, 1524, 1692, 1554
1461, 1554, 1594, 1692
1461, 1257, 1269, 1286
1461, 1257, 1524, 1269
1461, 1269, 1524, 1554
1292, 1408, 1461, 1581
1461, 743, 1257, 1286
1292, 1197, 1390, 1461
1461, 1197, 1257, 1390
1479, 1461, 1197, 1408
1292, 1197, 1408, 1461
1461, 743, 1197, 1257
1461, 1314, 1561, 1594
1461, 1314, 1554, 1594
1461, 1269, 1286, 1314
1461, 1269, 1314, 1554
1191, 743, 1197, 1461
1191, 743, 1286, 1461
1191, 1461, 1479, 1197
1191, 1286, 1349, 1461
1349, 1286, 1314, 1461
1349, 1314, 1461, 1561
1099, 1401, 1152, 1478
1094, 1099, 1401, 1478
1094, 1401, 1408, 1478
1094, 1099, 1152, 1478
1191, 1094, 1152, 1478
1191, 1094, 1408, 1478
1191, 1478, 1479, 1408
1191, 1478, 1479, 1461
1349, 1478, 1191, 1461
1461, 1478, 1479, 1408
1575, 1541, 1581, 1813
1315, 1541, 1575, 1611
1575, 1541, 1611, 1813
1315, 1256, 1541, 1611
1170, 1256, 1534, 1541
1611, 1256, 1534, 1541
1611, 1541, 1561, 1813
1611, 1534, 1541, 1561
1561, 1541, 1594, 1813
1594, 1541, 1692, 1813
1315, 1401, 1541, 1575
1575, 1408, 1541, 1581
1575, 1401, 1408, 1541
1315, 1152, 1256, 1541
1170, 1152, 1256, 1541
1315, 1152, 1401, 1541
1541, 1581, 1692, 1813
1191, 1152, 1170, 1541
1191, 1170, 1349, 1541
1349, 1170, 1534, 1541
1349, 1534, 1541, 1561
1349, 1461, 1541, 1561
1461, 1408, 1541, 1581
1461, 1541, 1561, 1594
1461, 1541, 1581, 1692
1461, 1541, 1594, 1692
1191, 1152, 1478, 1541
1349, 1478, 1541, 1191
1349, 1478, 1461, 1541
1461, 1478, 1408, 1541
1478, 1152, 1401, 1541
1478, 1401, 1408, 1541
1444, 1201, 1341, 1056
1482, 1265, 1281, 1341
1444, 1218, 1341, 1482
1444, 1201, 1341, 1218
1482, 1218, 1265, 1341
1281, 1159, 1265, 1341
1201, 1159, 1218, 1341
1218, 1159, 1265, 1341
925, 871, 1056, 1341
925, 871, 929, 1341
929, 871, 1111, 1341
1111, 1201, 1056, 1341
1111, 1281, 1159, 1341
1111, 1159, 1201, 1341
1111, 871, 1056, 1341
1355, 1166, 1362, 1570
1210, 1362, 1355, 1411
1355, 1362, 1411, 1570
925, 1166, 1355, 1362
925, 1210, 1355, 1362
1362, 1210, 929, 925
925, 1111, 1362, 929
1341, 929, 1111, 1362
1260, 1383, 1424, 1498
1260, 1233, 1383, 1424
1260, 1384, 1498, 1383
1424, 1383, 1425, 1498
1498, 1383, 1425, 1752
1383, 1881, 1710, 1753
1424, 1444, 1383, 1425
1384, 1383, 1505, 1753
1425, 1383, 1650, 1752
1383, 1650, 1752, 1865
1425, 1383, 1444, 1650
1260, 1233, 1383, 1056
1424, 1233, 1383, 1056
1424, 1444, 1056, 1383
1498, 1710, 1383, 1625
1498, 1384, 1383, 1625
1384, 1383, 1625, 1753
1383, 1881, 1625, 1710
1383, 1881, 1625, 1753
1640, 1383, 1710, 1752
1640, 1498, 1710, 1383
1640, 1383, 1498, 1752
1260, 1166, 1383, 1384
1384, 1166, 1383, 1505
1260, 1056, 1166, 1383
925, 1056, 1166, 1383
925, 1056, 1341, 1383
1341, 1056, 1383, 1444
1362, 925, 1166, 1383
1444, 1482, 1552, 1650
1650, 1482, 1552, 1766
1482, 1281, 1552, 1766
1341, 1281, 1482, 1552
1341, 1444, 1482, 1552
1341, 1383, 1444, 1552
1383, 1444, 1552, 1650
1128, 771, 1076, 1359
1359, 771, 1076, 1445
1630, 1368, 1456, 1597
1630, 1368, 1445, 1456
1456, 771, 1368, 1445
1359, 771, 1398, 1456
1359, 771, 1445, 1456
1456, 771, 1368, 1398
1456, 1368, 1398, 1567
1456, 1368, 1567, 1597
1220, 1072, 1097, 1182
1127, 711, 1072, 733
1127, 711, 1072, 1097
1220, 711, 1072, 1097
1220, 711, 1072, 1182
1072, 711, 733, 1020
711, 1072, 1097, 1182
929, 733, 1020, 1072
929, 1295, 1020, 1072
929, 1295, 1072, 1210
1281, 1127, 1167, 1168
1168, 443, 1167, 1127
1168, 443, 711, 1167
1168, 443, 733, 1127
643, 711, 1168, 1167
996, 1167, 1281, 1168
996, 1159, 1168, 1281
996, 443, 1159, 1168
643, 443, 996, 1168
643, 1168, 996, 1167
929, 443, 733, 1168
929, 828, 443, 1168
1111, 1281, 1159, 1168
1111, 443, 828, 1168
1111, 443, 1159, 1168
925, 929, 1111, 1168
929, 828, 1111, 1168
925, 929, 1341, 1168
925, 1111, 1168, 1341
1111, 1281, 1168, 1341
1072, 733, 929, 1168
1072, 733, 1127, 1168
1072, 1465, 1127, 1168
1168, 1127, 1281, 1465
1127, 1097, 1282, 1405
1127, 1657, 1282, 1405
1405, 1097, 1282, 1506
1405, 1282, 1506, 1657
1282, 1097, 1182, 1506
1282, 1657, 1706, 1714
1543, 1282, 1499, 1706
1543, 1282, 1706, 1714
1072, 1020, 1282, 1295
1072, 1097, 1127, 1282
1072, 1465, 1127, 1282
1282, 1072, 1097, 1182
1282, 1465, 1657, 1714
1282, 1127, 1657, 1465
1543, 1428, 1499, 1295
1210, 1295, 1411, 1428
1411, 1295, 1428, 1543
1411, 1428, 1543, 1570
929, 1210, 1362, 1428
1362, 1210, 1411, 1428
1362, 1411, 1428, 1570
1341, 929, 1362, 1428
1072, 1210, 1295, 1428
1428, 1465, 1168, 1072
1168, 929, 1341, 1428
1428, 1465, 1072, 1282
1428, 1465, 1282, 1168
1282, 1428, 1543, 1714
1282, 1428, 1499, 1543
1428, 1570, 1714, 1543
925, 1111, 1341, 1433
1341, 1111, 1362, 1433
1362, 925, 1111, 1433
1341, 925, 1383, 1433
1362, 925, 1383, 1433
1341, 1281, 1433, 1552
1341, 1383, 1433, 1552
1362, 1552, 1433, 1383
1433, 1281, 1552, 1766
1341, 1168, 1281, 1433
1168, 1281, 1433, 1465
1168, 1282, 1433, 1465
1282, 1433, 1465, 1714
1168, 1341, 1428, 1433
1168, 1282, 1428, 1433
1282, 1433, 1428, 1714
1428, 1341, 1362, 1433
1433, 1281, 1465, 1766
1505, 1578, 1713, 1753
1650, 1578, 1766, 1865
1578, 1713, 1753, 1865
1578, 1713, 1766, 1778
1578, 1713, 1766, 1865
1578, 1714, 1766, 1778
1543, 1578, 1714, 1778
1505, 1570, 1578, 1713
1570, 1578, 1713, 1778
1570, 1714, 1543, 1578
1570, 1543, 1578, 1778
1166, 1505, 1570, 1578
1362, 1166, 1570, 1578
1362, 1166, 1383, 1578
1383, 1166, 1505, 1578
1383, 1505, 1578, 1753
1383, 1578, 1650, 1865
1383, 1578, 1753, 1865
1362, 1552, 1383, 1578
1383, 1552, 1578, 1650
1552, 1578, 1650, 1766
1428, 1362, 1570, 1578
1428, 1570, 1714, 1578
1362, 1552, 1578, 1433
1433, 1552, 1578, 1766
1428, 1362, 1433, 1578
1428, 1433, 1578, 1714
1450, 1249, 1454, 1493
1450, 1249, 1454, 1189
1249, 1454, 1189, 1493
1450, 1454, 1365, 1493
1365, 1454, 1890, 1493
1451, 1454, 1189, 1365
1450, 1454, 1189, 1365
1189, 1493, 1454, 1521
1454, 1879, 1878, 1733
1454, 1493, 1733, 1878
1454, 1521, 1189, 1733
1454, 1890, 1365, 1878
1454, 1890, 1493, 1878
1454, 1760, 1365, 1878
1497, 1451, 1663, 1709
1451, 1663, 1709, 1760
1497, 1189, 1451, 1663
1451, 1365, 1663, 1760
1497, 1488, 1663, 1709
1663, 1488, 1709, 1717
1497, 1189, 1488, 1663
1663, 1488, 1664, 1717
1663, 1189, 1488, 1664
1454, 1879, 1663, 1878
1454, 1879, 1733, 1663
1454, 1189, 1663, 1733
1454, 1451, 1189, 1663
1454, 1451, 1365, 1663
1454, 1365, 1663, 1760
1454, 1760, 1663, 1878
1663, 1189, 1664, 1733
1663, 1664, 1717, 1733
1663, 1717, 1733, 1879
1039, 1015, 1128, 1367
1039, 1128, 1234, 1367
1128, 1015, 1076, 1367
1466, 1076, 1367, 1445
1085, 1015, 1039, 1367
1085, 1039, 1234, 1367
1466, 1076, 1294, 1367
1015, 1076, 1294, 1367
1466, 1294, 1367, 1445
1085, 1015, 1294, 1367
1085, 1294, 1367, 1565
1128, 1076, 1359, 1367
1359, 1076, 1367, 1445
1367, 1294, 1445, 1712
1085, 1234, 1560, 1592
1367, 1085, 1234, 1560
1560, 1234, 1592, 1712
1630, 1456, 1586, 1597
1630, 1445, 1456, 1586
1359, 1445, 1456, 1586
1367, 1359, 1445, 1586
1367, 1445, 1586, 1712
1586, 1445, 1630, 1712
1586, 1597, 1630, 1712
1227, 1596, 1682, 1702
1227, 1592, 1596, 1682
1492, 1227, 1596, 1624
1227, 1596, 1624, 1702
1596, 1872, 1624, 1728
1208, 1227, 1492, 1596
1085, 1227, 1592, 1596
1085, 1208, 1227, 1596
1085, 1319, 1208, 1596
1165, 1208, 1319, 1596
1483, 1565, 1596, 1717
1085, 1483, 1565, 1596
1085, 1319, 1483, 1596
1165, 1319, 1483, 1596
1208, 1488, 1492, 1596
1488, 1492, 1596, 1624
1488, 1596, 1624, 1728
1488, 1596, 1717, 1728
1165, 1208, 1488, 1596
1483, 1488, 1596, 1717
1165, 1596, 1483, 1488
1367, 1085, 1565, 1596
1367, 1085, 1560, 1596
1560, 1085, 1592, 1596
1560, 1592, 1596, 1712
1596, 1565, 1712, 1717
1596, 1592, 1682, 1712
1596, 1624, 1702, 1712
1596, 1682, 1702, 1712
1596, 1712, 1717, 1728
1596, 1872, 1624, 1712
1596, 1872, 1712, 1728
1294, 1565, 1656, 1688
1367, 1656, 1294, 1565
1367, 1656, 1294, 1712
1367, 1586, 1656, 1712
1560, 1656, 1712, 1586
1560, 1656, 1586, 1367
1367, 1596, 1656, 1565
1560, 1656, 1596, 1712
1560, 1656, 1367, 1596
1596, 1656, 1565, 1712
1656, 1565, 1688, 1712
1656, 1294, 1688, 1712
1160, 1426, 1128, 1276
1160, 1426, 1128, 1234
1160, 1426, 1234, 1276
1234, 1426, 1515, 1712
1515, 1695, 1426, 1678
1515, 1695, 1426, 1712
1276, 1250, 1426, 1427
1276, 1234, 1426, 1427
1234, 1426, 1515, 1427
1515, 1426, 1427, 1678
1128, 1234, 1367, 1426
1367, 1234, 1560, 1426
1560, 1234, 1426, 1712
1560, 1695, 1426, 1712
1426, 1250, 1276, 1277
1426, 1250, 1277, 1571
1426, 1571, 1678, 1695
1426, 1427, 1571, 1250
1426, 1427, 1571, 1678
1128, 771, 1276, 1474
1359, 771, 1128, 1474
1359, 771, 1398, 1474
1359, 1128, 1367, 1474
1367, 1359, 1474, 1586
1367, 1474, 1560, 1586
1426, 1128, 1276, 1474
1426, 1128, 1367, 1474
1426, 1276, 1277, 1474
1426, 1367, 1474, 1560
1474, 771, 1276, 1277
1474, 771, 1277, 1398
1474, 1683, 1398, 1571
1474, 1277, 1398, 1571
1456, 1567, 1597, 1629
1629, 1567, 1597, 1683
1629, 1597, 1683, 1712
1629, 1683, 1695, 1712
1560, 1695, 1629, 1712
1359, 1456, 1586, 1629
1456, 1586, 1597, 1629
1560, 1586, 1629, 1712
1586, 1597, 1629, 1712
1277, 1629, 1571, 1426
1426, 1571, 1629, 1695
1426, 1560, 1695, 1629
1277, 1629, 1474, 1571
1277, 1629, 1426, 1474
1426, 1474, 1560, 1629
1474, 1359, 1398, 1629
1474, 1359, 1586, 1629
1474, 1560, 1586, 1629
1474, 1683, 1398, 1629
1474, 1571, 1629, 1683
1629, 1359, 1398, 1456
1629, 1398, 1456, 1567
1629, 1398, 1567, 1683
1629, 1571, 1683, 1695
662, 1094, 1192, 1420
662, 1192, 1363, 1420
149, 168, 173, 435
149, 173, 435, 458
168, 173, 435, 458
662, 915, 1363, 1613
662, 915, 1487, 1613
662, 1363, 1487, 1613
1381, 1396, 1517, 1546
1381, 1396, 1546, 1648
1381, 1517, 1546, 1648
1565, 1688, 1712, 1717
1294, 1483, 1565, 1664
1294, 1565, 1664, 1688
1483, 1565, 1664, 1688
1454, 1493, 1521, 1798
1454, 1493, 1733, 1798
1454, 1521, 1733, 1798
1493, 1521, 1733, 1798
1156, 1175, 1288, 1521
1156, 1175, 1493, 1521
1175, 1288, 1493, 1521
737, 936, 996, 1218
737, 996, 1035, 1218
936, 996, 1035, 1218
12, 439, 480, 577
12, 439, 530, 577
12, 480, 530, 577
425, 577, 601, 612
425, 577, 612, 628
577, 601, 612, 628
677, 791, 792, 1329
677, 792, 987, 1329
791, 792, 987, 1329
1433, 1465, 1578, 1714
1433, 1465, 1578, 1766
1465, 1578, 1714, 1766
1322, 1393, 1527, 1644
1393, 1489, 1527, 1644
667, 718, 777, 825
667, 777, 825, 926
718, 777, 825, 926
574, 914, 1009, 1088
574, 1009, 1088, 1287
914, 1009, 1088, 1287
929, 1072, 1168, 1210
929, 1168, 1210, 1428
1072, 1168, 1210, 1428
443, 643, 711, 1168
820, 934, 996, 1203
820, 934, 1104, 1203
934, 996, 1104, 1203
1072, 1282, 1295, 1499
1072, 1282, 1428, 1499
1072, 1295, 1428, 1499
1293, 1584, 1613, 1851
1293, 1584, 1820, 1851
1293, 1613, 1820, 1851
1584, 1613, 1820, 1851
1503, 1504, 1584, 1876
1503, 1584, 1613, 1876
1504, 1584, 1613, 1876
101, 118, 120, 127
101, 118, 120, 404
82, 89, 101, 393
89, 101, 393, 416
101, 113, 118, 127
101, 113, 118, 404
113, 118, 127, 404
102, 103, 121, 142
102, 121, 142, 368
103, 121, 142, 368
1624, 1712, 1727, 1906
1624, 1727, 1781, 1906
1712, 1727, 1781, 1906
1527, 1626, 1644, 1840
1527, 1626, 1719, 1840
1527, 1644, 1719, 1840
547, 548, 555, 796
547, 548, 792, 796
547, 555, 792, 796
809, 868, 926, 1412
809, 926, 1369, 1412
868, 926, 1369, 1412
869, 926, 965, 1369
869, 965, 1118, 1369
926, 965, 1118, 1369
684, 724, 1013, 1144
684, 1013, 1034, 1144
12, 480, 748, 749
12, 480, 748, 831
12, 748, 749, 831
280, 307, 320, 397
280, 307, 320, 443
280, 320, 397, 443
307, 320, 397, 443
315, 454, 543, 689
315, 454, 689, 930
454, 543, 689, 930
1025, 1309, 1457, 1528
1025, 1309, 1489, 1528
1025, 1457, 1489, 1528
